phase	source	target_crate	target	operation	preparation	source_sha256	declared_types
02	database/src/casbin_adapter.rs	erp-identity	crates/erp-identity/src/repository/casbin_adapter.rs	move		2afac4d79596b67ba907cb0d9b12a8b2df07e71e82642daab4d3fa435d721493	CasbinPolicyState,CasbinRule,MongoCasbinAdapter
01	database/src/connection.rs	persistence-core	crates/persistence-core/src/connection.rs	move		fdcb36451fb0dfaeb45aa9155a6faec76bc6bf6adf97584b713acf1376f8c4f0	-
01	database/src/errors.rs	persistence-core	crates/persistence-core/src/errors.rs	move		5ae8a1312fa5eb408eccb36c59d6021ed143385d8c27bdfbddd6a705362e6b50	Error,Result
01	database/src/executor.rs	persistence-core	crates/persistence-core/src/executor.rs	move		d7f18681920bb0f7356687953043ea004f2c96b0a3219f4cb8a46242a7303a2d	Executor,NoTransaction
02	database/src/indexes/access_control.rs	erp-identity	crates/erp-identity/src/indexes/access_control.rs	move-with-owned-repositories	01	d2e1cc3f5729184cb20dc444719d4f7fcc55c39bd22f3ab1b3afae8a92919614	-
03	database/src/indexes/approval_integration.rs	erp-workflow	crates/erp-workflow/src/indexes/approval_integration.rs	move-with-owned-repositories	01	6f2ae90886d19357472031597aa98a0ad98f6ed13ab3442c67fa82c925b8738e	-
03	database/src/indexes/bpm.rs	erp-workflow	crates/erp-workflow/src/indexes/bpm.rs	move-with-owned-repositories	01	aaa828634aac986ba51a766f9b8d2f93db0b09a597291bfb9c91709f79d37ecd	-
04	database/src/indexes/bulk_job.rs	erp-support	crates/erp-support/src/indexes/bulk_job.rs	move-with-owned-repositories	01	f922118d33a21d48f28a6836cf9b386d72c2781a75483deddfca149e63fcfdcb	-
06	database/src/indexes/catalog.rs	erp-catalog	crates/erp-catalog/src/indexes/catalog.rs	move-with-owned-repositories	01	7c4a94f9d32824b39365744a67f3b255e6a10d2fa2e044db556cae931ec224fd	-
06	database/src/indexes/contract.rs	erp-contract	crates/erp-contract/src/indexes/contract.rs	move-with-owned-repositories	01	72e7f646dd4324c64a653b24715f006e899620b36a7a5ac3f9012b4c4491d846	-
09	database/src/indexes/cost.rs	erp-finance	crates/erp-finance/src/indexes/cost.rs	move-with-owned-repositories	01	68b54af0c652b264ae493fd3c2a258999e530ad3a6c03f13a9119ba573ce1971	-
05	database/src/indexes/customer.rs	erp-customer	crates/erp-customer/src/indexes/customer.rs	move-with-owned-repositories	01	5f7eabf5d238f98836f1a18301e5ddfe5823ac99d4bcda361cfc63233d0a8eee	-
03	database/src/indexes/document_registry.rs	erp-workflow	crates/erp-workflow/src/indexes/document_registry.rs	move-with-owned-repositories	01	e8661f7950d37798bfd7ef5aa45e822c9988b7ed02c58eca7476fbf0239b114e	-
04	database/src/indexes/file_asset.rs	erp-support	crates/erp-support/src/indexes/file_asset.rs	move-with-owned-repositories	01	cfb4b66ba6d4d2a6c0ed1d7908f358183c108429919d63e4a27b9c33a8018ebf	-
12	database/src/indexes/fulfillment.rs	erp-fulfillment	crates/erp-fulfillment/src/indexes/fulfillment.rs	move-with-owned-repositories	01	f4390f71a5ed8615ddf802a8660f7fb006aa3e7a7e764c9dcf838919076038ac	-
14	database/src/indexes/integration_ops.rs	erp-integration	crates/erp-integration/src/indexes/integration_ops.rs	move-with-owned-repositories	01	050a9399d271b7110232f2d00bcaeceea652e53923ac866eea2973e822b0647b	-
08	database/src/indexes/inventory.rs	erp-inventory	crates/erp-inventory/src/indexes/inventory.rs	move-with-owned-repositories	01	01baafefa9fd9df2752a9b067bbec14641a3566646740277362f4cc4f5bcb422	-
07	database/src/indexes/legacy_import.rs	erp-import	crates/erp-import/src/indexes/legacy_import.rs	move-with-owned-repositories	01	484b12eef7312c8bad6dcea9c805bb53470cc814d669f5bb90dd1fce2df5d21c	-
17	database/src/indexes/mod.rs			remove-legacy-registry	01-16	baed5101b4ac0c748ea05c99ea966bcae0d341535d5bcb5036531caf195fb27c	-
05	database/src/indexes/party.rs	erp-party	crates/erp-party/src/indexes/party.rs	move-with-owned-repositories	01	7b034bae04a7012d6550ad959c90dbf516836bdb612bfe718e57ddf7ce04ed6f	DuplicatePartyId
09	database/src/indexes/payable.rs	erp-finance	crates/erp-finance/src/indexes/payable.rs	move-with-owned-repositories	01	60ca9be23b4025922f2a12ee99cfb2602aea53b3511fca0d817e7ca862e60b94	-
11	database/src/indexes/procurement_responsibility.rs	erp-procurement	crates/erp-procurement/src/indexes/procurement_responsibility.rs	move-with-owned-repositories	01	9c3fbbd0017ff8cc24ea2d75c2312331a0076e47a7d4a572590b0627160255ae	-
11	database/src/indexes/purchase_order.rs	erp-procurement	crates/erp-procurement/src/indexes/purchase_order.rs	move-with-owned-repositories	01	ee27c5de6953d12aafe0590cc89591dd49d949586b96456e04ed204fafcc7049	-
09	database/src/indexes/receivable.rs	erp-finance	crates/erp-finance/src/indexes/receivable.rs	move-with-owned-repositories	01	0e487410ee18a6a4b9e1cd8eb06ac37da03a66684b7fe1f26d8f31f625141f95	-
13	database/src/indexes/returns.rs	erp-returns	crates/erp-returns/src/indexes/returns.rs	move-with-owned-repositories	01	3b8e325cee3b39b218d6dde10482d2e9ddba13405c08dd97789f598fd946fa9c	-
10	database/src/indexes/sales_order.rs	erp-sales	crates/erp-sales/src/indexes/sales_order.rs	move-with-owned-repositories	01	d0ed46956304b315105f05c21e54cabb4dd8d915f6205b18e9c62ec63ef0ae75	-
10	database/src/indexes/sales_review.rs	erp-sales	crates/erp-sales/src/indexes/sales_review.rs	move-with-owned-repositories	01	20c1baf42b62eabdf8c1e599ddb999ac1f6291b49360a18db51a4b3cbf23c906	-
04	database/src/indexes/source_registry.rs	erp-support	crates/erp-support/src/indexes/source_registry.rs	move-with-owned-repositories	01	d09aee75d61e82597b6426f319dff7037015aa4bad80b17aed4543ac20300a4b	-
05	database/src/indexes/supplier.rs	erp-supplier	crates/erp-supplier/src/indexes/supplier.rs	move-with-owned-repositories	01	7e8ca51241592ed17e1366a4554d102ad75935d8bf173abd440f3c3f30bfd23f	-
16	database/src/indexes/supplier_api.rs	erp-supply	crates/erp-supply/src/indexes/supplier_api.rs	move-with-owned-repositories	01	6792418ac904ae084f22280e894c0478ff19c17d0070c88609a5fe174f2f654b	-
16	database/src/indexes/supplier_fulfillment.rs	erp-supply	crates/erp-supply/src/indexes/supplier_fulfillment.rs	move-with-owned-repositories	01	06a96c3afc09f1a6bee6ed164ad4fbcbce2c400fa8fdbfa27403290b6b56b985	-
16	database/src/indexes/supplier_offering.rs	erp-supply	crates/erp-supply/src/indexes/supplier_offering.rs	move-with-owned-repositories	01	5dc6741f7279b7d156f1bc02cd122f80a313517eee2ad1c35685e4e7147c1721	-
16	database/src/indexes/supplier_settlement.rs	erp-supply	crates/erp-supply/src/indexes/supplier_settlement.rs	move-with-owned-repositories	01	b84afa8adc1d619a17d14b7c6cbdfad7fa117253d3e30147f0e5af723cce1bd0	-
06	database/src/indexes/warehouse.rs	erp-warehouse	crates/erp-warehouse/src/indexes/warehouse.rs	move-with-owned-repositories	01	85f9af59be54ab5a85bde9661f6256d49c533eb8e08c671c9ff8627a2c8bdc31	-
03	database/src/indexes/work_item.rs	erp-workflow	crates/erp-workflow/src/indexes/work_item.rs	move-with-owned-repositories	01	dc6141ba15bbb56a88208aa0eb7531d0971475c0534bb8b67b6cde79841c4412	-
17	database/src/lib.rs			remove-production-entry	01-16	da3486e7b241a25a85f92caf63bf21a12f5351e625ba1f5f0348c359cca058ee	-
01	database/src/mongo_ops.rs	persistence-core	crates/persistence-core/src/mongo_ops.rs	move		94ede2899af748757462ec658731e1d6ca90a80650b6744f962a18d41bc06feb	-
02	database/src/repository/access_control.rs	erp-identity	crates/erp-identity/src/repository/access_control.rs	move-with-owned-repositories	01	68db76bef5764d65561d60570544f4d8073bb3294719c07a5320c652536d838a	PermissionRow,PermissionFilter,DataScopeRow,DataScopeFilter,AuditEventRow,AuditEventFilter,AccessControlRepository
02	database/src/repository/account_core.rs	erp-identity	crates/erp-identity/src/repository/account_core.rs	move-with-owned-repositories	01	ffd25d194b1e6cf0578d89248d1edd279ec41cd228d7cad16bf1544bd6719214	-
03	database/src/repository/approval_integration.rs	erp-workflow	crates/erp-workflow/src/repository/approval_integration.rs	move-with-owned-repositories	01	49ae8a364478c14a7980decf94da44fd58e44cef19ea8d38d99effaa8d917274	ApprovalRuntimeReadTypeScope,ApprovalRuntimeReadScope,ApprovalRuntimeReadRow,ApprovalRuntimeReadPage,ApprovalRuntimeReadRepository,ApprovalRuntimeReadFacet,ApprovalRuntimeReadCount
02	database/src/repository/audit_log.rs	erp-audit	crates/erp-audit/src/repository/audit_log.rs	move-with-owned-repositories	01	3b9a0b4d7ff3387d76865b103e6400d2a497aa6c00a8c754957acea5c3ef10a2	CommandReceiptRow,SeparationAuditFact,AuditLogFilter
01	database/src/repository/base.rs	persistence-core	crates/persistence-core/src/repository/base.rs	split-owned-repositories		d2afc9992bdf70f9f4c71d02951d95c018b360cfe34c63bb87acb2b4583de2e3	QueryFilter,Pagination,PageResult,Repository,WriteMetadata,TestPagination
03	database/src/repository/bpm.rs	erp-workflow	crates/erp-workflow/src/repository/bpm.rs	move-with-owned-repositories	01	e3e8625983b28aef57530637668d73792943b41a315ce1e1e9afdf033e142f73	CasWriteOutcome,AssignDocumentNoOutcome,ApprovalInstanceListView,ApprovalInstanceListCursor,ApprovalInstanceListFilter,ApprovalInstanceTextQuery,ApprovalInstanceListProjection,ApprovalInstanceSummary,LatestDefinitionVersionProjection,DefinitionCatalogStatusFact,DefinitionCatalogRow,CasReplaceSpec,BpmWorkflowRepository
03	database/src/repository/bpm/cas.rs	erp-workflow	crates/erp-workflow/src/repository/bpm/cas.rs	move-with-owned-repositories	01	cd43e503157b034821e2b9a32ac9cf8964673fe16f30377c713acd236ec811cd	-
03	database/src/repository/bpm/definition_command.rs	erp-workflow	crates/erp-workflow/src/repository/bpm/definition_command.rs	move-with-owned-repositories	01	4ddc584c1f35ccb46f4001210edbcd30bc8f8b040e27f681ebe72d617796af43	-
03	database/src/repository/bpm/definition_query.rs	erp-workflow	crates/erp-workflow/src/repository/bpm/definition_query.rs	move-with-owned-repositories	01	827cf3ff6b4a538c5894f7118eed83d933f041f6df245b19b047a9805e466848	-
03	database/src/repository/bpm/execution_query.rs	erp-workflow	crates/erp-workflow/src/repository/bpm/execution_query.rs	move-with-owned-repositories	01	2f19bfd10cb1491cd16c1f1ae0d4ba79a07cacab9701cddf265a0a5aede41592	-
03	database/src/repository/bpm/instance_query.rs	erp-workflow	crates/erp-workflow/src/repository/bpm/instance_query.rs	move-with-owned-repositories	01	e932b0c6fdd0aae7540008a37e50391d10fd93fd356297712521ff11584c9a9e	-
03	database/src/repository/bpm/mongo_catalog_and_published.rs	erp-workflow	crates/erp-workflow/src/repository/bpm/mongo_catalog_and_published.rs	move-with-owned-repositories	01	16632fb8672304ebf4492fe9e6592bac34217a165fc82d0041306f0769c6313a	-
03	database/src/repository/bpm/runtime_write.rs	erp-workflow	crates/erp-workflow/src/repository/bpm/runtime_write.rs	move-with-owned-repositories	01	874da52c995ecc6008a2891928c0f5c476baf4e2eadcda280f1be5fe375a9bbe	-
03	database/src/repository/bpm/tests.rs	erp-workflow	crates/erp-workflow/src/repository/bpm/tests.rs	move-with-owned-repositories	01	718526497e3d9f11c52bc09861d7a3c5d2cedfdd61d1df2fdc24de9b2bd7d5a0	LockProbe
04	database/src/repository/bulk_job.rs	erp-support	crates/erp-support/src/repository/bulk_job.rs	move-with-owned-repositories	01	b5311575bdf4f81ab8dee50c3950c7daab35e63588d6b4e5327e4ad24b7fe84f	BackgroundJobRegistration,BulkSelectionSnapshotRow,BulkSelectionSnapshotFilter,BulkSelectionItemRow,BackgroundJobRow,BackgroundJobFilter,BackgroundJobItemRow,BulkJobRepository
06	database/src/repository/catalog/attribute.rs	erp-catalog	crates/erp-catalog/src/repository/catalog/attribute.rs	move-with-owned-repositories	01	3ee959e1212a2f7db6895959466ff04d47b4ae7c9540fa72f9dbf4270df829e4	SkuAttributeRow,SkuAttributeFilter,SkuAttributeValueRow,SkuAttributeValueFilter
06	database/src/repository/catalog/category.rs	erp-catalog	crates/erp-catalog/src/repository/catalog/category.rs	move-with-owned-repositories	01	44655fe93989cc7dd42bc198bae64678b532a4604df9875fee64e44435afbd9f	ProductCategoryRow,ProductCategoryFilter,ProductCategoryAttributeFilter
06	database/src/repository/catalog/dictionary.rs	erp-catalog	crates/erp-catalog/src/repository/catalog/dictionary.rs	move-with-owned-repositories	01	4f07cb2ccf582a275a082cf886267333b01c6ce6101590d461057ec0d38b7b8e	ProductBrandRow,ProductBrandFilter,UnitOfMeasureRow,UnitOfMeasureFilter,CatalogReferenceData
06	database/src/repository/catalog/listing.rs	erp-catalog	crates/erp-catalog/src/repository/catalog/listing.rs	move-with-owned-repositories	01	c53552a7ad232745a5f23831d042417af74a5e4e49471230a59741ac83030872	ProductListingSummary
06	database/src/repository/catalog/mod.rs	erp-catalog	crates/erp-catalog/src/repository/catalog/mod.rs	move-with-owned-repositories	01	10261bbdf93da0a8e318c25576251d5dc242253ecf241f558c02d9a28466eb34	CatalogRepository
06	database/src/repository/catalog/parent_chain.rs	erp-catalog	crates/erp-catalog/src/repository/catalog/parent_chain.rs	move-with-owned-repositories	01	38d4073a0c64ac9accee129c450927db8c8458f9c362869738f453ae18ebfc85	CategoryParentLink,CategoryParentChainFact,ParentChainAncestorRow,ParentChainAggregateRow
06	database/src/repository/catalog/product.rs	erp-catalog	crates/erp-catalog/src/repository/catalog/product.rs	move-with-owned-repositories	01	ee183ca358dc6db885855a330552d61598fd225c0e7b8cf21521c151cc912685	ProductRow,ProductFacet,ProductTotal,ProductFilter,ProductRevisionRow,ProductDisableSnapshot,ProductRevisionFilter
06	database/src/repository/catalog/product_pipeline.rs	erp-catalog	crates/erp-catalog/src/repository/catalog/product_pipeline.rs	move-with-owned-repositories	01	8830a8a1053a09a7c3624f0ed6a34c8c62fbcaf3a5b11124970515a102e05415	-
06	database/src/repository/catalog/sellable.rs	erp-catalog	crates/erp-catalog/src/repository/catalog/sellable.rs	move-with-owned-repositories	01	065aa0502f6cf7f18a1eb25d3b83dd8d3ded4debf00b3ab137eb28fe1207e619	SellableSkuFilter,SellableSkuRow,SellableSkuFacet,SellableSkuTotal
06	database/src/repository/catalog/shared.rs	erp-catalog	crates/erp-catalog/src/repository/catalog/shared.rs	move-with-owned-repositories	01	17fde3d88f2c03ba997d1227a42f78bdd5d38bc41a92709476e1cff344b302a6	-
06	database/src/repository/catalog/sku.rs	erp-catalog	crates/erp-catalog/src/repository/catalog/sku.rs	move-with-owned-repositories	01	e5d99f60c7898162838c66a9f92489f02f9402592a0dbca1a7c599c32b6ba1ef	SkuRow,SkuFilter,SkuRevisionRow,SkuRevisionFilter
06	database/src/repository/catalog/specification_audit.rs	erp-catalog	crates/erp-catalog/src/repository/catalog/specification_audit.rs	move-with-owned-repositories	01	964a70aa2efbd4831bc9fa8d0daadaaf7a4bc0a77d2cf6c1390bdd6277e9a2a7	SpecificationSignatureAuditRow
06	database/src/repository/catalog/voucher.rs	erp-catalog	crates/erp-catalog/src/repository/catalog/voucher.rs	move-with-owned-repositories	01	b1faa002959a1eced520a6e680473b70c20a4d9707b61906a7c0e4686eee418b	VoucherCategoryProfileRevisionRow,VoucherCategoryProfileRevisionFilter
06	database/src/repository/contract.rs	erp-contract	crates/erp-contract/src/repository/contract.rs	move-with-owned-repositories	01	cce451f34798e5336f9783472a750cb1a02a779ccc1cbb82aaf7518d327c0bca	ContractRow,ContractRevisionNoRow,ContractFilter,ContractRepository
09	database/src/repository/cost.rs	erp-finance	crates/erp-finance/src/repository/cost.rs	move-with-owned-repositories	01	99ae6497053ea8cd8d131d0b2acc007b16f3673c2ffce4a5661b0127b97ca41f	CostEntryRow,CostEntryFilter,CostAllocationRow,CostAllocationFilter,CostRepository
05	database/src/repository/customer.rs	erp-customer	crates/erp-customer/src/repository/customer.rs	move-with-owned-repositories	01	26008b2458c0b7193efaa687e5e65c5c3987544ff3ae1c92690935760462c7c7	CustomerAccountRow,CustomerNumberRow,CustomerAccountFilter,CustomerAssignmentRow,CustomerAssignmentFilter
09	database/src/repository/customer_center_receivable.rs	erp-finance	crates/erp-finance/src/repository/receivable/customer_center.rs	move-provider-facts	01	5de9a2fead3a6e87fa5e1f935d1f97fef25baaec48f442cb845e28449f071468	CustomerCenterReceivableRow
03	database/src/repository/customer_center_related.rs	erp-read-models	crates/erp-read-models/src/customer_center/repository/related.rs	split-own-read-repository	01	d3b7d10d6d42d2a12fb05ebbcb432eb963135c8cfb61ef5084ab491831d02e11	CustomerCenterContractRow,CustomerCenterSalesOrderRow,CustomerCenterRelatedRow
03	database/src/repository/document_registry.rs	erp-workflow	crates/erp-workflow/src/repository/document_registry.rs	move-with-owned-repositories	01	219a5c1f014c1eb3437456231e7b8f0960525fc78697106c87299b8749a00aef	BusinessDocumentRow,BusinessDocumentFilter,ApprovalBindingLookup,ApprovalBindingRow,BusinessDocumentIdRow,ParticipantDocumentIdRow,WorkflowActionRow,WorkflowActionFilter
02	database/src/repository/extensions/access_control.rs	erp-identity	crates/erp-identity/src/repository/extensions/access_control.rs	move-with-owned-repositories	01	948b0b58693af4637d87269dc7a9cce0b8a030ac39f802af9843063eef33607d	AccessControlExt,PermissionFilter,DataScopeFilter,AuditEventFilter
03	database/src/repository/extensions/approval_integration.rs	erp-workflow	crates/erp-workflow/src/repository/extensions/approval_integration.rs	move-with-owned-repositories	01	e8ca319ce61c416c483bc5f3bdfd6666f7e4b238f74d3970d18812a9cb39dcd9	ApprovalIntegrationExt
03	database/src/repository/extensions/bpm.rs	erp-workflow	crates/erp-workflow/src/repository/extensions/bpm.rs	move-with-owned-repositories	01	cd1913e22ed2deb1787b2b3cfa2277d00e1921df78c9532daff22cfebd05b92f	BpmExt
04	database/src/repository/extensions/bulk_job.rs	erp-support	crates/erp-support/src/repository/extensions/bulk_job.rs	move-with-owned-repositories	01	f74255f497d991b34e7b0bfb4fa208a4de1364fad3047c2056235337e5d5e792	BulkJobExt,BulkSelectionSnapshotFilter,BackgroundJobFilter
06	database/src/repository/extensions/catalog.rs	erp-catalog	crates/erp-catalog/src/repository/extensions/catalog.rs	move-with-owned-repositories	01	cc8c7f833a5c4f98be5907e6379bf39ea30393229f63dd751f00d2ff56ed6245	CatalogExt,ProductCategoryFilter,ProductBrandFilter,UnitOfMeasureFilter,SkuAttributeFilter,SkuAttributeValueFilter,ProductCategoryAttributeFilter,ProductFilter,SellableSkuFilter,ProductRevisionFilter,SkuFilter,SkuRevisionFilter,VoucherCategoryProfileRevisionFilter,CategoryParentChainFact,ProductListingSummary
06	database/src/repository/extensions/contract.rs	erp-contract	crates/erp-contract/src/repository/extensions/contract.rs	move-with-owned-repositories	01	320ad37ddfa62c00002c4d4e0bc268c0bd3243729bbd00beb9fe074bc4beb591	ContractExt,ContractFilter
09	database/src/repository/extensions/cost.rs	erp-finance	crates/erp-finance/src/repository/extensions/cost.rs	move-with-owned-repositories	01	ff85a976bec0cccced4cc2e550b9563b9fd1665d8a20826d051411726c9d2f45	CostExt,CostEntryFilter,CostEntryRow,CostAllocationFilter
05	database/src/repository/extensions/customer.rs	erp-customer	crates/erp-customer/src/repository/extensions/customer.rs	move-with-owned-repositories	01	37dc5f37c8242e1bf05b454a02615b16bdafc04e313fbcc2df884fb8b676dd45	CustomerExt,CustomerAccountFilter,CustomerAssignmentFilter
03	database/src/repository/extensions/document_registry.rs	erp-workflow	crates/erp-workflow/src/repository/extensions/document_registry.rs	move-with-owned-repositories	01	3ea5ccaa0cc66ffeb01e01c5c7b2b1ad76a798222c560886887c9078cf0913c0	DocumentRegistryExt,BusinessDocumentFilter,WorkflowActionFilter
04	database/src/repository/extensions/file_asset.rs	erp-support	crates/erp-support/src/repository/extensions/file_asset.rs	move-with-owned-repositories	01	2bdfbe3595af1e762ee80ab61965d7e165d78349b64b31bf087902dc6d92aa98	FileAssetExt,FileAssetFilter
12	database/src/repository/extensions/fulfillment.rs	erp-fulfillment	crates/erp-fulfillment/src/repository/extensions/fulfillment.rs	move-with-owned-repositories	01	b97f4a7d87227ce810519b54991fc1ee0cd67ed591f610b06590308d01a41653	FulfillmentExt,PurchaseReceiptFilter,DeliveryFilter,ElectronicDeliveryFilter,ServiceFulfillmentFilter,CustomerAcceptanceFilter
14	database/src/repository/extensions/integration_ops.rs	erp-integration	crates/erp-integration/src/repository/extensions/integration_ops.rs	move-with-owned-repositories	01	fb52c5e366eb6581bc7055a90630fbf09a8582f042eaed3fc570251e4b8f4914	IntegrationOpsExt,InboxMessageFilter,IntegrationErrorTaskFilter,ReconciliationDifferenceFilter
08	database/src/repository/extensions/inventory.rs	erp-inventory	crates/erp-inventory/src/repository/extensions/inventory.rs	move-with-owned-repositories	01	aee1fe6f1f9ac8c68a5b929009351c46da16f18bffc82777e5f0c8f98f560714	InventoryExt,StockMovementFilter,StockBalanceFilter,StockReservationFilter,StockAdjustmentFilter
07	database/src/repository/extensions/legacy_import.rs	erp-import	crates/erp-import/src/repository/extensions/legacy_import.rs	move-with-owned-repositories	01	aa7d9e63dfba233dc6790ebfd29256887a013b9834fe85613b283d46fd4c8c2c	LegacyImportExt,LegacyImportBatchFilter,LegacyImportRowFilter,LegacyImportConfirmationFilter
17	database/src/repository/extensions/mod.rs			remove-legacy-registry	01-16	0eb710493f489c084992fa35ec3d3fde8e91a5cfb6ef9531d6c2fed7b17a2e8c	DatabaseExt
05	database/src/repository/extensions/party.rs	erp-party	crates/erp-party/src/repository/extensions/party.rs	move-with-owned-repositories	01	c00692378b7556b37c4fc1cee72ac69fe4f5d1a4b5a53a0e3f027b195bd7d7fc	PartyExt,PartyFilter,PartyRevisionFilter,PartyContactFilter,PartyAddressFilter,PartyTaxProfileFilter,PartyBankAccountFilter
09	database/src/repository/extensions/payable.rs	erp-finance	crates/erp-finance/src/repository/extensions/payable.rs	move-with-owned-repositories	01	38dc5b83dbbbf9f8a0bc5452689b840c29c87432c227c903678eb83ad43783f0	PayableExt,PayableAccountFilter,SupplierPaymentFilter,PurchaseInvoiceAllocationFilter
11	database/src/repository/extensions/procurement_responsibility.rs	erp-procurement	crates/erp-procurement/src/repository/extensions/procurement_responsibility.rs	move-with-owned-repositories	01	684d1301560128431041115c362b8f851c1ff3766f190577cafdaeed5bf1de8a	ProcurementResponsibilityExt,ProcurementResponsibilityRuleFilter
11	database/src/repository/extensions/purchase_order.rs	erp-procurement	crates/erp-procurement/src/repository/extensions/purchase_order.rs	move-with-owned-repositories	01	bb9e6d8dc950832f36508acb6ae77350a7e7a3e9e6ce23c7fe3168cbb2b8b730	PurchaseOrderExt,PurchaseOrderFilter,PurchaseOrderSubmissionFilter
09	database/src/repository/extensions/receivable.rs	erp-finance	crates/erp-finance/src/repository/extensions/receivable.rs	move-with-owned-repositories	01	e44927212e902fce156e9c10d9f0ee9f66e1768e83858284dfba0b34df0a4ac8	ReceivableExt,ReceivableAccountFilter,CustomerReceiptFilter,InvoiceFilter
13	database/src/repository/extensions/returns.rs	erp-returns	crates/erp-returns/src/repository/extensions/returns.rs	move-with-owned-repositories	01	351fd7b787a7f82d8b81409ef71dd42ad09f2cb7830098d454499fe896aa0753	ReturnsExt,SalesReturnCaseFilter,PurchaseReturnOrderFilter,CustomerRefundFilter
10	database/src/repository/extensions/sales_order.rs	erp-sales	crates/erp-sales/src/repository/extensions/sales_order.rs	move-with-owned-repositories	01	7d06ada99ab41feaa4d4f989dc4392808daca867b5f1cca3a2a947e4a88d9d8d	SalesOrderExt,SalesOrderFilter,WorkingCopyFilter,SubmissionFilter
10	database/src/repository/extensions/sales_review.rs	erp-sales	crates/erp-sales/src/repository/extensions/sales_review.rs	move-with-owned-repositories	01	9368e72abfb37f218e2a3e04a994de84471607ecf9ff300b8eff394fc51ca54b	SalesReviewExt,SalesChangeOrderFilter
04	database/src/repository/extensions/source_registry.rs	erp-support	crates/erp-support/src/repository/extensions/source_registry.rs	move-with-owned-repositories	01	d5e9dc053eac4be37ae1c1be1fc9c671f222d8bcaacaa10a0007bf9700e0d7cf	SourceRegistryExt,SourceSystemFilter,ExternalIdentityMapFilter
05	database/src/repository/extensions/supplier.rs	erp-supplier	crates/erp-supplier/src/repository/extensions/supplier.rs	move-with-owned-repositories	01	6035af14b904d52baf37b3b82ad6c478658593aab37661b35fd81a69704bbe29	SupplierExt,SupplierAccountFilter,SupplierCommercialProfileFilter,SupplierCapabilityFilter,SupplierQualificationFilter,SupplierListSearchInput,SupplierListBundle,SupplierDetailBundle,SupplierQualificationHealthFilter
16	database/src/repository/extensions/supplier_api.rs	erp-supply	crates/erp-supply/src/repository/extensions/supplier_api.rs	move-with-owned-repositories	01	6c20b04a4c562ad6cd71e6ccb411a6b0a9c2cfc4ea6e4004bd975b35036e41cd	SupplierApiExt,SupplierApiConnectionFilter,SupplierApiCapabilityFilter,SupplierConnectionImpact
16	database/src/repository/extensions/supplier_fulfillment.rs	erp-supply	crates/erp-supply/src/repository/extensions/supplier_fulfillment.rs	move-with-owned-repositories	01	15469d07331e09b18c1c0ad766deb21b1c7b3b3bff5f369bd74f2ea69e542260	SupplierFulfillmentExt,SupplierFulfillmentOrderFilter
16	database/src/repository/extensions/supplier_offering.rs	erp-supply	crates/erp-supply/src/repository/extensions/supplier_offering.rs	move-with-owned-repositories	01	26d3612822082d8af0fc1ddb82a69b21e87160c801cf051c7f324ed923c5e179	SupplierOfferingExt,SupplierOfferingFilter,OfferingListQuery
16	database/src/repository/extensions/supplier_settlement.rs	erp-supply	crates/erp-supply/src/repository/extensions/supplier_settlement.rs	move-with-owned-repositories	01	9c8a849e5a1d63ffd8e6dae233211d446cf0e7d475b769ca71f69db2a8a45c4a	SupplierSettlementExt,SupplierSettlementStatementFilter,SupplierSettlementItemFilter,SupplierSettlementDifferenceFilter
06	database/src/repository/extensions/warehouse.rs	erp-warehouse	crates/erp-warehouse/src/repository/extensions/warehouse.rs	move-with-owned-repositories	01	f712bfaf5f5fe7b56422bfcde1d0f8ce9947e68d0dfe066f668d75be70895953	WarehouseExt,WarehouseFilter,WarehouseRevisionFilter,WarehouseSkuPolicyFilter
03	database/src/repository/extensions/work_item.rs	erp-workflow	crates/erp-workflow/src/repository/extensions/work_item.rs	move-with-owned-repositories	01	a99b1a06dc5a948d0ddd9caead2d7749bf55d4103cede1ea356ce9e5f1f95753	WorkItemExt,WorkItemFilter
04	database/src/repository/file_asset.rs	erp-support	crates/erp-support/src/repository/file_asset.rs	move-with-owned-repositories	01	a09130379d14fe8ed1401b1337a7fb5bfc10982120c5d29d3fcf7810c0ff2585	FileAssetRow,FileAssetFilter
12	database/src/repository/fulfillment/customer_acceptance.rs	erp-fulfillment	crates/erp-fulfillment/src/repository/fulfillment/customer_acceptance.rs	move-with-owned-repositories	01	149d91da6089eabf2b6e5c9d131808bf6e5d28367fbc484e6faab95fef63009b	CustomerAcceptanceRow,CustomerAcceptanceFilter
12	database/src/repository/fulfillment/delivery.rs	erp-fulfillment	crates/erp-fulfillment/src/repository/fulfillment/delivery.rs	move-with-owned-repositories	01	5725f59e5b43a9f365ab6e123b06c685aeefe05b56ae413eb4492cbf8febe523	DeliveryRow,DeliveryFilter
12	database/src/repository/fulfillment/electronic_delivery.rs	erp-fulfillment	crates/erp-fulfillment/src/repository/fulfillment/electronic_delivery.rs	move-with-owned-repositories	01	1973fbc38d1f757e16e9888852f53ce2f6979503fe490c523424638fbe4588d1	ElectronicDeliveryRow,ElectronicDeliveryFilter
12	database/src/repository/fulfillment/mod.rs	erp-fulfillment	crates/erp-fulfillment/src/repository/fulfillment/mod.rs	move-with-owned-repositories	01	6ab7ef59da190978a7afec9c2e343ef95efdc785fa31b938859f20bb94a7d6e9	FulfillmentRepository
12	database/src/repository/fulfillment/purchase_receipt.rs	erp-fulfillment	crates/erp-fulfillment/src/repository/fulfillment/purchase_receipt.rs	move-with-owned-repositories	01	7836a65d2191e98f1871a33272f70666a2c26b10d75043a42ca8e62f32435fc0	PurchaseReceiptRow,PurchaseReceiptFilter
12	database/src/repository/fulfillment/purchase_receipt_totals.rs	erp-fulfillment	crates/erp-fulfillment/src/repository/fulfillment/purchase_receipt_totals.rs	move-with-owned-repositories	01	009d9202b319d999c684b756b49d3390695ac97903125804aed473719e248ce7	PostedReceiptIdRow,QualifiedReceivedTotalRow
12	database/src/repository/fulfillment/service_fulfillment.rs	erp-fulfillment	crates/erp-fulfillment/src/repository/fulfillment/service_fulfillment.rs	move-with-owned-repositories	01	0be8600e95910f4f74930ba95dfcf7dcbd31cb80b148fa1644e6fc8168209a8b	ServiceFulfillmentRow,ServiceFulfillmentFilter
14	database/src/repository/integration_ops.rs	erp-integration	crates/erp-integration/src/repository/integration_ops.rs	move-with-owned-repositories	01	ea4bf102f930a40fb43b06b32f44c83c1c34e5e8fba5e5a4ff61bc6c5a36ee74	InboxMessageRow,InboxMessageFilter,IntegrationErrorTaskRow,IntegrationErrorTaskFilter,ReconciliationDifferenceRow,ReconciliationDifferenceFilter,ResolutionHistoryRow,IntegrationOpsRepository
14	database/src/repository/integration_ops/difference_resolution_batch.rs	erp-integration	crates/erp-integration/src/repository/integration_ops/difference_resolution_batch.rs	move-with-owned-repositories	01	fae1b09281af16b9b87808a0c460f582169c804eb544a5503f5e6136d6991ffe	-
08	database/src/repository/inventory/adjustment.rs	erp-inventory	crates/erp-inventory/src/repository/inventory/adjustment.rs	move-with-owned-repositories	01	41d8b7b65b64ab476401afc7877ef864ba36c4cd3a986bd34bd5f3ea9e8b36df	StockAdjustmentRow,StockAdjustmentFilter
08	database/src/repository/inventory/aggregate.rs	erp-inventory	crates/erp-inventory/src/repository/inventory/aggregate.rs	move-with-owned-repositories	01	ca2cdddd527edb7afe17980d226894f8bca1b8a5b8833e52834a93bfd603d0ca	-
08	database/src/repository/inventory/balance.rs	erp-inventory	crates/erp-inventory/src/repository/inventory/balance.rs	move-with-owned-repositories	01	9d41ed1666e871fb7f756fa555159eca32c547ca8deaf7519b85337d8d8762ac	StockBalanceRow,StockBalanceFilter
08	database/src/repository/inventory/mod.rs	erp-inventory	crates/erp-inventory/src/repository/inventory/mod.rs	move-with-owned-repositories	01	511cbebc3707b533aea534bdffaf0d13de77962cc84b24e2ff3a00133670db88	InventoryRepository
08	database/src/repository/inventory/movement.rs	erp-inventory	crates/erp-inventory/src/repository/inventory/movement.rs	move-with-owned-repositories	01	2801075a268bf01ac71ee64e1c983044f8e6e2c8f4e9a67315e2b2f2a9c34b6c	StockMovementRow,StockMovementFilter
08	database/src/repository/inventory/reservation.rs	erp-inventory	crates/erp-inventory/src/repository/inventory/reservation.rs	move-with-owned-repositories	01	f47e04b8998c4e63c4b6eb47794e16276bf57ecd6a8d7085fbb3e6776bec1fc1	StockReservationRow,StockReservationFilter
08	database/src/repository/inventory/shared.rs	erp-inventory	crates/erp-inventory/src/repository/inventory/shared.rs	move-with-owned-repositories	01	8f0a9de93e6bac4f4d8c0e22fbeb1342ce3e38e65668f1496c59fb5511926a0c	-
07	database/src/repository/legacy_import/apply_scope.rs	erp-import	crates/erp-import/src/repository/legacy_import/apply_scope.rs	move-with-owned-repositories	01	e7de09aa45c001ca2a6444991469091b13e6ba76fc2bbfbe48100fb812bde521	LegacyImportApplyScope
07	database/src/repository/legacy_import/failed_retry.rs	erp-import	crates/erp-import/src/repository/legacy_import/failed_retry.rs	move-with-owned-repositories	01	730a8606c440e2f09258af83e188e167691dd160b2a60b2a615dc6399003cc58	-
07	database/src/repository/legacy_import/mod.rs	erp-import	crates/erp-import/src/repository/legacy_import/mod.rs	move-with-owned-repositories	01	a798f74a2f7cc08c535d8b8514280f60cb551ac660931eeea1c95d2f2c18efbd	LegacyImportBatchRow,LegacyImportBatchFilter,LegacyImportRowRow,LegacyImportRowFilter,LegacyImportConfirmationRow,LegacyImportConfirmationFilter,LegacyImportRepository
07	database/src/repository/legacy_import/supersede_batch.rs	erp-import	crates/erp-import/src/repository/legacy_import/supersede_batch.rs	move-with-owned-repositories	01	a8e1d86b1c31c6be26e02c7c42bdbe6f131b22232b1359e3cae19c10ee3bf11c	-
17	database/src/repository/mod.rs			remove-legacy-registry	01-16	f0da3c4a9f51469a21cc68af29626549216b111b7361ff382374e85c2ad780d9	-
05	database/src/repository/party/address.rs	erp-party	crates/erp-party/src/repository/party/address.rs	move-with-owned-repositories	01	7d1b02199d45e6c28148c96decac78f23b5519a88097e16822838314532f332a	PartyAddressRow,PartyAddressFilter
05	database/src/repository/party/aggregate.rs	erp-party	crates/erp-party/src/repository/party/aggregate.rs	move-with-owned-repositories	01	8acd80a375a7dce317ddf927d4b3877abdee45ed220fed886c93db5ea20aaced	-
05	database/src/repository/party/bank_account.rs	erp-party	crates/erp-party/src/repository/party/bank_account.rs	move-with-owned-repositories	01	6856bee46b6a90d5a4fabdf9728be0c9b05715c81154db8e431b5925e7a2d1f7	PartyBankAccountRow,PartyBankAccountFilter
05	database/src/repository/party/contact.rs	erp-party	crates/erp-party/src/repository/party/contact.rs	move-with-owned-repositories	01	0aec82bd4cfe7f2417bf71b0eb57c032afbb98d73327aea9530b1218ff33edca	PartyContactRow,PartyContactFilter
05	database/src/repository/party/mod.rs	erp-party	crates/erp-party/src/repository/party/mod.rs	move-with-owned-repositories	01	072524eb5b50c8b456349c7fe6d66bde7eae2d6968b70d66d60d79cf13d560ed	PartyRepository
05	database/src/repository/party/record.rs	erp-party	crates/erp-party/src/repository/party/record.rs	move-with-owned-repositories	01	6553657347010ed9d0551c3e9665b73a7c7fa8969c804c9936ace5aea993c176	PartyRow,PartyFilter
05	database/src/repository/party/revision.rs	erp-party	crates/erp-party/src/repository/party/revision.rs	move-with-owned-repositories	01	6954d8223f57cc20755945ecd9824fa9d6efd706616265297161d173e6ab1766	PartyRevisionRow,PartyRevisionFilter
05	database/src/repository/party/shared.rs	erp-party	crates/erp-party/src/repository/party/shared.rs	move-with-owned-repositories	01	2035a16cdf806652ab55b76f3d61558b61a6d2e8af02a4c0c62eea3aa47db3e3	-
05	database/src/repository/party/tax_profile.rs	erp-party	crates/erp-party/src/repository/party/tax_profile.rs	move-with-owned-repositories	01	0ac90aeb45adf4447e40ad6bd7f73cd92552168b66544b97b2a5850c3b9e11f4	PartyTaxProfileRow,PartyTaxProfileFilter
09	database/src/repository/payable.rs	erp-finance	crates/erp-finance/src/repository/payable.rs	move-with-owned-repositories	01	778b5a8b0854b0bfc4b4acf387912b610282e14dfc5db7c1b6f6e4b94268bc81	PayableRepository
09	database/src/repository/payable/account/invoicing.rs	erp-finance	crates/erp-finance/src/repository/payable/account/invoicing.rs	move-with-owned-repositories	01	53973500facd832a91c5cd0c3e412b0c9f60dd7c3d7aa7b0de1d577af6acb7f2	-
09	database/src/repository/payable/account/mod.rs	erp-finance	crates/erp-finance/src/repository/payable/account/mod.rs	move-with-owned-repositories	01	306614b29cb8b718d821a337376dd1bb62fce8888024ce143ca7352140180225	SettlementBatchResult,InvoicingBatchResult,PayableAccountRow,PayableAccountFilter
09	database/src/repository/payable/account/query.rs	erp-finance	crates/erp-finance/src/repository/payable/account/query.rs	move-with-owned-repositories	01	b183272b16f16f3bdb4593b1dedd265f8815632b7c9f92631a5c0e4735ad51c6	-
09	database/src/repository/payable/account/settlement.rs	erp-finance	crates/erp-finance/src/repository/payable/account/settlement.rs	move-with-owned-repositories	01	5d88656aff7e462957e7efc3779bf686bb7492105840eccbacefbc4c0a7a4d04	-
09	database/src/repository/payable/account/tests.rs	erp-finance	crates/erp-finance/src/repository/payable/account/tests.rs	move-with-owned-repositories	01	046fef403b047a78a894f0e39036db2d53e524b84f1d2e6ab651ad94efa08618	-
09	database/src/repository/payable/account/write.rs	erp-finance	crates/erp-finance/src/repository/payable/account/write.rs	move-with-owned-repositories	01	e03d8a77c5ff45f6fc833df62154e1bc7ced6c74da01ecc8eb410b4ff8f4a979	-
09	database/src/repository/payable/allocation.rs	erp-finance	crates/erp-finance/src/repository/payable/allocation.rs	move-with-owned-repositories	01	0ab187b625f3f63fdea6d4bcf60d6fa65b7d85135d9ab2ad5add6cf8a014c5f1	PurchaseInvoiceAllocationFilter
09	database/src/repository/payable/command.rs	erp-finance	crates/erp-finance/src/repository/payable/command.rs	move-with-owned-repositories	01	18fc94ca0f1fb915c938d2dd20d3b05ae3410ae10fd4d3a05e9a384869466583	-
09	database/src/repository/payable/entry.rs	erp-finance	crates/erp-finance/src/repository/payable/entry.rs	move-with-owned-repositories	01	0a1687cc9d0809461f0c35cc36b3ed0aa298b543a26aa00fd528b9584a283c06	AccountDueDateRow,IncreaseDueDateRow
09	database/src/repository/payable/payment.rs	erp-finance	crates/erp-finance/src/repository/payable/payment.rs	move-with-owned-repositories	01	38238bae202d73e202e08b68b1caf9681cb7b7b2891e465c35053fadfdf47618	SupplierPaymentRow,SupplierPaymentFilter
11	database/src/repository/procurement_responsibility/catalog.rs	erp-procurement	crates/erp-procurement/src/repository/procurement_responsibility/catalog.rs	move-with-owned-repositories	01	61b7ddecdaea37ae6055130e5b4062f7ab9e7fed56929e441001a7a7c8f1a9e8	-
11	database/src/repository/procurement_responsibility/ids.rs	erp-procurement	crates/erp-procurement/src/repository/procurement_responsibility/ids.rs	move-with-owned-repositories	01	b13026d4e0c23a1c14ded8469a55a4004268a7c4ddeb140303993f97f0741cfd	-
11	database/src/repository/procurement_responsibility/isolation_tests.rs	erp-procurement	crates/erp-procurement/src/repository/procurement_responsibility/isolation_tests.rs	move-with-owned-repositories	01	1d25275c09670d329211368a60d502c8ae1acb9b4617047c7fb58f0d74eb4413	-
11	database/src/repository/procurement_responsibility/list.rs	erp-procurement	crates/erp-procurement/src/repository/procurement_responsibility/list.rs	move-with-owned-repositories	01	42efa82f84fc16061175b28fada2323a50c7288e474a274d4b441b5a3d2aae56	-
11	database/src/repository/procurement_responsibility/mod.rs	erp-procurement	crates/erp-procurement/src/repository/procurement_responsibility/mod.rs	move-with-owned-repositories	01	de1a901c94c2633c6feb5f65d0c17f23be94b547fba2ec55856821eb80389600	ProcurementResponsibilityRuleFilter
11	database/src/repository/procurement_responsibility/query.rs	erp-procurement	crates/erp-procurement/src/repository/procurement_responsibility/query.rs	move-with-owned-repositories	01	319f6d066fc4a9f9e7d13294a1802c126b7cf6edabb6fe802bde8331f1237b91	-
11	database/src/repository/procurement_responsibility/rule_list_isolation_tests.rs	erp-procurement	crates/erp-procurement/src/repository/procurement_responsibility/rule_list_isolation_tests.rs	move-with-owned-repositories	01	8210d10ed9fa47fce76b24a4d09fcf8ee505f938622701cd4a3ab9495952abac	-
11	database/src/repository/purchase_order/allocation.rs	erp-procurement	crates/erp-procurement/src/repository/purchase_order/allocation.rs	move-with-owned-repositories	01	99d71156ea0e653ea127b35ef60d55a0b8b2d12ea979961771f1d025628b4c51	-
11	database/src/repository/purchase_order/center_facts.rs	erp-procurement	crates/erp-procurement/src/repository/purchase_order/center_facts.rs	move-with-owned-repositories	01	5c6496e00e5c0830cfd03c2555aad20e4cb6304fdf8d9d9aa5c326519f4ad381	PurchaseOrderCenterFacts
11	database/src/repository/purchase_order/change.rs	erp-procurement	crates/erp-procurement/src/repository/purchase_order/change.rs	move-with-owned-repositories	01	bca5a0ee606386925e6d2ac7bff15ed1b12d5395c05a38827f023176168b7b7a	-
11	database/src/repository/purchase_order/common.rs	erp-procurement	crates/erp-procurement/src/repository/purchase_order/common.rs	move-with-owned-repositories	01	14ec4edd0a442174435dcd062394d8e587186ea430e5ee977dced3f649667bf2	-
11	database/src/repository/purchase_order/coverage.rs	erp-procurement	crates/erp-procurement/src/repository/purchase_order/coverage.rs	move-with-owned-repositories	01	7fd4781b5ecf3202a1d62200c2ad56f480d85b788df7efc848000c283960a3b1	-
11	database/src/repository/purchase_order/creation_basis.rs	erp-procurement	crates/erp-procurement/src/repository/purchase_order/creation_basis.rs	move-with-owned-repositories	01	98ca3ea018b59e99ae729b8af91e7fc1dbc24cf5c2fe56b09e24f406129e4cb8	-
11	database/src/repository/purchase_order/list_facts.rs	erp-procurement	crates/erp-procurement/src/repository/purchase_order/list_facts.rs	move-with-owned-repositories	01	e5cf7cdee8a4a99c61ef8fc8789c0c37d13fb28ef9edd6b909096da1e8241c92	PurchaseOrderListFacts
11	database/src/repository/purchase_order/mod.rs	erp-procurement	crates/erp-procurement/src/repository/purchase_order/mod.rs	move-with-owned-repositories	01	d6da0d548d8be1d138bf110011fe89143939a8db0fb213d28f3071c8ae0d062d	PurchaseOrderRepository
11	database/src/repository/purchase_order/order.rs	erp-procurement	crates/erp-procurement/src/repository/purchase_order/order.rs	move-with-owned-repositories	01	15fc45e5fc739eed12530306f34158d871ed32dbaa0e874d2bbc174beaf4ae81	PurchaseOrderRow,PurchaseOrderNoRow,PurchaseOrderFilter
11	database/src/repository/purchase_order/revision.rs	erp-procurement	crates/erp-procurement/src/repository/purchase_order/revision.rs	move-with-owned-repositories	01	043e291becee45dcc112cd0c5da7ff771d05f1c402d21b47fa7adf62734fb445	-
11	database/src/repository/purchase_order/submission.rs	erp-procurement	crates/erp-procurement/src/repository/purchase_order/submission.rs	move-with-owned-repositories	01	224aacbb9fd700a06731af7a5f1755bcd83d7ebafc0bc785bca75c3ce53d5e49	PurchaseOrderSubmissionFilter
09	database/src/repository/receivable.rs	erp-finance	crates/erp-finance/src/repository/receivable.rs	move-with-owned-repositories	01	febd50618bd770d97e27598b73283fd95f0af4fdf6caa1c23000ea10396a709a	ReceivableRepository
09	database/src/repository/receivable/account.rs	erp-finance	crates/erp-finance/src/repository/receivable/account.rs	move-with-owned-repositories	01	2cf4dff7e0180c13f5810b0a152971696499fbab8447ef731ab10577be201c87	ReceivableAccountRow,InvoicingBatchResult,SettlementBatchResult,ReceivableAccountFilter
09	database/src/repository/receivable/command.rs	erp-finance	crates/erp-finance/src/repository/receivable/command.rs	move-with-owned-repositories	01	acdcf273f92e307161c546090b1187a1f90cfe561e823aab846817c9ee4e2858	ReceivableListScope,ScopedCustomerReceiptQuery,ScopedInvoiceQuery
09	database/src/repository/receivable/entry.rs	erp-finance	crates/erp-finance/src/repository/receivable/entry.rs	move-with-owned-repositories	01	c03159111cc37fdd6c9e65d8c9193a34a00e671831fe8b0b334fc9f5b58b4585	AccountDueDateRow
09	database/src/repository/receivable/invoice.rs	erp-finance	crates/erp-finance/src/repository/receivable/invoice.rs	move-with-owned-repositories	01	906401a80939b507aa6fb241eb88ae5a3ed08fae93e5b84fe2dc970ecc9351fa	InvoiceRow,InvoiceFilter
09	database/src/repository/receivable/receipt.rs	erp-finance	crates/erp-finance/src/repository/receivable/receipt.rs	move-with-owned-repositories	01	cadc3fbba881de15f2e8a5e5fda3d7775ec619b34d7eff10ccc7e1cc6ad53406	CustomerReceiptRow,CustomerReceiptFilter
09	database/src/repository/receivable_card_funds.rs	erp-finance	crates/erp-finance/src/repository/receivable_card_funds.rs	move-with-owned-repositories	01	bef4fe4850d975f5d70ec5be399bb6e3d1e440fae47dccccef838f91ce699235	CardFundsSnapshotFacts
09	database/src/repository/receivable_sales_order_summary.rs	erp-finance	crates/erp-finance/src/repository/receivable_sales_order_summary.rs	move-with-owned-repositories	01	4657cb2626944cf086f44b083a66917f5f0285ef4174348a528381a1023df7d8	SalesOrderAmountSummaryRow
01	database/src/repository/regex_filter.rs	persistence-core	crates/persistence-core/src/repository/regex_filter.rs	split-owned-repositories		4448460ac6980814a095c64f478585c47c6e681e16a31be264e2e47732b9c4c7	-
13	database/src/repository/returns.rs	erp-returns	crates/erp-returns/src/repository/returns.rs	move-with-owned-repositories	01	03caa39b1b417ea7fd38e9a8adba2e52a0feb3ede6f11d574065410e12e01b6f	SalesReturnCaseRow,SalesReturnCaseFilter,PurchaseReturnOrderRow,PurchaseReturnOrderFilter,CustomerRefundRow,CustomerRefundFilter,ReturnsRepository
13	database/src/repository/returns_customer_refund_search.rs	erp-returns	crates/erp-returns/src/repository/returns_customer_refund_search.rs	move-with-owned-repositories	01	985451ba06763d8b1f8d5c7068a6d5c58d2235af8976993ea68b6b52ff3a7f08	-
13	database/src/repository/returns_posted_totals.rs	erp-returns	crates/erp-returns/src/repository/returns_posted_totals.rs	move-with-owned-repositories	01	1d181b29350582ab774cbea477ade1e6011babb460ec99db865d87c292aaaf2f	PostedAmountTotalRow
02	database/src/repository/role.rs	erp-identity	crates/erp-identity/src/repository/role.rs	move-with-owned-repositories	01	b8e72d06bfbe65aca6c2c8a334f5c22e846230d0503052f4727db31b760a5cf9	-
10	database/src/repository/sales_order/mod.rs	erp-sales	crates/erp-sales/src/repository/sales_order/mod.rs	move-with-owned-repositories	01	44f693d993c3526a9716674ee33e8a3859e02d7268310a3671f17d7a5dce0191	SalesOrderRepository
10	database/src/repository/sales_order/order.rs	erp-sales	crates/erp-sales/src/repository/sales_order/order.rs	move-with-owned-repositories	01	17fa1e9b2845b21aeda07b939eef79ca9649c1ee1647a89f9bff1e477e98ca79	SalesOrderRow,SalesOrderFilter,SalesOrderIdRow
10	database/src/repository/sales_order/revision.rs	erp-sales	crates/erp-sales/src/repository/sales_order/revision.rs	move-with-owned-repositories	01	f99f4ad71576ae2e6456b079cc49af6044009d5c476323b62ffeb70254485b42	SalesOrderRevisionNoRow
10	database/src/repository/sales_order/submission.rs	erp-sales	crates/erp-sales/src/repository/sales_order/submission.rs	move-with-owned-repositories	01	bf8c797e34025b2fbe404c58207c3b202eb4e644bff2cedad1a874a525efadea	SubmissionFilter
10	database/src/repository/sales_order/working_copy.rs	erp-sales	crates/erp-sales/src/repository/sales_order/working_copy.rs	move-with-owned-repositories	01	3f0cb783c4cf24ad323f50e1191cf3766be34887861deee36ae145c821ebdbfc	WorkingCopyFilter
10	database/src/repository/sales_review.rs	erp-sales	crates/erp-sales/src/repository/sales_review.rs	move-with-owned-repositories	01	b6271f135a44d4c8b2981538579d08ef5781f56b53b49ab95baf4803be604639	SalesChangeOrderRow,SalesChangeOrderFilter,SalesReviewRepository
04	database/src/repository/source_registry.rs	erp-support	crates/erp-support/src/repository/source_registry.rs	move-with-owned-repositories	01	5db8b5842919f15cd3fd468e512488cfc174f3a9ff079c373bb655c0ef7115df	SourceSystemRow,SourceSystemFilter,ExternalIdentityMapRow,ExternalIdentityMapFilter,ExpireTargetsOutcome,SourceRegistryRepository
05	database/src/repository/supplier.rs	erp-supplier	crates/erp-supplier/src/repository/supplier.rs	move-with-owned-repositories	01	d95236a75d5bdfd33cbdb1b9e1b5826e698298f46e393df7445c97300fddceae	SupplierIdRow,SupplierRepository
05	database/src/repository/supplier/account.rs	erp-supplier	crates/erp-supplier/src/repository/supplier/account.rs	move-with-owned-repositories	01	608920eb61a8ec8e61cb6d1d1359480a0fe5bd17e892a5dbf7853938844aab0a	SupplierAccountRow,SupplierNumberRow,SupplierPartyRefRow,SupplierAccountIdDuplicate,SupplierAccountFilter
05	database/src/repository/supplier/bundle/detail.rs	erp-supplier	crates/erp-supplier/src/repository/supplier/bundle/detail.rs	move-with-owned-repositories	01	7282c387ecd2c82177b328c076053b8fc617d9687bbaa61f7b7c406266279124	-
05	database/src/repository/supplier/bundle/list.rs	erp-supplier	crates/erp-supplier/src/repository/supplier/bundle/list.rs	move-with-owned-repositories	01	51330bf2a4a66adaea12b7597d3ca50138c4da2c7764d3335edb7918699d6dda	-
05	database/src/repository/supplier/bundle/mod.rs	erp-supplier	crates/erp-supplier/src/repository/supplier/bundle/mod.rs	move-with-owned-repositories	01	2c2be8f31abaab8382e9d861f5f7d532c80336af533050c025bc46420dff15bd	SupplierQualificationHealthFilter,QualificationConstraintKind,SupplierListSearchInput,SupplierListBundle,SupplierDetailBundle
05	database/src/repository/supplier/bundle/proc_supplier_io_mongo_tests.rs	erp-supplier	crates/erp-supplier/src/repository/supplier/bundle/proc_supplier_io_mongo_tests.rs	move-with-owned-repositories	01	903d3845f3f60063ec7c5913366be41b93d05a98e29607dcbd93138c6027ca3c	-
05	database/src/repository/supplier/bundle/tests.rs	erp-supplier	crates/erp-supplier/src/repository/supplier/bundle/tests.rs	move-with-owned-repositories	01	16fa206a4e75a3949ae59dbd9d1a8e06be42aac10c080586c11ae0b73369b578	-
05	database/src/repository/supplier/capability.rs	erp-supplier	crates/erp-supplier/src/repository/supplier/capability.rs	move-with-owned-repositories	01	572823e1b4194d64e895a1a46f2a74079df7f7a3bd4b017c58e9175551f55282	SupplierCapabilityFilter
05	database/src/repository/supplier/command.rs	erp-supplier	crates/erp-supplier/src/repository/supplier/command.rs	move-with-owned-repositories	01	12063691ab90baf8bc240dc49223cc563ebc30530f1fa5dfc64a7da8140c1d8c	-
05	database/src/repository/supplier/qualification.rs	erp-supplier	crates/erp-supplier/src/repository/supplier/qualification.rs	move-with-owned-repositories	01	58adb3fb3a352918a5c02b7151d6a64415d704904d09319e42e0cbcc658f0746	SupplierQualificationFilter
05	database/src/repository/supplier/revision.rs	erp-supplier	crates/erp-supplier/src/repository/supplier/revision.rs	move-with-owned-repositories	01	624f7c598f20c3c6af6badcc5b8ac4426bea0760c95a4426b15d0c601c89d5db	SupplierCommercialProfileFilter,RevisionNoRow
16	database/src/repository/supplier_api.rs	erp-supply	crates/erp-supply/src/repository/supplier_api.rs	move-with-owned-repositories	01	58dc71bef7c780bee1ebbe5dc7d5ea2836915894f0bbfe4876fb3bef0ef9099e	SupplierApiConnectionRow,SupplierApiConnectionFilter,SupplierApiCapabilityRow,SupplierApiCapabilityFilter,SupplierConnectionImpact,SupplierApiGovernanceData,SupplierApiRepository,OfferingRevisionRow
16	database/src/repository/supplier_api/capability_change_batch.rs	erp-supply	crates/erp-supply/src/repository/supplier_api/capability_change_batch.rs	move-with-owned-repositories	01	916924340b854d0e61481476c50f893ad1fc2f4fc611c70c3fec08c32f3a6905	-
16	database/src/repository/supplier_fulfillment.rs	erp-supply	crates/erp-supply/src/repository/supplier_fulfillment.rs	move-with-owned-repositories	01	ee51d534214a0f1d710914e30c5cae2fd8a12903ebcbe7888bf2885cbaf2f44e	SupplierFulfillmentOrderRow,SupplierFulfillmentOrderFilter,RefundFinancialSnapshot,SupplierRefundFactBundle,AmountTotalRow,SupplierFulfillmentRepository
16	database/src/repository/supplier_offering.rs	erp-supply	crates/erp-supply/src/repository/supplier_offering.rs	move-with-owned-repositories	01	27190e9c3e0defebe551c60163545203802cde86fe6d2abd22e6ea2e7648d26e	SupplierOfferingRow,SupplierOfferingFilter,SupplierOfferingDisplayEntities,SupplierOfferingRepository
16	database/src/repository/supplier_offering/list_filter.rs	erp-supply	crates/erp-supply/src/repository/supplier_offering/list_filter.rs	move-with-owned-repositories	01	a4a383199ab7dea216f77e81ee55648dbbc866110b64e0e361a676d07cbda032	SupplierOfferingListQuery,SupplierOfferingListBundle
16	database/src/repository/supplier_offering/query.rs	erp-supply	crates/erp-supply/src/repository/supplier_offering/query.rs	move-with-owned-repositories	01	069254ed83d9ee6b408373f249b6a62318cd258a14f7aa66b073a9085b56e5b8	-
16	database/src/repository/supplier_settlement/command.rs	erp-supply	crates/erp-supply/src/repository/supplier_settlement/command.rs	move-with-owned-repositories	01	61c52fcacdace45708b1ef5071f6724f69396f0d4fdfe55a2f0b1e563f03fab5	SupplierSettlementRepository
16	database/src/repository/supplier_settlement/detail_snapshot.rs	erp-supply	crates/erp-supply/src/repository/supplier_settlement/detail_snapshot.rs	move-with-owned-repositories	01	48a3ca9fb3b714a154aeb83e6b5c35b72e7206ab44a604ec9c07ad656b7e7ffc	SupplierSettlementStatementDetailSnapshot
16	database/src/repository/supplier_settlement/difference.rs	erp-supply	crates/erp-supply/src/repository/supplier_settlement/difference.rs	move-with-owned-repositories	01	0add840911e3e4e4d38120d0f748a02f77e528711087b254476f9d4986719a09	SupplierSettlementDifferenceRow,SupplierSettlementDifferenceFilter
16	database/src/repository/supplier_settlement/item.rs	erp-supply	crates/erp-supply/src/repository/supplier_settlement/item.rs	move-with-owned-repositories	01	ab4c807f83fac63df3eb267df82fde763ca7510c98d076d39e4336b840148b9d	SupplierSettlementItemRow,SupplierSettlementItemFilter
16	database/src/repository/supplier_settlement/mod.rs	erp-supply	crates/erp-supply/src/repository/supplier_settlement/mod.rs	move-with-owned-repositories	01	9c2937464efacf87904e20d33921e27d191bf63c256d097ec64fc7dd92753953	-
16	database/src/repository/supplier_settlement/projection.rs	erp-supply	crates/erp-supply/src/repository/supplier_settlement/projection.rs	move-with-owned-repositories	01	c72d091919bd765403f1d0aace22c532870858aaaf0b8dffe41fda3773d9758b	-
16	database/src/repository/supplier_settlement/source_scope.rs	erp-supply	crates/erp-supply/src/repository/supplier_settlement/source_scope.rs	move-with-owned-repositories	01	45ac102763c6aa61909c010180c99533dd0390cd483070deb17886c3f78b2a51	SupplierSettlementSourceScope
16	database/src/repository/supplier_settlement/statement.rs	erp-supply	crates/erp-supply/src/repository/supplier_settlement/statement.rs	move-with-owned-repositories	01	90780ed8937ddeb0c74394ec1a4804f0e7df832543577d60bb033fca2dbbced1	SupplierSettlementStatementRow,SupplierSettlementNoRow,SupplierSettlementStatementFilter,SupplierSettlementStatementStatsRow
16	database/src/repository/supplier_settlement/tests.rs	erp-supply	crates/erp-supply/src/repository/supplier_settlement/tests.rs	move-with-owned-repositories	01	5f8787f71cd8d2b8a196eb8c24f6bebdbc8ef648bd60b149bd4c999bdfd9c8d8	-
06	database/src/repository/warehouse.rs	erp-warehouse	crates/erp-warehouse/src/repository/warehouse.rs	move-with-owned-repositories	01	74042e9281f244ac7cbf531c0df8aa91886c1f3fe557cb959d964f508cfe0637	WarehouseRow,WarehouseFilter,WarehouseRevisionRow,WarehouseRevisionFilter,WarehouseSkuPolicyRow,WarehouseSkuPolicyFilter,WarehouseRepository
03	database/src/repository/work_item.rs	erp-workflow	crates/erp-workflow/src/repository/work_item.rs	move-with-owned-repositories	01	36f7b9367c6a0846791013811e6fe86420f934164247690b2f850a2d2a11966c	WorkItemRow,WorkItemFilter
03	database/src/repository/work_item/approval.rs	erp-workflow	crates/erp-workflow/src/repository/work_item/approval.rs	move-with-owned-repositories	01	0f49af0e64479f7190a2913dd350ca6ebff02c7314b8ca6ec6dc465da94f4290	DocumentApprovalWorkItemCursor,DocumentApprovalWorkItemPage,DocumentApprovalWorkItemIntegrityConflict,DocumentApprovalWorkItemFacet,DocumentApprovalWorkItemCount,DocumentApprovalDuplicateExecution,DocumentApprovalDuplicateInstance
03	database/src/repository/work_item/finance.rs	erp-workflow	crates/erp-workflow/src/repository/work_item/finance.rs	move-with-owned-repositories	01	2fa467a87e6cc3cc07ce8ce66ce04f6f6bd6adef766e845d491cf985bd5da4d2	-
03	database/src/repository/work_item/fulfillment.rs	erp-workflow	crates/erp-workflow/src/repository/work_item/fulfillment.rs	move-with-owned-repositories	01	750897fca86c63ce3a01fbff6e0b5d071165164c97caf68b10643f6cae41bf9c	-
03	database/src/repository/work_item/integration_task_binding.rs	erp-workflow	crates/erp-workflow/src/repository/work_item/integration_task_binding.rs	move-with-owned-repositories	01	a9a637e703bd6d515b2e1fbd909404e13c085d39f4ab005eb643f36aa8b96108	-
03	database/src/repository/work_item/mapping_task.rs	erp-workflow	crates/erp-workflow/src/repository/work_item/mapping_task.rs	move-with-owned-repositories	01	3936835c06d0c7a20ab29e218d2b79449c9a07163a0f78c74a4e05881980637d	-
03	database/src/repository/work_item/query.rs	erp-workflow	crates/erp-workflow/src/repository/work_item/query.rs	move-with-owned-repositories	01	736e1be342fdc4ce84429190d6c6127d8880a2cdb6d4b7ff12ffb91c3a247484	-
03	database/src/repository/work_item_fulfillment_queue.rs	erp-read-models	crates/erp-read-models/src/fulfillment_queue/repository.rs	split-own-read-repository	01	4d4c2502b458f4b46d87eb305b7a650a6fad990e6ae31c9244b16b26f691b9bd	FulfillmentQueueFilter,FulfillmentQueueItemRow,FulfillmentQueueMetricRow,FulfillmentQueueWarehouseRow,FulfillmentQueueRepositoryPage,CountRow,FulfillmentQueueFacetRow
01	database/src/transaction.rs	persistence-core	crates/persistence-core/src/transaction.rs	move		3fa042ed3d5baaa9914f55566fd961c40d58ebcd9a7f58f0e67497bdabdb47ed	CommitErrorAction,Transactional
02	entities/src/access_control/audit_event.rs	erp-identity	crates/erp-identity/src/entity/access_control/audit_event.rs	move-with-symbol-splits		b1dac411b86ba17a734332175019a2669e46eb81ed28d3457049cee0ad0fb791	AuditEventResult,AuditEventData,AuditEvent
02	entities/src/access_control/data_scope.rs	erp-identity	crates/erp-identity/src/entity/access_control/data_scope.rs	move-with-symbol-splits		aa93b5178f04d2cffe3b78b9f937199408f195911821b398ed96ff55377e169b	DataScopeSubjectType,DataScopeType,DataScopeData,DataScope
02	entities/src/access_control/mod.rs	erp-identity	crates/erp-identity/src/entity/access_control/mod.rs	move-with-symbol-splits		b2154ce64052c3456c9197f93f77f04a6c61ecda4ea90a206b089a96a2e1da72	-
02	entities/src/access_control/permission.rs	erp-identity	crates/erp-identity/src/entity/access_control/permission.rs	move-with-symbol-splits		0846e45cdebe3853f71808e964a84ed4a4d7b9193dd2d30344fad23b222b4bf3	PermissionData,PermissionUpdate,Permission
02	entities/src/access_control/responsibility_scope.rs	erp-identity	crates/erp-identity/src/entity/access_control/responsibility_scope.rs	move-with-symbol-splits		095a1c03e8da0942e2c1f74c4e5b46dca1ebc57c6e12bc6e0d38f11d08980d8a	OrganizationCoverage,ResponsibilityScopeSet
02	entities/src/access_control/user_role.rs	erp-identity	crates/erp-identity/src/entity/access_control/user_role.rs	move-with-symbol-splits		2de15c4ab77d852c9f1f8a7b5c753a4f23e1203155e8f135475b8cc82d1a5d11	UserRoleData,UserRoleRevokeData,UserRole
02	entities/src/account_core.rs	erp-identity	crates/erp-identity/src/entity/account_core.rs	move-with-symbol-splits		73ebc785d8c55d43b5de2d34a9ad96a5b000111d783402520f6b50b7f42bbacd	InvalidAccountKind,AccountKind,Error,AccountStatus,AccountCoreData,AccountCoreUpdate,AccountCore
03	entities/src/approval_integration/action_policy.rs	erp-workflow	crates/erp-workflow/src/entity/approval_integration/action_policy.rs	move-with-symbol-splits		0adae60b818c3049cfd3eb38cab20feca10b69e213bfc20cd94b066227974b95	ApprovalDomainAction
03	entities/src/approval_integration/identity.rs	erp-workflow	crates/erp-workflow/src/entity/approval_integration/identity.rs	move-with-symbol-splits		b4e93fc0d0bf235a715ab5059de53389b63d6f85a74eb737b1bee9d9ac6df4be	-
03	entities/src/approval_integration/mod.rs	erp-workflow	crates/erp-workflow/src/entity/approval_integration/mod.rs	move-with-symbol-splits		5691b2287822967327d2f752ee64bcf36c77478c381b55e010c6ad148c32ddbc	-
03	entities/src/approval_integration/notification_outbox.rs	erp-workflow	crates/erp-workflow/src/entity/approval_integration/notification_outbox.rs	move-with-symbol-splits		86fa511dee42fbbe58746786250549c9c3f0adec92d537802af8af2c24b5d570	ApprovalNotificationEventKind,ApprovalNotificationDeliveryStatus,ApprovalNotificationTemplateParams,ApprovalNotificationOutbox
03	entities/src/approval_integration/subject_snapshot.rs	erp-workflow	crates/erp-workflow/src/entity/approval_integration/subject_snapshot.rs	move-with-symbol-splits		7cab6bc03fbf32ce2f2c79052fd569974843355087659dbeb0de5abb2250318a	ApprovalSubjectCounterparty,ApprovalSubjectSnapshotPayload,ApprovalSubjectSnapshot
02	entities/src/audit_log.rs	erp-audit	crates/erp-audit/src/entity/audit_log.rs	move-with-symbol-splits		9191b77eaf23b34d016a7dea2bd345c24aa74b587ac9f14e59d7f21ae11829b7	AuditLogData,AuditLog
02	entities/src/auth/mod.rs	erp-identity	crates/erp-identity/src/entity/auth/mod.rs	move-with-symbol-splits		7522945faf928e3010c8ef9fde8ad3a27a058aa6516aa4d2e9f95fb43fb7ff91	-
02	entities/src/auth/secret.rs	erp-identity	crates/erp-identity/src/entity/auth/secret.rs	move-with-symbol-splits		3371acc939149e1a2b4eda217602455e1c35ee72eeedcdbd89e23b283878babe	PasswordVerification,LoginAccount,Error,Secret
04	entities/src/bulk_job/aggregate.rs	erp-support	crates/erp-support/src/entity/bulk_job/aggregate.rs	move-with-symbol-splits		1b53baddb1bc310e80cc3da3d4d873c24632bdd7f0c3559e460c93f8fb678bb6	BulkSelectionSnapshotAggregateData,BulkSelectionItemDraft,BulkSelectionSnapshotAggregate,BackgroundJobAggregateData,BackgroundJobItemDraft,BackgroundJobAggregate
04	entities/src/bulk_job/background_job.rs	erp-support	crates/erp-support/src/entity/bulk_job/background_job.rs	move-with-symbol-splits		4783a5642ace9d76f647e5ec958e2e0ff3311e07ce9a8b75920086baab619d02	JobType,JobStatus,BackgroundJobData,JobUpdate,BackgroundJob
04	entities/src/bulk_job/background_job_item.rs	erp-support	crates/erp-support/src/entity/bulk_job/background_job_item.rs	move-with-symbol-splits		ab413f031c38b07b7a797c6a7efafcc835f11418033af4de49d2a8a4ab44cb16	ItemStatus,BackgroundJobItemData,BackgroundJobItem
04	entities/src/bulk_job/bulk_selection_item.rs	erp-support	crates/erp-support/src/entity/bulk_job/bulk_selection_item.rs	move-with-symbol-splits		6e4a0cd060d87c1dac284aecb1756bf614984dedefd39544391b817a7da7568a	SelectionItemStatus,BulkSelectionItemData,BulkSelectionItem
04	entities/src/bulk_job/bulk_selection_snapshot.rs	erp-support	crates/erp-support/src/entity/bulk_job/bulk_selection_snapshot.rs	move-with-symbol-splits		5b9e1ac175f3e214d87640d9a93611e21fe8c4504721c72182b5117ab4c444b4	SelectionType,SelectionStatus,BulkSelectionSnapshotData,BulkSelectionSnapshot
04	entities/src/bulk_job/import_result_batch.rs	erp-support	crates/erp-support/src/entity/bulk_job/import_result_batch.rs	move-with-symbol-splits		aae0d08a4554f4832e6dfff9af3f1eeaf261f9f9e2ac74ab1ab4f4167ea5c6b5	-
04	entities/src/bulk_job/legacy_import_job.rs	erp-support	crates/erp-support/src/entity/bulk_job/legacy_import_job.rs	move-with-symbol-splits		83ce2e954445459b0f6c1c93ad4d089f687c5cf7cf9af8c3fd8c17daf30de257	-
04	entities/src/bulk_job/mod.rs	erp-support	crates/erp-support/src/entity/bulk_job/mod.rs	move-with-symbol-splits		95eef32a4e46a8aa208af529632be3459ef20ce9cae927f8d9d9ed01cbaeb1da	-
04	entities/src/bulk_job/supplier_governance_job.rs	erp-support	crates/erp-support/src/entity/bulk_job/supplier_governance_job.rs	move-with-symbol-splits		9714e72349c346a46ee8bd30055d8fb804f4e2f0f0132703fa5721494e1a6c85	SupplierGovernanceJobKind,SupplierGovernanceJobSpec
06	entities/src/catalog/mod.rs	erp-catalog	crates/erp-catalog/src/entity/catalog/mod.rs	move-with-symbol-splits		1dabdb5602de58abb2ffbd4cb243cdb152328ca63700a1b774483f0a7a5574fd	-
06	entities/src/catalog/product.rs	erp-catalog	crates/erp-catalog/src/entity/catalog/product.rs	move-with-symbol-splits		88098a1f52f4884c56206edeb12cca3f48b241e1d6262ff4d5b46c0601249fd2	ProductData,ProductUpdate,Product
06	entities/src/catalog/product_brand.rs	erp-catalog	crates/erp-catalog/src/entity/catalog/product_brand.rs	move-with-symbol-splits		1657ee85920a36331080f12545ce9ad4505574a4dd5f7e35b0d513bb263a1413	ProductBrandData,ProductBrandUpdate,ProductBrand
06	entities/src/catalog/product_category.rs	erp-catalog	crates/erp-catalog/src/entity/catalog/product_category.rs	move-with-symbol-splits		a582ddc32ac63232432614cd42c42f898835129df31d18cf5da22c472015801c	ProductCategoryData,ProductCategoryUpdate,ProductCategory
06	entities/src/catalog/product_category_attribute.rs	erp-catalog	crates/erp-catalog/src/entity/catalog/product_category_attribute.rs	move-with-symbol-splits		47d8abf0bf34dc7be4104afde6333d0f7a9a4dd599e95ad80161f7c182e7e7bc	ProductCategoryAttributeData,ProductCategoryAttributeUpdate,ProductCategoryAttribute
06	entities/src/catalog/product_kind.rs	erp-catalog	crates/erp-catalog/src/entity/catalog/product_kind.rs	move-with-symbol-splits		8f31ad53e275176e997ce02deb4cbe26ef474f771f6b2932aff096dee3ba6de2	ProductKind
06	entities/src/catalog/product_revision.rs	erp-catalog	crates/erp-catalog/src/entity/catalog/product_revision.rs	move-with-symbol-splits		f16878c950422e19d5fb290eafd1b4a80606b0229cdccd245284e9d32cfe6010	ProductRevisionData,ProductRevision
06	entities/src/catalog/product_revision_media.rs	erp-catalog	crates/erp-catalog/src/entity/catalog/product_revision_media.rs	move-with-symbol-splits		c3aa628cc92ca65c3281dc9c573309404fdf07e2c18f38c6ec7cb5c67e06f001	MediaRole,ProductRevisionMediaData,ProductRevisionMedia
06	entities/src/catalog/revision.rs	erp-catalog	crates/erp-catalog/src/entity/catalog/revision.rs	move-with-symbol-splits		c5dc6a141be26d88d13148c601c3403e01582730c4ad25a4105bb6ffa478de5c	-
06	entities/src/catalog/sku.rs	erp-catalog	crates/erp-catalog/src/entity/catalog/sku.rs	move-with-symbol-splits		6654053bef03d73d800e0f9c03e96e11ea8feb2038ff0d867c258ae4d8691537	SkuData,SkuUpdate,SkuEditIdentity,SkuEditAction,SkuEditIdentityError,Sku
06	entities/src/catalog/sku_attribute.rs	erp-catalog	crates/erp-catalog/src/entity/catalog/sku_attribute.rs	move-with-symbol-splits		3142e15737c9972c86bf7348dc93199a1127664ca197eb3015aad0f47bfd4e61	AttributeValueType,SkuAttributeData,SkuAttributeUpdate,SkuAttribute
06	entities/src/catalog/sku_attribute_value.rs	erp-catalog	crates/erp-catalog/src/entity/catalog/sku_attribute_value.rs	move-with-symbol-splits		148eda6d6e2241c04721e1af282f643bd354a763942d9f4441118f33a25b8f86	SkuAttributeValueData,SkuAttributeValueUpdate,SkuAttributeValue
06	entities/src/catalog/sku_revision.rs	erp-catalog	crates/erp-catalog/src/entity/catalog/sku_revision.rs	move-with-symbol-splits		0b16938f69f5e6cd66a6f635fec7fd6eaeab882c622f90cc6783c5382e6c49fe	SkuRevisionData,SkuRevision
06	entities/src/catalog/sku_revision_attribute_value.rs	erp-catalog	crates/erp-catalog/src/entity/catalog/sku_revision_attribute_value.rs	move-with-symbol-splits		7e312512dffec39056da7a69128aa248680e2ffb3ad451ffd0ccce0ef78c8bf5	SkuRevisionAttributeValueData,SkuRevisionAttributeValue
06	entities/src/catalog/specification.rs	erp-catalog	crates/erp-catalog/src/entity/catalog/specification.rs	move-with-symbol-splits		ade893bf9c60b99d2ec1335ac6c36db20a8aced3cdd058d9b18a23bf2a1a1792	SpecSignatureEntry,SpecificationSignatureSet,SpecificationSignatureRead
06	entities/src/catalog/status.rs	erp-catalog	crates/erp-catalog/src/entity/catalog/status.rs	move-with-symbol-splits		909643ce9bd95bcee936901608a8ff52c609d894f5c3b62718301b20ef35d205	EnableStatus,ListingStatus,ProductListingStatus,SkuCoverageStatus
06	entities/src/catalog/unit_of_measure.rs	erp-catalog	crates/erp-catalog/src/entity/catalog/unit_of_measure.rs	move-with-symbol-splits		dbad2eed5a87272f48745f95e4f5d765895c0852f1911f4faa386722e9ed8b2b	UnitOfMeasureData,UnitOfMeasureUpdate,UnitOfMeasure
06	entities/src/catalog/voucher_category_profile_revision.rs	erp-catalog	crates/erp-catalog/src/entity/catalog/voucher_category_profile_revision.rs	move-with-symbol-splits		daec9332d0597de69a63f620662ae7f09724c39c8473f87ebb6a306c3eac86eb	VoucherCategoryProfileRevisionData,VoucherCategoryProfileRevision
06	entities/src/catalog/voucher_defaults.rs	erp-catalog	crates/erp-catalog/src/entity/catalog/voucher_defaults.rs	move-with-symbol-splits		2bc259e9398cb38eb2c81774321eecf5cb99703edec45332bfbd8286740d333d	VoucherCategorySelection,VoucherCatalogDefaults
01	entities/src/command.rs	application-core	crates/application-core/src/command.rs	move		3f438280c12b17cadf3c388fe61f48490fb0220837365c6f689eb4022499b539	CommandFingerprint,CommandIdentity,CommandReceiptFact,CommandReceiptMatch,CommandReceipt,Payload
01	entities/src/common/fact.rs	erp-core	crates/erp-core/src/common/fact.rs	move		3c9d8e6faacacad3f6093184205501097c6dcb35a793f975cb7b3f84f32731ce	FactBase,FactSource
01	entities/src/common/mod.rs	erp-core	crates/erp-core/src/common/mod.rs	move		18335adc019764ed74b0dd025c5fed9913a6b3e9a93a2c5c64f0d4a8386d3430	-
01	entities/src/common/revision.rs	erp-core	crates/erp-core/src/common/revision.rs	move		bac6c065d28021b62139f68caeb228325aed2cab82f24cafca86d501550059e9	RevisionBase
01	entities/src/common/source.rs	erp-core	crates/erp-core/src/common/source.rs	move		1ac430856548dc99640995f958285fd294b5633efa9ed93199b79e6420794dba	SourceType
01	entities/src/common/stable.rs	erp-core	crates/erp-core/src/common/stable.rs	move		3428caa344e655361da3ebe8955811cc9d74f0fec4e2c83c106816d7791fbfd2	StableBase,DemoStatus
01	entities/src/common/state.rs	erp-core	crates/erp-core/src/common/state.rs	move		e54a173d4ebf97309b0171be94dbf7c312e03d6db9dbee29b3be612e0516181e	DocumentState,SourceSystemStatus,OneWay
01	entities/src/common/time.rs	erp-core	crates/erp-core/src/common/time.rs	move		3dc2dc9df082b2e30bfa778b886dfc5e4508c2be79a1575a1668efb3c3dc36f5	BusinessDate,Err,Instant,InstantVisitor,Value,Doc
06	entities/src/contract/contract_revision.rs	erp-contract	crates/erp-contract/src/entity/contract/contract_revision.rs	move-with-symbol-splits		cebd2c399ea6bdef95a99a347fc240928d26471f61d3a35d80f110ec6dc2cd3f	ArchiveSource,ContractRevisionData,ContractRevision
06	entities/src/contract/entity.rs	erp-contract	crates/erp-contract/src/entity/contract/entity.rs	move-with-symbol-splits		c0049bfc094c0a8f01516758dd203359b2698cbabb3a48bb7338ad955a7f87f4	ContractStatus,ContractData,ContractUpdate,Contract
06	entities/src/contract/mod.rs	erp-contract	crates/erp-contract/src/entity/contract/mod.rs	move-with-symbol-splits		80722f25208cddd5ac0a689a576db59d6f3a9f94dd4902e52cbdc7a1d68819b1	-
06	entities/src/contract/snapshot.rs	erp-contract	crates/erp-contract/src/entity/contract/snapshot.rs	move-with-symbol-splits		88b95e1bad1dfc1a0d74aad11ffe2f2a07f17b15b1c17a5619f3042d5c3020eb	CustomerSnapshot,ContractSnapshot,SettlementPartySnapshot,PaymentTermSnapshot,InvoiceRequirementSnapshot
09	entities/src/cost/cost_allocation.rs	erp-finance	crates/erp-finance/src/entity/cost/cost_allocation.rs	move-with-symbol-splits		215f638185a4cd692d2f322a7e62fc5058e307305f62a6f9219fef72797106de	CostAllocationData,CostAllocation
09	entities/src/cost/cost_allocation_set.rs	erp-finance	crates/erp-finance/src/entity/cost/cost_allocation_set.rs	move-with-symbol-splits		3407508d100a1f8e5ff2d2459754ad45073c171c7ca37720c2067a9aa21940e8	CostAllocationLineInput,CostAllocationPlanLine,CostAllocationSet
09	entities/src/cost/cost_entry.rs	erp-finance	crates/erp-finance/src/entity/cost/cost_entry.rs	move-with-symbol-splits		ed5cb5820771e9a30d0b74c09191a4888cb11e7065380eb15d5c0ffaa7800735	CostType,CostStage,CostScope,CostBasis,CostEntryData,CostEntry
09	entities/src/cost/mod.rs	erp-finance	crates/erp-finance/src/entity/cost/mod.rs	move-with-symbol-splits		5bc3ec666709483f670ef23ab9a1fa9463259cb1ce8c9366f571f451f5998c38	-
05	entities/src/customer/assignment_command.rs	erp-customer	crates/erp-customer/src/entity/customer/assignment_command.rs	move-with-symbol-splits		5116172c638880e6da3df1c36696577f7ac0a788b7709a406a153702dcc8ad5e	CustomerAssignmentCommand,AssignCustomerAssignment,EndCustomerAssignment
05	entities/src/customer/customer_account.rs	erp-customer	crates/erp-customer/src/entity/customer/customer_account.rs	move-with-symbol-splits		0a9d524720f61bd6afcb8ee1c8f59722979a0680225731c16f168e301c7c42ee	CustomerAccountStatus,CustomerAccountData,CustomerAccountUpdate,CustomerAccount
05	entities/src/customer/customer_assignment.rs	erp-customer	crates/erp-customer/src/entity/customer/customer_assignment.rs	move-with-symbol-splits		114c94bd58a5f21762717fd531bca9a83ff524156394f1e84581a6e8553fdb83	AssignmentRole,CustomerAssignmentData,CustomerAssignmentUpdate,CustomerAssignment
05	entities/src/customer/customer_profile_command.rs	erp-customer	crates/erp-customer/src/entity/customer/customer_profile_command.rs	move-with-symbol-splits		a907d810fec65059dac491b0fc2850b6d865f11ee3646d8ad2d7c5eaa792e151	CustomerProfileRequestFingerprint,CustomerProfileReplayContext,CustomerProfileCommandResultData,CustomerProfileCommandData,CustomerProfileCommand,SensitiveRequest
05	entities/src/customer/mod.rs	erp-customer	crates/erp-customer/src/entity/customer/mod.rs	move-with-symbol-splits		6b86afd4f61f4a9e249b2e3d27b8c15fa0c5d24f20219d514f6e30e7866afae5	-
05	entities/src/customer/profile_validation.rs	erp-customer	crates/erp-customer/src/entity/customer/profile_validation.rs	move-with-symbol-splits		7f03544234be5478037b376e91798d7cb5315868f16de6b3c316510219bbd49b	CustomerProfileOperation,CustomerProfileRequestShape,CustomerProfileFactKind,CustomerProfileFactInput,CustomerProfileFactSet,Fact
03	entities/src/document_registry/business_document.rs	erp-workflow	crates/erp-workflow/src/entity/document_registry/business_document.rs	move-with-symbol-splits		f9be42782fd2a00add50852c714c8979e5f95cb5f52ae44177095edf6a61805b	DocumentType,ApprovalDefinitionBinding,ApprovalBindingUpgradeError,ApprovalBindingUpgradeInput,BusinessDocumentData,BusinessDocument
03	entities/src/document_registry/document_participant.rs	erp-workflow	crates/erp-workflow/src/entity/document_registry/document_participant.rs	move-with-symbol-splits		24ecdb2ade24599e932e42f4fb8c63396a6bb4a9c808feb3b478d1786291d93d	ParticipantRole,DocumentParticipantData,DocumentParticipant
03	entities/src/document_registry/document_relation.rs	erp-workflow	crates/erp-workflow/src/entity/document_registry/document_relation.rs	move-with-symbol-splits		2fddba208d9b5cf330c32f2d19657385d4606d299ec5461ef62e3fa6bb9ba570	DocumentRelationType,DocumentRelationData,DocumentRelation
03	entities/src/document_registry/mod.rs	erp-workflow	crates/erp-workflow/src/entity/document_registry/mod.rs	move-with-symbol-splits		33a590ce7f836450db44decc1b438ec3265cddcd1b7d631fbb4427981f3cccd6	-
03	entities/src/document_registry/workflow_action.rs	erp-workflow	crates/erp-workflow/src/entity/document_registry/workflow_action.rs	move-with-symbol-splits		3705306e00fe3d11edb400b3a0c537ce4df92600e1d1303e394bfdf1627d8351	WorkflowActionType,ApprovalActionContext,ApprovalBindingActionContext,WorkflowActionData,WorkflowAction
01	entities/src/errors.rs	erp-core	crates/erp-core/src/errors.rs	move		2dcd7e5eb179ccf65f8d89b2e33b28408bfdee4d3dc41f83ada162f6c4fba77b	Error,Result
01	entities/src/field_update.rs	erp-core	crates/erp-core/src/field_update.rs	move		0d2c9de7f7dcadf18ce4d40882f340df9ce5e1d31a33e5a0bb9472ca5c6e37f4	FieldUpdate,SampleUpdate
04	entities/src/file_asset/bank_receipt_evidence_policy.rs	erp-support	crates/erp-support/src/entity/file_asset/bank_receipt_evidence_policy.rs	move-with-symbol-splits		fa4ab675a04b73cb64912e35a18ee83517c135a8f389eb195f8df9a68956c476	BankReceiptEvidencePolicy
04	entities/src/file_asset/document_attachment.rs	erp-support	crates/erp-support/src/entity/file_asset/document_attachment.rs	move-with-symbol-splits		0a67085062fe5590fc2fcebdc09c46ef9dd1448008f86d8263e0022787199620	AttachmentUsage,DocumentAttachmentData,DocumentAttachment
04	entities/src/file_asset/entity.rs	erp-support	crates/erp-support/src/entity/file_asset/entity.rs	move-with-symbol-splits		eb820f6af9c04bcf991696370f93501ab53f6aaec38a6d74185d23234331e971	ContentHmac,SecurityScanStatus,SensitivityClass,RetentionClass,FileAssetData,FileAsset,HmacSha256
04	entities/src/file_asset/mod.rs	erp-support	crates/erp-support/src/entity/file_asset/mod.rs	move-with-symbol-splits		4e9e82a21261c50ab98c931d1b3ae32b844c4502114643cfdfcd394fdae22a52	-
04	entities/src/file_asset/pending_reference.rs	erp-support	crates/erp-support/src/entity/file_asset/pending_reference.rs	move-with-symbol-splits		be25a056556596e5463fb34e0914aaa702920935418678ce8d3e689e787dd9fa	PendingFileReference,PendingFileTarget,PendingFileReferenceSet
12	entities/src/fulfillment/acceptance_eligibility.rs	erp-fulfillment	crates/erp-fulfillment/src/entity/fulfillment/acceptance_eligibility.rs	move-with-symbol-splits		7c93be6a2bf86b024634f7a15405f580867f4a19374733ae4f8aed43e7d4347e	AcceptanceFactEligibility,AcceptanceLineEligibility,AcceptanceProgress
12	entities/src/fulfillment/acceptance_fulfillment_allocation.rs	erp-fulfillment	crates/erp-fulfillment/src/entity/fulfillment/acceptance_fulfillment_allocation.rs	move-with-symbol-splits		fd5069836919d06919684dabf7cf6e56d58dc61c8a889674cf1b6f72c1a306f9	FulfillmentFactType,AllocationAction,AcceptanceFulfillmentAllocationData,AcceptanceFulfillmentAllocation
12	entities/src/fulfillment/customer_acceptance.rs	erp-fulfillment	crates/erp-fulfillment/src/entity/fulfillment/customer_acceptance.rs	move-with-symbol-splits		7903c0b5d9fe89b35f26c3da54421805a519632875f7624590718a79b89a6b37	CustomerAcceptanceState,AcceptanceResult,CustomerAcceptanceData,CustomerAcceptanceUpdate,CustomerAcceptance,CustomerAcceptanceLineData,CustomerAcceptanceLine
12	entities/src/fulfillment/customer_acceptance_line_batch.rs	erp-fulfillment	crates/erp-fulfillment/src/entity/fulfillment/customer_acceptance_line_batch.rs	move-with-symbol-splits		40d4e3969b0b10664a524e79c84e1f39b4709d52df5b2d7e12ec8a205957ecda	CustomerAcceptanceLineSpec,CustomerAcceptanceLineBatch
12	entities/src/fulfillment/delivery.rs	erp-fulfillment	crates/erp-fulfillment/src/entity/fulfillment/delivery.rs	move-with-symbol-splits		3868a207d0fdf54209b0fbba10ddc82e653c0c3c946a7fcaa91560e35c65a571	DeliveryState,DeliveryType,DeliveryData,DeliveryUpdate,Delivery,DeliveryLineData,DeliveryLine
12	entities/src/fulfillment/delivery_line_batch.rs	erp-fulfillment	crates/erp-fulfillment/src/entity/fulfillment/delivery_line_batch.rs	move-with-symbol-splits		9160c7e32fe5359525cda0af06d3f3ebe3fd648d6da130faf2670feeabc61679	DeliveryLineSpec,DeliveryLineBatch
12	entities/src/fulfillment/electronic_delivery.rs	erp-fulfillment	crates/erp-fulfillment/src/entity/fulfillment/electronic_delivery.rs	move-with-symbol-splits		f3a169b01fb856e5732266209339b7b7e25936eceedd8525b8af8ff5d2436739	ElectronicDeliveryState,FulfillmentResult,ElectronicDeliveryData,ElectronicDeliveryUpdate,ElectronicDelivery
12	entities/src/fulfillment/electronic_delivery_draft.rs	erp-fulfillment	crates/erp-fulfillment/src/entity/fulfillment/electronic_delivery_draft.rs	move-with-symbol-splits		543e6cc3cf51949d43ef861cc3efd6ac7a10eb6e01a8bf0e4a1fa01c56d24ff9	ElectronicRecipientFingerprint,ElectronicDeliveryDraftData,ElectronicDeliveryDraft
12	entities/src/fulfillment/fingerprint.rs	erp-fulfillment	crates/erp-fulfillment/src/entity/fulfillment/fingerprint.rs	move-with-symbol-splits		b748cfa5770dd7821587168a196aaf497b1e265dc0442d7caab00afc288fa490	HmacSha256
12	entities/src/fulfillment/mod.rs	erp-fulfillment	crates/erp-fulfillment/src/entity/fulfillment/mod.rs	move-with-symbol-splits		4a7883e1b41a5cb9828e4025ed35d1388c979a9f1c98a581e917611f5d33a5b0	-
12	entities/src/fulfillment/purchase_receipt.rs	erp-fulfillment	crates/erp-fulfillment/src/entity/fulfillment/purchase_receipt.rs	move-with-symbol-splits		345445570e8d686bddbf7978e14275e019d160275a1c6a57378d25cdbf0bc814	PurchaseFulfillmentEligibility,PurchaseReceiptState,QualityResult,PurchaseReceiptData,PurchaseReceiptUpdate,PurchaseReceipt,PurchaseReceiptLineData,PurchaseReceiptLine
12	entities/src/fulfillment/purchase_receipt_line_batch.rs	erp-fulfillment	crates/erp-fulfillment/src/entity/fulfillment/purchase_receipt_line_batch.rs	move-with-symbol-splits		f2fd566e1f1e8628ad77fbe582821829d98b35fa0d9f176c3fc0847ee31eb703	PurchaseReceiptLineSpec,PurchaseReceiptLineBatch
12	entities/src/fulfillment/service_evidence.rs	erp-fulfillment	crates/erp-fulfillment/src/entity/fulfillment/service_evidence.rs	move-with-symbol-splits		c13eeec8ce7e9c745bd9b11a2689c43fb25d464c90c5fa286ec81df76300e21b	ActualServiceLocation,ServiceEvidencePolicy
12	entities/src/fulfillment/service_fulfillment.rs	erp-fulfillment	crates/erp-fulfillment/src/entity/fulfillment/service_fulfillment.rs	move-with-symbol-splits		52057cabed50fcb4dec6a1daa916547b2afc89c975a393f3ad432fd49b912b35	ServiceFulfillmentState,ServiceFulfillmentData,ServiceFulfillmentUpdate,ServiceFulfillmentConfirmation,ServiceFulfillmentConfirmationParams,ServiceFulfillment
12	entities/src/fulfillment/service_fulfillment_draft.rs	erp-fulfillment	crates/erp-fulfillment/src/entity/fulfillment/service_fulfillment_draft.rs	move-with-symbol-splits		df744c2cf6e258cdcc8d10b69764584b4423fb47376dc86b4f5cdf30cc0003a0	ServiceRecipientFingerprint,ServiceLocationFingerprint,ServiceFulfillmentDraftData,ServiceFulfillmentDraft
01	entities/src/ids.rs	erp-core	crates/erp-core/src/ids.rs	move		7899ed583374c1887afc5eebdc6fe8cd1304894abde50fa8a0e6912bbcbcc11e	SourceSystemId,ExternalIdentityMapId,ExternalIdentityTargetId,BusinessDocumentId,DocumentRelationId,DocumentParticipantId,WorkflowActionId,WorkItemId,ApprovalSubjectSnapshotId,ApprovalNotificationOutboxId,BulkSelectionSnapshotId,BulkSelectionItemId,BackgroundJobId,BackgroundJobItemId,FileAssetId,DocumentAttachmentId,PermissionId,UserRoleId,DataScopeId,AuditEventId,PartyId,PartyRevisionId,PartyContactId,PartyAddressId,PartyTaxProfileId,PartyBankAccountId,CustomerAccountId,CustomerAssignmentId,SupplierAccountId,SupplierCommercialProfileRevisionId,SupplierCapabilityId,SupplierCapabilityRevisionId,SupplierQualificationId,SupplierQualificationRevisionId,SupplierQualificationCapabilityId,SupplierRatingRevisionId,ProductCategoryId,ProductBrandId,UnitOfMeasureId,SkuAttributeId,SkuAttributeValueId,ProductCategoryAttributeId,ProductId,ProductRevisionId,ProductRevisionMediaId,SkuId,SkuRevisionId,SkuRevisionAttributeValueId,VoucherCategoryProfileRevisionId,WarehouseId,WarehouseRevisionId,WarehouseSkuPolicyId,ContractId,ContractRevisionId,SalesOrderId,SalesOrderLineId,SalesOrderWorkingCopyId,SalesOrderWorkingCopyLineId,SalesOrderSubmissionId,SalesOrderSubmissionLineId,SalesOrderRevisionId,SalesOrderRevisionLineId,SalesOrderGoodsServiceLineRevisionId,SalesOrderVoucherLineRevisionId,ProcurementConfirmationId,ProcurementConfirmationLineId,SalesChangeOrderId,SalesChangeSubmissionId,SalesChangeSubmissionLineId,ProcurementResponsibilityRuleId,PurchaseOrderId,PurchaseOrderSubmissionId,PurchaseOrderSubmissionLineId,PurchaseOrderRevisionId,PurchaseOrderRevisionLineId,PurchaseLineSalesAllocationId,PurchaseChangeOrderId,PurchaseChangeSubmissionId,PurchaseChangeSubmissionLineId,PurchaseReceiptId,PurchaseReceiptLineId,DeliveryId,DeliveryLineId,ElectronicDeliveryId,ServiceFulfillmentId,CustomerAcceptanceId,CustomerAcceptanceLineId,AcceptanceFulfillmentAllocationId,StockMovementId,StockBalanceId,StockReservationId,StockReservationEntryId,StockAdjustmentId,StockAdjustmentLineId,ReceivableAccountId,ReceivableEntryId,ReceivableFundsReviewId,ReceivableEntryOffsetId,CustomerReceiptId,ReceiptAllocationId,InvoiceId,SalesInvoiceAllocationId,PayableAccountId,PayableEntryId,PayableEntryOffsetId,SupplierPaymentId,PaymentAllocationId,PurchaseInvoiceAllocationId,CostEntryId,CostAllocationId,SalesReturnCaseId,SalesReturnLineId,PurchaseReturnOrderId,PurchaseReturnLineId,CustomerRefundId,SupplierRefundId,ReceiptReversalId,PaymentReversalId,LegacyImportBatchId,LegacyImportRowId,LegacyImportConfirmationId,SupplierOfferingId,SupplierOfferingRevisionId,SupplierOfferingAvailabilityId,SupplierApiConnectionId,SupplierApiCapabilityId,SupplierFulfillmentOrderId,SupplierFulfillmentItemId,SupplierOrderActionId,SupplierOrderActionLineId,SupplierOrderStatusHistoryId,SupplierRefundFactId,SupplierRefundAllocationId,SupplierSettlementStatementId,SupplierSettlementItemId,SupplierSettlementDifferenceId,InboxMessageId,IntegrationErrorTaskId,ReconciliationDifferenceId,ReconciliationDifferenceResolutionId
14	entities/src/integration_ops/decision_policy.rs	erp-integration	crates/erp-integration/src/entity/integration_ops/decision_policy.rs	move-with-symbol-splits		f9a4fdd66a79a0fde8824af6b8a54a72dfd63635a3838f1b36ae8f5ff8b28443	RequiredEvidenceKind,FundsImpact,TerminalEvidencePolicy,RegisteredReason,ReasonRegistry,DecidedAction,ActionBlocker,ErrorActionProjection,DifferenceActionProjection,ProjectionSubject,ProjectionOutcome
14	entities/src/integration_ops/direct_conclusion.rs	erp-integration	crates/erp-integration/src/entity/integration_ops/direct_conclusion.rs	move-with-symbol-splits		12a3be02784006bcae48816bb42c0d2e12031cb791013cd68dc5cfd9dc6f40e6	DirectConclusion
14	entities/src/integration_ops/error_classification.rs	erp-integration	crates/erp-integration/src/entity/integration_ops/error_classification.rs	move-with-symbol-splits		a0174a82447c6ee394cab5f9a21e4f687c1ef1cc2a48b4f21a1b3c6f04260bae	-
14	entities/src/integration_ops/evidence_reference.rs	erp-integration	crates/erp-integration/src/entity/integration_ops/evidence_reference.rs	move-with-symbol-splits		fa7f8241cb7d955a8d6eb735ec99cd3fc72b30bed40d42ba2c02eb81cf5adc0f	EvidenceRecordRef,CanonicalEvidenceReference,ReplayOriginalReference,EvidenceReferenceSet,CompactEvidenceSet,EvidenceSubjectBindings
14	entities/src/integration_ops/inbox_message.rs	erp-integration	crates/erp-integration/src/entity/integration_ops/inbox_message.rs	move-with-symbol-splits		6f5b1b5f65282c0b463ce90f2733e61c9f8bdb8508b12143b2677adfd83fb057	MessageType,InboxMessageStatus,InboxMessageData,InboxMessageReceivedData,InboxMessageUpdate,InboxMessage
14	entities/src/integration_ops/integration_error_task.rs	erp-integration	crates/erp-integration/src/entity/integration_ops/integration_error_task.rs	move-with-symbol-splits		c4553bfc82fe14ec5c72435613ad09c09e48e7a537ff852a30bd9d649624938a	ErrorClass,ErrorTaskStatus,ResolutionType,IntegrationErrorTaskData,IntegrationErrorTaskUpdate,IntegrationErrorTask
14	entities/src/integration_ops/mod.rs	erp-integration	crates/erp-integration/src/entity/integration_ops/mod.rs	move-with-symbol-splits		432ea7bbbd15b900e427d972365249ffd0d8d9b75dafdce3069c6c186dc61d7e	IntegrationCommandIdentity
14	entities/src/integration_ops/reconciliation_difference.rs	erp-integration	crates/erp-integration/src/entity/integration_ops/reconciliation_difference.rs	move-with-symbol-splits		f66f74f9907b997ea5786dffd91edc1bcf2057389b9aa1f75415a9b8e6661719	ReconciliationDifferenceData,ReconciliationDifference
14	entities/src/integration_ops/reconciliation_difference_resolution.rs	erp-integration	crates/erp-integration/src/entity/integration_ops/reconciliation_difference_resolution.rs	move-with-symbol-splits		591b41407953b11ec722f0861bbbe64ff052d49547d56dce181560c44184e1f1	ResolutionAction,ResultingStatus,ResolutionVersionCheck,ReconciliationDifferenceResolutionData,ReconciliationDifferenceResolution
14	entities/src/integration_ops/w29_close.rs	erp-integration	crates/erp-integration/src/entity/integration_ops/w29_close.rs	move-with-symbol-splits		3418455453e4c539cb6ccaf9be40d3b825c869c58b8fa5b1ba9d37621b671f0d	W29EvidenceReference,W29CloseDecision
14	entities/src/integration_ops/w29_work_items.rs	erp-integration	crates/erp-integration/src/entity/integration_ops/w29_work_items.rs	move-with-symbol-splits		0870bf573b278cf59e83a3b43984eda007f44a42d5da1e135ebfd0190a89eec3	-
08	entities/src/inventory/approval_snapshot.rs	erp-inventory	crates/erp-inventory/src/entity/inventory/approval_snapshot.rs	move-with-symbol-splits		cfde3bf75dc9aa8fe3a48daffc0938351bad26dd3b2140b97871e95b3be2d57d	StockAdjustmentApprovalSnapshot
08	entities/src/inventory/mod.rs	erp-inventory	crates/erp-inventory/src/entity/inventory/mod.rs	move-with-symbol-splits		eb61be1e38b3784ba2ac745159d98b5d058d566b21908ec3d143b4e63afab109	-
08	entities/src/inventory/stock_adjustment.rs	erp-inventory	crates/erp-inventory/src/entity/inventory/stock_adjustment.rs	move-with-symbol-splits		019d19bd3abcc2a5eebec1a2cb38b983eefdb4a62ebbc432aeb38108df595aa8	StockAdjustmentState,AdjustmentReasonType,StockAdjustmentData,StockAdjustmentUpdate,StockAdjustment,StockAdjustmentLineData,StockAdjustmentLineUpdate,StockAdjustmentLine
08	entities/src/inventory/stock_balance.rs	erp-inventory	crates/erp-inventory/src/entity/inventory/stock_balance.rs	move-with-symbol-splits		09b1cb29f6462b45c88a910c5942dd581c1e275f7db9dfc653aa5b44edcaf0de	StockBalanceData,StockBalanceUpdate,StockBalance
08	entities/src/inventory/stock_movement.rs	erp-inventory	crates/erp-inventory/src/entity/inventory/stock_movement.rs	move-with-symbol-splits		08f5c2a0da5863217335e98f1907cda8ac47fd4597e9e5cbc541827cf426b3f3	MovementDirection,MovementType,StockMovementData,StockMovement
08	entities/src/inventory/stock_reservation.rs	erp-inventory	crates/erp-inventory/src/entity/inventory/stock_reservation.rs	move-with-symbol-splits		7ef68dd213ba59e14c611a097309c338bd71455c9cab0c62a8b9f2b59ed144ee	StockReservationSourceType,ReservationStatus,ReservationEntryType,StockReservationData,StockReservationUpdate,StockReservation,StockReservationEntryData,StockReservationEntry
07	entities/src/legacy_import/apply_result_set.rs	erp-import	crates/erp-import/src/entity/legacy_import/apply_result_set.rs	move-with-symbol-splits		068d56033f140437ef003e4c3775c0a73132a2513ab946a63197a4ae7a48d06f	ApplyResultDraft,ApplyResultOutcome,ApplyResultItem,ApplyResultSet
07	entities/src/legacy_import/confirmation_factories.rs	erp-import	crates/erp-import/src/entity/legacy_import/confirmation_factories.rs	move-with-symbol-splits		ec61c823b30ad52215383cc9bfb4bdab94fcef2800330d1e402e44a94504d872	-
07	entities/src/legacy_import/import_row_factory.rs	erp-import	crates/erp-import/src/entity/legacy_import/import_row_factory.rs	move-with-symbol-splits		eaae7f6c8a3839dc43ce40dc3caf46cda72af725708a6c2a63afb6a30101915f	ImportRowSpec
07	entities/src/legacy_import/legacy_import_batch.rs	erp-import	crates/erp-import/src/entity/legacy_import/legacy_import_batch.rs	move-with-symbol-splits		02c357c0e4a41ecbad5217d5d7397f948bd799295656a4c1572ce6826e100b61	LegacyImportBatchStatus,LegacyImportBatchData,LegacyImportBatch
07	entities/src/legacy_import/legacy_import_confirmation.rs	erp-import	crates/erp-import/src/entity/legacy_import/legacy_import_confirmation.rs	move-with-symbol-splits		6b1c6de90c0ce1db76794543103aa4eb57296c4c1418406cac0a3de33f571e0d	ConfirmationStatus,ConfirmationDecision,ConfirmationScope,ConfirmationMatrixDecision,LegacyImportConfirmationData,LegacyImportConfirmation
07	entities/src/legacy_import/legacy_import_row.rs	erp-import	crates/erp-import/src/entity/legacy_import/legacy_import_row.rs	move-with-symbol-splits		9e129dd79b148663d297ef089c57604aa6d616bf621c8a0b777f0d2948107414	ParseStatus,MappingStatus,ImportStatus,LegacyImportRowData,LegacyImportRow
07	entities/src/legacy_import/mod.rs	erp-import	crates/erp-import/src/entity/legacy_import/mod.rs	move-with-symbol-splits		ad066888c6ea28fcab48318df1ebef37304e018f8c93cb000aeadb6e51b60bc4	LegacyImportCommandIdentity
17	entities/src/lib.rs			remove-production-entry	01-16	2230bd6838bd134fee733e52c3a0c38abf2e144d7182d539e4fbaf51e55d2e62	-
01	entities/src/money.rs	erp-core	crates/erp-core/src/money.rs	move		2e2c3c76ddcff291b35f97cd8bb40f0e74e495fda89270642cef2cb47b32da10	Error,Err,MoneyVisitor,Value,D128BytesSeed,BytesVisitor,MoneyDoc
05	entities/src/party/close.rs	erp-party	crates/erp-party/src/entity/party/close.rs	move-with-symbol-splits		349ed702e70e4d0dd2ebd426ad5c20ccbe8e9e6c3803858f45e37d06f1fad246	ClosePlan
05	entities/src/party/content_match.rs	erp-party	crates/erp-party/src/entity/party/content_match.rs	move-with-symbol-splits		7f6b0ced95b76d734241592cf16edad543d4d696d34d86153430cb803208d597	QueryFingerprint,SensitiveFactReuse,PartyContactContentMatch,PartyAddressContentMatch,PartyBankAccountContentMatch
05	entities/src/party/entity.rs	erp-party	crates/erp-party/src/entity/party/entity.rs	move-with-symbol-splits		14b15caffec183d48d795d7d705f85ccc730ad9fe272816f7d6caf17221d8f71	PartyKind,PartyStatus,PartyData,PartyUpdate,Party
05	entities/src/party/mod.rs	erp-party	crates/erp-party/src/entity/party/mod.rs	move-with-symbol-splits		96dcffc0f41824aff47e56b0d7368b45eaab375b3627e00df66330174352851b	PartyOwned
05	entities/src/party/party_address.rs	erp-party	crates/erp-party/src/entity/party/party_address.rs	move-with-symbol-splits		29e3ca0f0c34ac16fd56cf24b9f9fc56dec1d73e788be2eba72c0e1c044d3148	AddressType,PartyAddressData,PartyAddressUpdate,PartyAddress
05	entities/src/party/party_bank_account.rs	erp-party	crates/erp-party/src/entity/party/party_bank_account.rs	move-with-symbol-splits		f01c6568c4b66eff488c3cec87c35975d4bdfea3fc9b1624f7edccb82b507f8a	PartyBankAccountData,PartyBankAccountUpdate,PartyBankAccount
05	entities/src/party/party_contact.rs	erp-party	crates/erp-party/src/entity/party/party_contact.rs	move-with-symbol-splits		831953361e821c07b870c5ecb5b8505f16b5420dfbd38445dec17f3774200b05	PartyContactData,PartyContactUpdate,PartyContact
05	entities/src/party/party_revision.rs	erp-party	crates/erp-party/src/entity/party/party_revision.rs	move-with-symbol-splits		968f70c8e8dac01029baf6d9ea1b69fd3aa326bbe72d9157f436017c9480adda	PartyRevisionData,PartyRevision
05	entities/src/party/party_tax_profile.rs	erp-party	crates/erp-party/src/entity/party/party_tax_profile.rs	move-with-symbol-splits		899345aec783c58de13ce61ec8d459d4a76ce8c51ce0275b215aed9ea0b50d1f	PartyTaxProfileData,PartyTaxProfileUpdate,PartyTaxProfile
05	entities/src/party/sensitive.rs	erp-party	crates/erp-party/src/entity/party/sensitive.rs	move-with-symbol-splits		893897f657362cd77afad5c0223b988b88251c1224405f273190a1b8c3ced2a1	-
05	entities/src/party/status.rs	erp-party	crates/erp-party/src/entity/party/status.rs	move-with-symbol-splits		f948254ed6e70a7c84b30b4257c3f4f3930be76bb4b59cdbc8b224484569ddd9	EffectiveRecordStatus,Fact
09	entities/src/payable/mod.rs	erp-finance	crates/erp-finance/src/entity/payable/mod.rs	move-with-symbol-splits		32e99a673ab1d9f2ed055d8a9e34d793499064df11d2363effac1787748cc4f4	-
09	entities/src/payable/payable_account.rs	erp-finance	crates/erp-finance/src/entity/payable/payable_account.rs	move-with-symbol-splits		34ade6e184fac4985c54dbbae4976624992561073f0410ec410b1262cbd2381a	PayableSourceType,PayableAccountStatus,PayableAccountData,PayableAccount
09	entities/src/payable/payable_entry.rs	erp-finance	crates/erp-finance/src/entity/payable/payable_entry.rs	move-with-symbol-splits		8fd961e3ce5cd0801663b752f108a3f367b677db7a5c6b55ae1fab4d5301a0f1	PayableEntryType,EntryDirection,PayableEntryData,PayableEntry
09	entities/src/payable/payable_entry_offset.rs	erp-finance	crates/erp-finance/src/entity/payable/payable_entry_offset.rs	move-with-symbol-splits		0d81a5ce861a1f0ef26c5b52781ae68bd4bba217ef820c101a29925373c8092d	PayableEntryOffsetData,PayableEntryOffset
09	entities/src/payable/payment_allocation.rs	erp-finance	crates/erp-finance/src/entity/payable/payment_allocation.rs	move-with-symbol-splits		5ce9697df7d63ef7f5cedf05c1c73d660208551bc386778d9fcb971e403f8433	AllocationAction,PaymentAllocationData,PaymentAllocation,PaymentReversePlanRow,PaymentReverseChunk
09	entities/src/payable/payment_allocation_ledger.rs	erp-finance	crates/erp-finance/src/entity/payable/payment_allocation_ledger.rs	move-with-symbol-splits		a22f6289f9670ed094b97900cd2368593e6145fa8dd832fc3f663941c4316d19	PaymentAllocationLedger
09	entities/src/payable/purchase_invoice_allocation.rs	erp-finance	crates/erp-finance/src/entity/payable/purchase_invoice_allocation.rs	move-with-symbol-splits		669f5fea844f5af06807e7132d0687d4504fd70ae071e06cd34fea6daac7ae3e	PurchaseInvoiceAllocationData,PurchaseInvoiceAllocation
09	entities/src/payable/purchase_invoice_allocation_plan.rs	erp-finance	crates/erp-finance/src/entity/payable/purchase_invoice_allocation_plan.rs	move-with-symbol-splits		a8fb0b16f1f9d009b715a5e0304bf8eab573a7e6c1fb306075807b050698f82e	PurchaseInvoiceAllocationLine,PurchaseInvoiceAllocationPlan
09	entities/src/payable/supplier_payment.rs	erp-finance	crates/erp-finance/src/entity/payable/supplier_payment.rs	move-with-symbol-splits		40b889cb450e48e942cae7bc30d4062aff9265cda24893f0f170d07ae104bf1f	SupplierPaymentStatus,PendingPaymentAllocation,SupplierPaymentData,SupplierPayment
11	entities/src/procurement_responsibility/catalog.rs	erp-procurement	crates/erp-procurement/src/entity/procurement_responsibility/catalog.rs	move-with-symbol-splits		69c1107ffb4130b2fa0718189e29dd222f75efa3a505fef67d4d72a1e9a4bfd8	ProcurementCatalogFact,ProcurementCatalogBundle
11	entities/src/procurement_responsibility/mod.rs	erp-procurement	crates/erp-procurement/src/entity/procurement_responsibility/mod.rs	move-with-symbol-splits		086f33fa6d10c3608354d4ed64ea952ed5cfb6bdc7b370289cade00a8253e715	-
11	entities/src/procurement_responsibility/resolution.rs	erp-procurement	crates/erp-procurement/src/entity/procurement_responsibility/resolution.rs	move-with-symbol-splits		580b016aa05e966543efab6bf745a7034ce399a5e5041ca3fafd54830d12b5a6	ProcurementResponsibilityResolutionLine,ProcurementResponsibilityResolutionBatch,EligibleProcurementOwner,ProcurementResponsibilityResolutionIdentity,ProcurementResponsibilityContext,ProcurementResponsibilityRuleSet
11	entities/src/procurement_responsibility/rule.rs	erp-procurement	crates/erp-procurement/src/entity/procurement_responsibility/rule.rs	move-with-symbol-splits		1efd1c37f784c922130eb6ed8f9673a625c1b20b8af606d9c77a8481b8274d07	ProcurementResponsibilityRuleType,ProcurementResponsibilityRuleData,ProcurementResponsibilitySelectorReference,ProcurementResponsibilityRule,NormalizedRuleData,Error
11	entities/src/procurement_responsibility/rule_list.rs	erp-procurement	crates/erp-procurement/src/entity/procurement_responsibility/rule_list.rs	move-with-symbol-splits		4a82c2705c0eb63bb6fd877ae75a3cafe4329dd5064febe53d14175c5eb34263	ProcurementRuleListDisplayFacts,ProcurementRuleListPage
11	entities/src/purchase_order/allocation.rs	erp-procurement	crates/erp-procurement/src/entity/purchase_order/allocation.rs	move-with-symbol-splits		57f058ef480343ea34635e6b97e6154bc5ad0e9547073bec085fb50bc1a15d6e	CurrentSalesAllocationLine,CurrentSalesAllocationPlan,CurrentSalesAllocationPlanError,PurchaseLineSalesAllocationData,PurchaseLineSalesAllocation
11	entities/src/purchase_order/change_order.rs	erp-procurement	crates/erp-procurement/src/entity/purchase_order/change_order.rs	move-with-symbol-splits		778b4877461b6b34cea0f1e4f1530887dce489ddbda8f250b7a07fad6dc52c49	PurchaseChangeOrderStatus,PurchaseChangeOrderData,PurchaseChangeOrderUpdate,PurchaseChangeOrder,PurchaseChangeSubmissionData,PurchaseChangeSubmission,PurchaseChangeSubmissionLineData,PurchaseChangeSubmissionLine
11	entities/src/purchase_order/command_receipt.rs	erp-procurement	crates/erp-procurement/src/entity/purchase_order/command_receipt.rs	move-with-symbol-splits		2b98bf615905ccfc2cfb77762c7fcea86d573df6fefe8e203bec0ee4b01b49be	LegacyReceiptIdScheme,PurchaseCommandReceiptIdentity,PurchaseCommandReceiptError,PurchaseReceiptWire,PurchaseCommandReceipt,TestReceipt,TestFingerprintPayload,PipeReceipt
11	entities/src/purchase_order/coverage.rs	erp-procurement	crates/erp-procurement/src/entity/purchase_order/coverage.rs	move-with-symbol-splits		2da65225f5f958e1a6c1dbb7001df570a65ceac2ec1bbd15e59cbb55eb577bf3	SalesProcurementCoverageLine,SalesProcurementCoverage,ProcurementCoverageFacts
11	entities/src/purchase_order/creation_basis.rs	erp-procurement	crates/erp-procurement/src/entity/purchase_order/creation_basis.rs	move-with-symbol-splits		58e10208f9a7405d5c7c45a1e08cbc6521d8bb99a2cb641f9cef0e5d691d5e69	LineSupply,BasisLine,BasisScope,BasisGroup,RequestedLine,CreationBasisFacts
11	entities/src/purchase_order/draft_edit.rs	erp-procurement	crates/erp-procurement/src/entity/purchase_order/draft_edit.rs	move-with-symbol-splits		c0ce3754dc1b84986760e72951ea207627f92871041c870068b84f6b8914494b	DraftLineEdit,DraftLineEditViolation
11	entities/src/purchase_order/line_amounts.rs	erp-procurement	crates/erp-procurement/src/entity/purchase_order/line_amounts.rs	move-with-symbol-splits		ce836a57ce915ffe530043a8f4d6579554e2209d1bfb264eb0b4941fee097cb9	PurchaseLineInput,LineAmountViolation
11	entities/src/purchase_order/line_common.rs	erp-procurement	crates/erp-procurement/src/entity/purchase_order/line_common.rs	move-with-symbol-splits		ec0126cd09e532fc356276b17edb4cc47523f40d907122475d20408e425cbb3a	PurchaseLineFields,PurchaseLineDataRef
11	entities/src/purchase_order/mod.rs	erp-procurement	crates/erp-procurement/src/entity/purchase_order/mod.rs	move-with-symbol-splits		c8cddb0487b8495c67242d2856de6e6173e3756782c12f35a78fbf67dbc378bc	-
11	entities/src/purchase_order/order.rs	erp-procurement	crates/erp-procurement/src/entity/purchase_order/order.rs	move-with-symbol-splits		8da6ec5bf76108cdad549c0fabdf82a7f202c78eba2862b04f6d074386458536	PurchaseOrderStatus,PurchaseReviewStatus,ProgressStatus,PurchaseOrderData,PurchaseOrderUpdate,PurchaseOrder
11	entities/src/purchase_order/purchase_revision.rs	erp-procurement	crates/erp-procurement/src/entity/purchase_order/purchase_revision.rs	move-with-symbol-splits		07e1b378979b3f746b9577f8fbcde34e671b6d343ed75358f9e9f670d8671fd0	PurchaseOrderRevisionData,PurchaseOrderRevision,PurchaseOrderRevisionLineData,PurchaseOrderRevisionLine
11	entities/src/purchase_order/purchase_submission.rs	erp-procurement	crates/erp-procurement/src/entity/purchase_order/purchase_submission.rs	move-with-symbol-splits		1f6c3436fcb8c20e05cce9b4df6d0fe95a6f79dd3136e8381d5b3fa60dc6f48d	SubmissionStatus,PurchaseOrderReviewDecision,PurchaseOrderSubmissionData,PurchaseOrderSubmissionUpdate,PurchaseOrderSubmission,PurchaseOrderSubmissionLineData,PurchaseOrderSubmissionLine
11	entities/src/purchase_order/snapshot.rs	erp-procurement	crates/erp-procurement/src/entity/purchase_order/snapshot.rs	move-with-symbol-splits		6465006d16f0e0c2b2f07b5d60a9d375823a4fb3652adfe1f156d7bf6b4683d3	SupplierSnapshot,PaymentTermSnapshot
11	entities/src/purchase_order/sourcing_plan/assignment.rs	erp-procurement	crates/erp-procurement/src/entity/purchase_order/sourcing_plan/assignment.rs	move-with-symbol-splits		0ea850ce8aa0b5c0840f6e3461d6254e75a72ad4eba36192fe8ad16a5b21d887	SupplySourceType,SourcingAssignment,SourcingAssignmentSet
11	entities/src/purchase_order/sourcing_plan/mod.rs	erp-procurement	crates/erp-procurement/src/entity/purchase_order/sourcing_plan/mod.rs	move-with-symbol-splits		f3e94082fd41f6fbcd1e7eded122dfce6e4c3467dd56b9b467d523aa607ae5ee	-
11	entities/src/purchase_order/sourcing_plan/plan.rs	erp-procurement	crates/erp-procurement/src/entity/purchase_order/sourcing_plan/plan.rs	move-with-symbol-splits		24402778dac1d02099edd95f086c4ca3619bacb92803be3c2d434019cf7ab063	SourcingDraftPlan,SourcingPlanError,SourcingPlan
11	entities/src/purchase_order/sourcing_plan/stock.rs	erp-procurement	crates/erp-procurement/src/entity/purchase_order/sourcing_plan/stock.rs	move-with-symbol-splits		40821de76ef25c9a5f6abc2fb7e31c5b41b8bd91990dfae04d55d17b9f51f8cd	StockBasisLine,StockBasisGroup,StockAllocationPlan,RequestedStockLine
11	entities/src/purchase_order/sourcing_plan/tests.rs	erp-procurement	crates/erp-procurement/src/entity/purchase_order/sourcing_plan/tests.rs	move-with-symbol-splits		d6c3c3fe693df08f4c7d8dd54e87abe3eeb031ec8a41089b9a6b379a17ee2425	-
11	entities/src/purchase_order/types.rs	erp-procurement	crates/erp-procurement/src/entity/purchase_order/types.rs	move-with-symbol-splits		fce94244cc8c274061139bbeb072670debcc7beab130eb93387001351ac2e6aa	PurchaseType,FulfillmentResponsibility,PurchaseLineType
02	entities/src/rbac.rs	erp-identity	crates/erp-identity/src/entity/rbac.rs	move-with-symbol-splits		dc9afe861d50c65e030cd3dce9970c08049af7d2d206adabde6df17b3f707591	RoleId,RoleIdSet,Permission,PermissionSet
09	entities/src/receivable/card_funds_receipt.rs	erp-finance	crates/erp-finance/src/entity/receivable/card_funds_receipt.rs	move-with-symbol-splits		e6335bab7c874afc531f84688332f3938e6a61456fc09d744479c3cde72c932d	CardFundsCommandReceiptVersion,CardFundsCommandFollowUp,CardFundsCommandReceiptData,CardFundsCommandReceipt,CardFundsCommandReceiptError,CardFundsRegistrationKind,CardFundsRegistrationReceipt,CardFundsRegistrationReceiptError,SampleCommand
09	entities/src/receivable/card_funds_review_decision.rs	erp-finance	crates/erp-finance/src/entity/receivable/card_funds_review_decision.rs	move-with-symbol-splits		ece21f7e988a9e6174fdb1a39a9a451633b574441d883187911a44b5823cfe51	CardFundsReviewType,CardFundsReviewResult,CardFundsReviewConclusion,CardFundsReviewEvidence,ValidatedCardFundsReviewDecision,ValidatedCardFundsReviewDecisionParams
09	entities/src/receivable/customer_receipt.rs	erp-finance	crates/erp-finance/src/entity/receivable/customer_receipt.rs	move-with-symbol-splits		dd1c5eaea38f177d8c68e6a3fbf387f4441eef8b3404e7fd54fd6a296642533a	CustomerReceiptStatus,PendingReceiptAllocation,CustomerReceiptData,CustomerReceiptUpdate,CustomerReceipt,CustomerReceiptApprovalFacts
09	entities/src/receivable/funds_ledger.rs	erp-finance	crates/erp-finance/src/entity/receivable/funds_ledger.rs	move-with-symbol-splits		700217f2857266ab91ce3ffe6d6514946abea116c407004ecc49ebae0aa45ef8	ReceivableFundsLedger,AmountLike
09	entities/src/receivable/funds_review_chain.rs	erp-finance	crates/erp-finance/src/entity/receivable/funds_review_chain.rs	move-with-symbol-splits		3d0d49fd7bdb946d20c31158b56262481e21f829d8d64783375f4996a6291bd0	ReceivableFundsReviewChain
09	entities/src/receivable/funds_snapshot.rs	erp-finance	crates/erp-finance/src/entity/receivable/funds_snapshot.rs	move-with-symbol-splits		fc7c9b58d0f832446efcec3ea000eb26d7e5980867620345fb26685681a60254	ReceivableFundsSnapshot
09	entities/src/receivable/invoice.rs	erp-finance	crates/erp-finance/src/entity/receivable/invoice.rs	move-with-symbol-splits		2fbac0e446edeeb7d8ebaac1773165902b06a12a6b86dfbb13426785cfd6c8b7	InvoiceDirection,InvoiceKind,AccountingDirection,InvoiceStatus,InvoiceData,InvoiceUpdate,RedInvoiceAllocationBasis,RedInvoiceAllocationReversal,RedInvoiceAllocationLine,RedInvoiceAllocationPlanError,RedInvoiceAllocationPlan,Invoice
09	entities/src/receivable/mod.rs	erp-finance	crates/erp-finance/src/entity/receivable/mod.rs	move-with-symbol-splits		64eb1eb3dad4d52dd38804ee306170367a6068e72acca3bdb2362a124271e7af	-
09	entities/src/receivable/receipt_allocation.rs	erp-finance	crates/erp-finance/src/entity/receivable/receipt_allocation.rs	move-with-symbol-splits		5a5287df1ac338cfd22ac1eb5d1122d3796a2f519d96f17854518442d3f43751	AllocationAction,CardFundsRegistrationAllocationInput,CardFundsRegistrationAllocationsError,CardFundsRegistrationAllocations,ReceiptAllocationData,ReceiptAllocation,AllocationIdRef,ReceiptReversePlanRow,ReceiptReverseChunk
09	entities/src/receivable/receivable_account.rs	erp-finance	crates/erp-finance/src/entity/receivable/receivable_account.rs	move-with-symbol-splits		eeda39c7627d2cc5c89afac8edb5ea3da660de7bc56c9a48fceae2dd753ddbd9	ReceivableAccountStatus,AccountReviewStatus,ReceivableAccountData,ReceivableAccountUpdate,ReceivableAccount
09	entities/src/receivable/receivable_entry.rs	erp-finance	crates/erp-finance/src/entity/receivable/receivable_entry.rs	move-with-symbol-splits		ec19d66ea569c26af238b2b587ff1dce27be2e834cbb100983455667baff04b2	ReceivableEntryType,EntryDirection,ReceivableEntryData,ReceivableEntry
09	entities/src/receivable/receivable_entry_offset.rs	erp-finance	crates/erp-finance/src/entity/receivable/receivable_entry_offset.rs	move-with-symbol-splits		8c283441c914683338c0a738e0e13af180dba1483ad5d774435696027ede5a6f	ReceivableEntryOffsetData,ReceivableEntryOffset
09	entities/src/receivable/receivable_funds_review.rs	erp-finance	crates/erp-finance/src/entity/receivable/receivable_funds_review.rs	move-with-symbol-splits		3113f4adff3e25592cab3e0e8dbe522a65d0f05348c508f946f18f6d56a87f3e	FundsReviewType,ReviewResult,ReceivableFundsReviewData,ReceivableFundsReview
09	entities/src/receivable/sales_change_delta.rs	erp-finance	crates/erp-finance/src/entity/receivable/sales_change_delta.rs	move-with-symbol-splits		6b23dab1c1909c6996fea879dd0f922aac4b6d6c750c5e8ab8715016ed1bf3c6	ReceivableDelta
09	entities/src/receivable/sales_invoice_allocation.rs	erp-finance	crates/erp-finance/src/entity/receivable/sales_invoice_allocation.rs	move-with-symbol-splits		f686ca8b98cb2bfd92a8df964d8199b83ba64a2625775ee9342638ff2d2a1831	SalesInvoiceAllocationData,SalesInvoiceAllocation
09	entities/src/receivable/sales_invoice_allocation_plan.rs	erp-finance	crates/erp-finance/src/entity/receivable/sales_invoice_allocation_plan.rs	move-with-symbol-splits		fe3474463fd5396d30ce9feeeba253015b85872461e6541a3c618c463f12de96	SalesInvoiceAllocationLine,SalesInvoiceAllocationPlan
09	entities/src/receivable/sales_order_amount_summary.rs	erp-finance	crates/erp-finance/src/entity/receivable/sales_order_amount_summary.rs	move-with-symbol-splits		32db102e3a446d4961d4e02404df2cf66caa5f0427061c8f96d3211a8ff6f074	SalesOrderReceivableAmountSummary
13	entities/src/returns/cumulative_limit.rs	erp-returns	crates/erp-returns/src/entity/returns/cumulative_limit.rs	move-with-symbol-splits		390bf63b039c3c773041716da8809767fb15c2ccc5836e26612e025608f5821e	CumulativeAmountLimit
13	entities/src/returns/customer_refund.rs	erp-returns	crates/erp-returns/src/entity/returns/customer_refund.rs	move-with-symbol-splits		34eecbb414fad33956c573086d008bac1185a48111521c22157ba65f27121d8b	CustomerRefundStatus,CustomerRefundData,CustomerRefundUpdate,CustomerRefund
13	entities/src/returns/mod.rs	erp-returns	crates/erp-returns/src/entity/returns/mod.rs	move-with-symbol-splits		bb4d106c8cd5cb07639fe345cb603612768fe119934a7cbaad01001799e16d09	-
13	entities/src/returns/payment_reversal.rs	erp-returns	crates/erp-returns/src/entity/returns/payment_reversal.rs	move-with-symbol-splits		40fc923dda1d3917b1f159d18b04a31bafbe068520aeecbc661eca342275c4d7	PaymentReversalStatus,PaymentReversalData,PaymentReversalUpdate,PaymentReversal
13	entities/src/returns/purchase_return_line.rs	erp-returns	crates/erp-returns/src/entity/returns/purchase_return_line.rs	move-with-symbol-splits		7b404ef4fdf3922ad1927791db29b19bced653ab2d70720d59af27b029e532a0	PurchaseReturnLineData,PurchaseReturnLineUpdate,PurchaseReturnLine
13	entities/src/returns/purchase_return_order.rs	erp-returns	crates/erp-returns/src/entity/returns/purchase_return_order.rs	move-with-symbol-splits		547371918cb45ebbc739bbcc9493baabf851c6287f79be5f344504b0e0b22ffe	ReturnMode,PurchaseReturnStatus,PurchaseReturnOrderData,PurchaseReturnOrderUpdate,PurchaseReturnOrder
13	entities/src/returns/receipt_reversal.rs	erp-returns	crates/erp-returns/src/entity/returns/receipt_reversal.rs	move-with-symbol-splits		826be140ca8e0780744f96e7e0e8f8af14d01e3d9f428b41e762bc8058a9a1d8	ReceiptReversalStatus,ReceiptReversalData,ReceiptReversalUpdate,ReceiptReversal
13	entities/src/returns/sales_return_case.rs	erp-returns	crates/erp-returns/src/entity/returns/sales_return_case.rs	move-with-symbol-splits		29c5d31a0409dc74a5adff9e42b34c61fcd0138287e579afef0bbf3d6801ad64	CaseType,ReturnRoute,SalesReturnCaseStatus,SalesReturnCaseData,SalesReturnCaseUpdate,SalesReturnCase
13	entities/src/returns/sales_return_line.rs	erp-returns	crates/erp-returns/src/entity/returns/sales_return_line.rs	move-with-symbol-splits		8cd2c7270b8338175eeb278cc24400afd127a82688134947ac76fb32296b27f0	QualityResult,SalesReturnLineData,SalesReturnLineUpdate,SalesReturnLine
13	entities/src/returns/supplier_refund.rs	erp-returns	crates/erp-returns/src/entity/returns/supplier_refund.rs	move-with-symbol-splits		43ebda2d588a1eaeea51e819746950c8ac88f8f43756518538910e999c5e9748	SupplierRefundStatus,SupplierRefundData,SupplierRefundUpdate,SupplierRefund
02	entities/src/role.rs	erp-identity	crates/erp-identity/src/entity/role.rs	move-with-symbol-splits		f4fd26eb2e59dab559efd6a1f3fc0777ac16438f4357f74f84b7267862ad9c0e	RoleData,RoleUpdate,Role
10	entities/src/sales_order/amount_validation.rs	erp-sales	crates/erp-sales/src/entity/sales_order/amount_validation.rs	move-with-symbol-splits		4ee247ad672b680062145924a11a2ff585d511e50f84bcb68d6dbb71bbfdaa90	-
10	entities/src/sales_order/approval_quantity.rs	erp-sales	crates/erp-sales/src/entity/sales_order/approval_quantity.rs	move-with-symbol-splits		9a1779417b7e8a3d2f74d04829776108757b822eb0b072acc90c5b4cf01fa567	-
10	entities/src/sales_order/closure.rs	erp-sales	crates/erp-sales/src/entity/sales_order/closure.rs	move-with-symbol-splits		05aa956bade4fa5bcf54fef95d83f3e28d84e6fdc660dd244382a01853ed297b	SalesOrderClosureFacts,SalesOrderClosureTerminal,SalesOrderFulfillmentBlocker,SalesOrderClosureAssessment
10	entities/src/sales_order/content_hash.rs	erp-sales	crates/erp-sales/src/entity/sales_order/content_hash.rs	move-with-symbol-splits		7c89199d0979a25ccc667918ef6b67202c7d7658cc6cae23cc8b4b92394ed096	SalesContentHash
10	entities/src/sales_order/draft_working_copy.rs	erp-sales	crates/erp-sales/src/entity/sales_order/draft_working_copy.rs	move-with-symbol-splits		73118b69019b2074915ae43cb074f4a6724e1f90e85ef83f8bc3dd761dc90e2c	-
10	entities/src/sales_order/entity/line.rs	erp-sales	crates/erp-sales/src/entity/sales_order/entity/line.rs	move-with-symbol-splits		73d5bd04c78b4515dc1b1b3b659bbb82f6a66dc662f639b3dc0cb3b06d3f6fc5	SalesOrderLineData,SalesOrderLine
10	entities/src/sales_order/entity/mod.rs	erp-sales	crates/erp-sales/src/entity/sales_order/entity/mod.rs	move-with-symbol-splits		855f969fd87ddec203a9aa3c24194e80d587445050385830a93d398ac568bd61	-
10	entities/src/sales_order/entity/order.rs	erp-sales	crates/erp-sales/src/entity/sales_order/entity/order.rs	move-with-symbol-splits		856043b47847e452ee86c8adc9dfd5c5aacf4f7b54ed3db78025c72b5203d77f	SalesOrderData,SalesOrderUpdate,SalesOrder
10	entities/src/sales_order/entity/status.rs	erp-sales	crates/erp-sales/src/entity/sales_order/entity/status.rs	move-with-symbol-splits		76e938a61738865faa843cccb81713aa728cefcfc85c4ed7ec076a0569276234	CommercialStatus,ReviewStatus,FulfillmentProgress,CollectionProgress,InvoiceProgress,CloseStatus,LineStatus
10	entities/src/sales_order/entity/tests.rs	erp-sales	crates/erp-sales/src/entity/sales_order/entity/tests.rs	move-with-symbol-splits		899f019ee8b20e9d62764d48f34931b5233deedade2c1457e79c42a695f61df7	-
10	entities/src/sales_order/formal_revision.rs	erp-sales	crates/erp-sales/src/entity/sales_order/formal_revision.rs	move-with-symbol-splits		e89764762b96c4941c57246da793280ca3e93576bc24d653ecd086123cab8550	FormalRevisionIdentities,FormalRevisionLineIdentity,FormalRevisionSubtypeIdentity,FormalRevisionContext,SalesOrderRevisionAggregate,FormalRevisionHeader,PreparedRevisionLine
10	entities/src/sales_order/mod.rs	erp-sales	crates/erp-sales/src/entity/sales_order/mod.rs	move-with-symbol-splits		5964c2199daa91fc32356d9d86cc916a0fa902e33801d785a3e4b166e9715682	-
10	entities/src/sales_order/procurement.rs	erp-sales	crates/erp-sales/src/entity/sales_order/procurement.rs	move-with-symbol-splits		1629821e4d976e5716d7d4d6c1df8867c911c49e2cebda2de32a71db435e4426	ProcurementCoverageSummary
10	entities/src/sales_order/revision.rs	erp-sales	crates/erp-sales/src/entity/sales_order/revision.rs	move-with-symbol-splits		653e85a35cbb373066b38eb816429b863f64f4cc5e334897d99d923102f904df	RevisionSource,SalesOrderRevisionData,SalesOrderRevision,SalesOrderRevisionLineData,SalesOrderRevisionLine,SalesOrderGoodsServiceLineRevisionData,SalesOrderGoodsServiceLineRevision,SalesOrderVoucherLineRevisionData,SalesOrderVoucherLineRevision
10	entities/src/sales_order/snapshot.rs	erp-sales	crates/erp-sales/src/entity/sales_order/snapshot.rs	move-with-symbol-splits		07449ae7d3b7aaebd1568dd2353f009582bd9f7613e5844ab5ceb4a13bdb20c7	CustomerSnapshot,ContractSnapshot,SettlementPartySnapshot,PaymentTermSnapshot,InvoiceRequirementSnapshot,HeaderSnapshotData,HeaderSnapshots
10	entities/src/sales_order/submission.rs	erp-sales	crates/erp-sales/src/entity/sales_order/submission.rs	move-with-symbol-splits		70ec9755685e198fce10071f37506c391ab1bb65fe071aaf068ed3b474ce1c61	SubmissionStatus,SalesOrderSubmissionData,SalesOrderSubmission,CardProjectionInputs,SalesOrderSubmissionLineData,SalesOrderSubmissionLine
10	entities/src/sales_order/submission_from_working_copy.rs	erp-sales	crates/erp-sales/src/entity/sales_order/submission_from_working_copy.rs	move-with-symbol-splits		e332013714a2910c74b47198435ac3b868bc29e9014a31f0b464cf20022af19e	-
10	entities/src/sales_order/types.rs	erp-sales	crates/erp-sales/src/entity/sales_order/types.rs	move-with-symbol-splits		34d074f4548662fad16c8b08f9b155bb9e73cef4d5c9b733614274a563e30387	ExternalIdentityResolution,BusinessType,OriginSystem,LineType,WelfareScenario,CardForm,GoodsLineFields,WireU32,VoucherLineDraft,VoucherLineFields,BuiltLineGroups,VoucherAmounts,LineSummary
10	entities/src/sales_order/working_copy.rs	erp-sales	crates/erp-sales/src/entity/sales_order/working_copy.rs	move-with-symbol-splits		a48f3f081dece90d2fbf256fa550b0d5f27d7aca7e0e626ef86b74056dbb43df	SalesOrderWorkingCopyData,SalesOrderWorkingCopyUpdate,SalesOrderWorkingCopy
10	entities/src/sales_order/working_copy_line.rs	erp-sales	crates/erp-sales/src/entity/sales_order/working_copy_line.rs	move-with-symbol-splits		f1e0c9fbef66a8945b3d2dd2bc12b241028e6f7f70349cf62e66b63b526fba74	SalesOrderWorkingCopyLineData,SalesOrderWorkingCopyLine
10	entities/src/sales_order/working_copy_test_support.rs	erp-sales	crates/erp-sales/src/entity/sales_order/working_copy_test_support.rs	move-with-symbol-splits		f9efa4a3c7083d99d172659cd13305ce9707bc9efcad6a92a6d031d19ff34e15	-
10	entities/src/sales_order/working_copy_types.rs	erp-sales	crates/erp-sales/src/entity/sales_order/working_copy_types.rs	move-with-symbol-splits		e6f7e4357508d1198e651e44f8d376dc0f14dbb12265a3c7ad501e9b0a15414c	WorkingPurpose,WorkingCopyStatus
10	entities/src/sales_review/formal_revision.rs	erp-sales	crates/erp-sales/src/entity/sales_review/formal_revision.rs	move-with-symbol-splits		6d945d27fc6da6522b4f26a7159a4c28da8837aa5cc23d202de6a29e34f376ce	-
10	entities/src/sales_review/mod.rs	erp-sales	crates/erp-sales/src/entity/sales_review/mod.rs	move-with-symbol-splits		b0f62b081498854a7288626c7f34cb0bb2a69fa26472a29b720bd3cf99b3fa4d	-
10	entities/src/sales_review/sales_change_order.rs	erp-sales	crates/erp-sales/src/entity/sales_review/sales_change_order.rs	move-with-symbol-splits		7b8bb5750d596355ec5bdf0c00f4fc854e902531be62e06b1826e1096f20aa03	SalesChangeType,SalesChangeOrderStatus,SalesChangeOrderData,SalesChangeOrderUpdate,SalesChangeOrder
10	entities/src/sales_review/sales_change_submission.rs	erp-sales	crates/erp-sales/src/entity/sales_review/sales_change_submission.rs	move-with-symbol-splits		d3dd2eceab60c8db70558ef875b168b5346ddc0a5fab86fe6d932328717d45c8	SubmissionStatus,SalesChangeSubmissionData,SalesChangeSubmission,SalesChangeSubmissionLineData,SalesChangeSubmissionLine
10	entities/src/sales_review/snapshot.rs	erp-sales	crates/erp-sales/src/entity/sales_review/snapshot.rs	move-with-symbol-splits		e0aab6fe2781dee5580d8bd639fc65943f98d76a26405f133141eaa265f38cdc	CustomerSnapshot,ContractSnapshot,SettlementPartySnapshot,PaymentTermSnapshot,InvoiceRequirementSnapshot,HeaderSnapshotData,HeaderSnapshots
10	entities/src/sales_review/types.rs	erp-sales	crates/erp-sales/src/entity/sales_review/types.rs	move-with-symbol-splits		289ee6389cc74cfbae798962bead07bebb1fa8c1b933ab5b8c747757dd067335	BusinessType,LineType,WelfareScenario,CardForm,GoodsLineFields,VoucherLineDraft,VoucherLineFields,BuiltLineGroups,VoucherAmounts,LineSummary
04	entities/src/source_registry/mod.rs	erp-support	crates/erp-support/src/entity/source_registry/mod.rs	move-with-symbol-splits		a0079cd045b4572a93dc48fbf1e1d7d265c17e0bbc8106ba61b0af68bf29c2d1	SourceSystemType,SourceSystemStatus,ExternalObjectType,MappingStatus,RelationRole,TargetStatus,ExternalIdKey,ExternalIdKeyVisitor,Value,SourceSystemData,SourceSystemUpdate,SourceSystem,ExternalIdentityMapData,ExternalIdentityMap,ExternalIdentityTargetData,ExternalIdentityTarget
05	entities/src/supplier/business_category.rs	erp-supplier	crates/erp-supplier/src/entity/supplier/business_category.rs	move-with-symbol-splits		e0078c490bfba55ffd335dd5091894508c07e9f5990db12adcf52d98f8db8722	PaymentTermSnapshotParts
05	entities/src/supplier/creation_plan.rs	erp-supplier	crates/erp-supplier/src/entity/supplier/creation_plan.rs	move-with-symbol-splits		c3b65945817abbfdc468aaa1ccc587bb14026775c2075bbbbb47c9f3a63d4096	SupplierCreationQualificationIds,SupplierCreationIds,SupplierCreationQualificationInput,SupplierCreationRatingInput,SupplierCreationInputs,SupplierCreationPlan
05	entities/src/supplier/eligibility.rs	erp-supplier	crates/erp-supplier/src/entity/supplier/eligibility.rs	move-with-symbol-splits		47ff9b20fd02c56c97600221e5d0fd491393c59654b07cdff09ce27b3778b1c6	CapabilityEligibilityViolation
05	entities/src/supplier/mod.rs	erp-supplier	crates/erp-supplier/src/entity/supplier/mod.rs	move-with-symbol-splits		f8ce12c386e7c35c81013a053b81782d2ed8cc0d4638841dbad51bfa5c98a8ea	SupplierQualificationSelection
05	entities/src/supplier/payment_term.rs	erp-supplier	crates/erp-supplier/src/entity/supplier/payment_term.rs	move-with-symbol-splits		973dd3ac988d17fe14d29ba3450186fb688bba96cc524d5ad72c7a9785991ad2	SettlementMode,SupplierPaymentTerm
05	entities/src/supplier/profile_change/mod.rs	erp-supplier	crates/erp-supplier/src/entity/supplier/profile_change/mod.rs	move-with-symbol-splits		e68145dec3e9351b859164a2b95085de888551038a5721bdbbad6cf339155e40	-
05	entities/src/supplier/profile_change/party.rs	erp-supplier	crates/erp-supplier/src/entity/supplier/profile_change/party.rs	move-with-symbol-splits		668435afcf968a50dbf935d60c7f5f9847ad46bfd07488d5cd6ce5381215bc11	PlanPartyRevisionParams,PlanCommercialProfileRevisionParams
05	entities/src/supplier/profile_change/plan.rs	erp-supplier	crates/erp-supplier/src/entity/supplier/profile_change/plan.rs	move-with-symbol-splits		39c3f25bc3cc5ef81f24f6a67120f97c5794ccf5238fce3b2588a054a90e854f	CapabilityToggle,PlannedQualificationInput,SupplierProfileChangePlan
05	entities/src/supplier/profile_change/qualification.rs	erp-supplier	crates/erp-supplier/src/entity/supplier/profile_change/qualification.rs	move-with-symbol-splits		0f4bad6da8e26557d02870f8378fe5dc92a67291a71488793d44509cfb74ae0c	NewQualificationParams
05	entities/src/supplier/profile_change/tests.rs	erp-supplier	crates/erp-supplier/src/entity/supplier/profile_change/tests.rs	move-with-symbol-splits		34891239e539811a5e03e53c61a9eec207c3a8ffa74006ca5938d2f772ba2179	-
05	entities/src/supplier/profile_change/types.rs	erp-supplier	crates/erp-supplier/src/entity/supplier/profile_change/types.rs	move-with-symbol-splits		18924f9dea74ecbf88351f5a778b264311d878c2cf9edb0de7c49aefb0bae91e	-
05	entities/src/supplier/supplier_account.rs	erp-supplier	crates/erp-supplier/src/entity/supplier/supplier_account.rs	move-with-symbol-splits		3680c4ae4bb0370b613382f6caa0bccbbc47d8dba063c6b593f8ef4562843913	SupplierAccountStatus,SupplierProfileUpdateViolation,SupplierAccountData,SupplierAccountUpdate,SupplierAccount
05	entities/src/supplier/supplier_capability.rs	erp-supplier	crates/erp-supplier/src/entity/supplier/supplier_capability.rs	move-with-symbol-splits		dbee9d3e49afb82391370b5866b540de583c116d7dd6eae5868f7c31af23f52a	CapabilityCode,CapabilityStatus,SupplierCapabilityData,SupplierCapabilityUpdate,SupplierCapability
05	entities/src/supplier/supplier_capability_revision.rs	erp-supplier	crates/erp-supplier/src/entity/supplier/supplier_capability_revision.rs	move-with-symbol-splits		d692b7c44035b88360eeca40a9f5a43d22714eb0503798280bee816bf25de46f	SupplierCapabilityRevisionData,SupplierCapabilityRevision
05	entities/src/supplier/supplier_commercial_profile_revision.rs	erp-supplier	crates/erp-supplier/src/entity/supplier/supplier_commercial_profile_revision.rs	move-with-symbol-splits		382f472547e16ec931687604e40b1262a07ce5adabe37fadf4667d82f4a3ae71	ReconciliationCycle,InvoiceType,SupplierCommercialProfileRevisionData,SupplierCommercialProfileRevision
05	entities/src/supplier/supplier_profile_command.rs	erp-supplier	crates/erp-supplier/src/entity/supplier/supplier_profile_command.rs	move-with-symbol-splits		5a0c065eba71e279b70e59882ad9539123579ee9c40595ae7ac5a93def92f010	SupplierProfileCommandData,SupplierProfileCommand
05	entities/src/supplier/supplier_qualification.rs	erp-supplier	crates/erp-supplier/src/entity/supplier/supplier_qualification.rs	move-with-symbol-splits		cecc261ed0f0ad082516fc63c88c3d413b0872d28162bf39bd86fdd0ec626240	QualificationAttachmentSensitivity,QualificationType,QualificationStatus,SupplierQualificationData,SupplierQualificationUpdate,SupplierQualification
05	entities/src/supplier/supplier_qualification_capability.rs	erp-supplier	crates/erp-supplier/src/entity/supplier/supplier_qualification_capability.rs	move-with-symbol-splits		bbe2fe707d35024b6745bd3d5bd9078d3ea8f4f8719468278f19b6d2d563813d	SupplierQualificationCapabilityData,SupplierQualificationCapability
05	entities/src/supplier/supplier_qualification_revision.rs	erp-supplier	crates/erp-supplier/src/entity/supplier/supplier_qualification_revision.rs	move-with-symbol-splits		0f12402749600213e5c04e4e8dda7b156b5847a56fb719478ff43e07484fcf4d	SupplierQualificationRevisionData,SupplierQualificationRevision
05	entities/src/supplier/supplier_rating_revision.rs	erp-supplier	crates/erp-supplier/src/entity/supplier/supplier_rating_revision.rs	move-with-symbol-splits		b515923038b45e2d8456a46f85e77f5bbba8adbc6e5bd6499425762389f5711c	SupplierRating,SupplierRatingRevisionData,SupplierRatingRevision
16	entities/src/supplier_api/capability.rs	erp-supply	crates/erp-supply/src/entity/supplier_api/capability.rs	move-with-symbol-splits		d54a77a7adffd3f4478b990c0245f3cc2b9b4bb83a6cda38374838f2c8c7d869	SupplierApiCapabilityCode,SupplierApiCapabilityStatus,SupplierApiCapabilityData,SupplierApiCapabilityUpdate,SupplierApiCapability
16	entities/src/supplier_api/capability_change_set.rs	erp-supply	crates/erp-supply/src/entity/supplier_api/capability_change_set.rs	move-with-symbol-splits		811f48b1bc0ccfb1a4f79274d5e9f5b79c8ac6a706743a7c0823ba26baaed1e0	CapabilityChangeInput,PendingCapabilityChange,ValidatedCapabilityChange,CapabilityChangeSetRejection,CapabilityChangeSet,ClassifiedCapabilityChangeSet
16	entities/src/supplier_api/connection.rs	erp-supply	crates/erp-supply/src/entity/supplier_api/connection.rs	move-with-symbol-splits		c7ab4c7c9bb2199215a884b7b0d485261da6511ef62ce11edb67e884d443d0e4	ConnectionEnvironment,SupplierApiConnectionStatus,HealthCheckResult,RateLimitPolicy,SupplierApiConnectionData,SupplierApiConnectionUpdate,SupplierApiConnection
16	entities/src/supplier_api/governance.rs	erp-supply	crates/erp-supply/src/entity/supplier_api/governance.rs	move-with-symbol-splits		2468b42d6d44194e16889ed6c366a78157818ac1d18c5267f29d441f4e768bf5	BusinessCapabilityRequirement,BusinessCapabilityConfirmationData,BusinessCapabilityConfirmation,SupplierHealthCheckType,SupplierHealthCheckStatus,SupplierHealthCheckRunData,CapabilityVersionSnapshot,SupplierHealthCheckRun,SupplierConnectionAction,SupplierConnectionBusinessImpact,SupplierGovernanceBlocker,SupplierConnectionGovernance,SupplierCommandOutcome,SupplierConnectionCommandReceiptData,SupplierConnectionCommandReceipt
16	entities/src/supplier_api/mod.rs	erp-supply	crates/erp-supply/src/entity/supplier_api/mod.rs	move-with-symbol-splits		6c041e4247a473c26445b58e07f0388c7f60316644290f172483b27f8ce7a94b	-
16	entities/src/supplier_api/prepared_commands.rs	erp-supply	crates/erp-supply/src/entity/supplier_api/prepared_commands.rs	move-with-symbol-splits		01ddef68ab934715bbaceb46eea949ffa4fd7384002b66190f59d80ed87be315	CommandOptionalField,SupplierCommandShapeRejection,PreparedSupplierConnectionCreate,PreparedSupplierConnectionCommand
16	entities/src/supplier_fulfillment/fulfillment_item.rs	erp-supply	crates/erp-supply/src/entity/supplier_fulfillment/fulfillment_item.rs	move-with-symbol-splits		d0bcb366820653242ddb004b8059404215b6e46e03b02affa0c5f6ffae9cce49	SupplierFulfillmentItemData,SupplierFulfillmentItem
16	entities/src/supplier_fulfillment/fulfillment_order.rs	erp-supply	crates/erp-supply/src/entity/supplier_fulfillment/fulfillment_order.rs	move-with-symbol-splits		5a3d685ddece1a9f2224d135068007117141fbc0709849291695624e3a81813e	SupplierFulfillmentOrderData,SupplierFulfillmentOrderUpdate,SupplierFulfillmentOrder,HmacSha256
16	entities/src/supplier_fulfillment/mod.rs	erp-supply	crates/erp-supply/src/entity/supplier_fulfillment/mod.rs	move-with-symbol-splits		174678643787e57dffb95fc6af9d6fb1e8e9cd6ef970970382c273600d267063	-
16	entities/src/supplier_fulfillment/order_action.rs	erp-supply	crates/erp-supply/src/entity/supplier_fulfillment/order_action.rs	move-with-symbol-splits		6c699fefc54f9ff7e5b0ec915b7e2f0da4e3c664aa31ca4ba9024510ea9721cc	SupplierOrderActionType,SupplierOrderActionStatus,SupplierOrderActionData,SupplierOrderActionUpdate,SupplierOrderAction,SupplierOrderActionLineData,SupplierOrderActionLine
16	entities/src/supplier_fulfillment/refund.rs	erp-supply	crates/erp-supply/src/entity/supplier_fulfillment/refund.rs	move-with-symbol-splits		c2337f4081cef32e355df133b0d66cdd99c8ce08935b18c56ec338ba0a7c7c82	AllocationAction,SupplierRefundFactData,SupplierRefundFact,SupplierRefundAllocationData,SupplierRefundAllocation
16	entities/src/supplier_fulfillment/status.rs	erp-supply	crates/erp-supply/src/entity/supplier_fulfillment/status.rs	move-with-symbol-splits		ee195522776d01fb318316c7ff3bd0fec1f630cc99009cbe05a0c8d0bd2330cc	VerifiedSupplierOrderResolution,FulfillmentStatus,CancelStatus,RefundStatus
16	entities/src/supplier_fulfillment/status_history.rs	erp-supply	crates/erp-supply/src/entity/supplier_fulfillment/status_history.rs	move-with-symbol-splits		b5133ec9f34b6b4a61544aca879e48f43f6280e1b0c3af016855c065ab235d4b	SupplierOrderStatusHistoryData,SupplierCallbackParams,SupplierOrderStatusHistory
16	entities/src/supplier_offering/availability.rs	erp-supply	crates/erp-supply/src/entity/supplier_offering/availability.rs	move-with-symbol-splits		3636337afeb5e5999f702b40a4a9eb39749cc41ba4d059f8d79c1a22d9768654	SupplierOfferingAvailabilityData,SupplierOfferingAvailability
16	entities/src/supplier_offering/command.rs	erp-supply	crates/erp-supply/src/entity/supplier_offering/command.rs	move-with-symbol-splits		40cee8a02192d3ade73bde4059c3d1abf709c2f0b009b93f18085286bf675081	SupplierOfferingCommandData,SupplierOfferingCommand,OfferingResult,FailingSerialize
16	entities/src/supplier_offering/mod.rs	erp-supply	crates/erp-supply/src/entity/supplier_offering/mod.rs	move-with-symbol-splits		7f2c423c23f5ca6953b17e5131abf0943861d7964e8066d8130219a32d2ddf77	-
16	entities/src/supplier_offering/offering.rs	erp-supply	crates/erp-supply/src/entity/supplier_offering/offering.rs	move-with-symbol-splits		649a33be8e89d84cb9290c733c69d022adefff76831863c5759bbecce8babf68	SupplierOfferingData,SupplierOffering,PrefillSourceRefs,SupplierOfferingRevisionData,FromGrossPricesParams,SupplierOfferingRevision
16	entities/src/supplier_offering/types.rs	erp-supply	crates/erp-supply/src/entity/supplier_offering/types.rs	move-with-symbol-splits		e02af7a3022cb8d51b41250b2d032f7f20b6b3973c545482e54aeae34d93e87e	OfferingSourceType,OfferingStatus,OfferingRevisionImpact,AvailabilityInterruptionReason,AvailabilityStatus
16	entities/src/supplier_offering/write_data.rs	erp-supply	crates/erp-supply/src/entity/supplier_offering/write_data.rs	move-with-symbol-splits		4f730ec55761456e2b48dff785db6fdcdcd1b4ae800fe1506accaea72792c338	-
16	entities/src/supplier_settlement/difference.rs	erp-supply	crates/erp-supply/src/entity/supplier_settlement/difference.rs	move-with-symbol-splits		ede340908ef96dad51b8b7543fd5472c9928b04052cbc04fb0a291faa2312e3e	SettlementDifferenceType,SettlementDifferenceStatus,SettlementDifferenceConclusionKind,SettlementDifferenceConclusion,SupplierSettlementDifferenceData,SupplierSettlementDifferenceUpdate,SupplierSettlementDifference
16	entities/src/supplier_settlement/draft_snapshot.rs	erp-supply	crates/erp-supply/src/entity/supplier_settlement/draft_snapshot.rs	move-with-symbol-splits		3dab513a28902c15db1f33dab9e7ade858a6dcf77ae6300f93fce4de377f4337	SupplierSettlementDraftSnapshot
16	entities/src/supplier_settlement/evidence.rs	erp-supply	crates/erp-supply/src/entity/supplier_settlement/evidence.rs	move-with-symbol-splits		605f46578e6501541ce68fc71311308b34e10e7ac3bf90ef0b6faecbbb0b3bcb	SupplierSettlementDifferenceEvidenceData,SupplierSettlementDifferenceEvidence
16	entities/src/supplier_settlement/item.rs	erp-supply	crates/erp-supply/src/entity/supplier_settlement/item.rs	move-with-symbol-splits		79cd843ebf84ab5c965d3a4afcde384ff2570b7e3a56682b1f6ada8b010e690b	SettlementCostDelta,SupplierSettlementItemData,SupplierSettlementItem
16	entities/src/supplier_settlement/mod.rs	erp-supply	crates/erp-supply/src/entity/supplier_settlement/mod.rs	move-with-symbol-splits		5f5858549371dbf56d6f2f530f152733e4c595b5cf7c08402cabced4452515b5	-
16	entities/src/supplier_settlement/review_reason.rs	erp-supply	crates/erp-supply/src/entity/supplier_settlement/review_reason.rs	move-with-symbol-splits		839a0160d62555aa41a0475c8b00f36af8b7c97267a3576996bc16e69bf4dd16	SettlementReviewRejectReason
16	entities/src/supplier_settlement/source_evidence.rs	erp-supply	crates/erp-supply/src/entity/supplier_settlement/source_evidence.rs	move-with-symbol-splits		d168cbf9b72d5c54d0680833e70c2c360a4fa9f560f94baa8a7f0cbdefab11ec	SettlementSourceFactType,SettlementPeriod,SettlementAmountComponents,SettlementCancelEvidence,SupplierSettlementSourceEvidenceLineData,SupplierSettlementSourceEvidenceLine,SupplierSettlementSourceEvidenceData,SupplierSettlementSourceEvidence
16	entities/src/supplier_settlement/statement.rs	erp-supply	crates/erp-supply/src/entity/supplier_settlement/statement.rs	move-with-symbol-splits		2de9dfe1caf5023dc4c5e28d0cac5e8b0e37856bc0921dbd7c5d1c4463677ae8	SettlementReviewResult,SettlementReviewDecision,SettlementStatus,SupplierSettlementStatementData,SupplierSettlementSnapshotUpdate,SupplierSettlementStatementUpdate,SupplierSettlementStatement
01	entities/src/validation.rs	erp-core	crates/erp-core/src/validation.rs	move		b2d1211265143744a64cbbf2131070a63f9a0992e03fac3ae3e193840ae7c8b1	ValidationResult
06	entities/src/warehouse/mod.rs	erp-warehouse	crates/erp-warehouse/src/entity/warehouse/mod.rs	move-with-symbol-splits		792971844113ac48b42697ac57ce0ac27cc713ac79ea0aaf91162a20831d0eb4	-
06	entities/src/warehouse/status.rs	erp-warehouse	crates/erp-warehouse/src/entity/warehouse/status.rs	move-with-symbol-splits		3afbb3c2014e078277b87812341f8d8e4257b3b59ce4a041e6f4ae0e90886004	EnableStatus
06	entities/src/warehouse/warehouse_entity.rs	erp-warehouse	crates/erp-warehouse/src/entity/warehouse/warehouse_entity.rs	move-with-symbol-splits		fc57202bce37944cb5165daebcc79ec5a70e7fda83f20eea73a687e21f79c571	WarehouseFulfillmentOperation,WarehouseData,WarehouseUpdate,Warehouse
06	entities/src/warehouse/warehouse_revision.rs	erp-warehouse	crates/erp-warehouse/src/entity/warehouse/warehouse_revision.rs	move-with-symbol-splits		2a7f91d957469c44980ed9819852c4250939686f236c14101dcf16b6c9bcd303	SensitiveText,WarehouseRevisionData,WarehouseRevision,HmacSha256
06	entities/src/warehouse/warehouse_sku_policy.rs	erp-warehouse	crates/erp-warehouse/src/entity/warehouse/warehouse_sku_policy.rs	move-with-symbol-splits		7b946ee3d81326eb999966d0a0f2aec223a4b3a196bcd70313e0ea9295489ac5	WarehouseSkuPolicyPeriod,WarehouseSkuPolicyData,WarehouseSkuPolicyUpdate,WarehouseSkuPolicy
03	entities/src/work_item/card_funds_command.rs	erp-workflow	crates/erp-workflow/src/entity/work_item/card_funds_command.rs	move-with-symbol-splits		94582ca63eb9dc584071ada1d7f294974ea2ccd6ad0cbb7a5c76479d9b13903d	CardFundsReviewKind,CardFundsCommandSubject,CardFundsCommandLock,CardFundsCommandIdentityError
03	entities/src/work_item/due.rs	erp-workflow	crates/erp-workflow/src/entity/work_item/due.rs	move-with-symbol-splits		7943ec622806ebb5b0aa5521b4caa83e2927790c312feb7bdba568c5c1baed65	WorkItemDueFilter,WorkItemDueWindow
03	entities/src/work_item/entity.rs	erp-workflow	crates/erp-workflow/src/entity/work_item/entity.rs	move-with-symbol-splits		1457816ca74b9ee3534357e2892c0da6ed9795771774628133190513f9bd3dd2	WorkItem
03	entities/src/work_item/entity/approval.rs	erp-workflow	crates/erp-workflow/src/entity/work_item/entity/approval.rs	move-with-symbol-splits		8674977dbfe3a0e711cef5f6efbceb9a5c106be99573e8d6393ab85db7097b62	ApprovalDecisionTaskError,ApprovalRuntimeTaskEnding,DocumentApprovalWorkItemData
03	entities/src/work_item/entity/permissions.rs	erp-workflow	crates/erp-workflow/src/entity/work_item/entity/permissions.rs	move-with-symbol-splits		2dfbf9e6d6f09781874deeb3a34941d89297c854a70423ee1b4cbdf2f6db5e11	AvailableWorkItemAccount
03	entities/src/work_item/entity/status.rs	erp-workflow	crates/erp-workflow/src/entity/work_item/entity/status.rs	move-with-symbol-splits		f1a30377314efd696c9fca02ea6f3a6468798c60d8d9816a3cf560c8e37ae090	WorkItemCloseData
03	entities/src/work_item/entity/types.rs	erp-workflow	crates/erp-workflow/src/entity/work_item/entity/types.rs	move-with-symbol-splits		04e9b2e955395e0b7350b80cfe0f160974df81a90cf357cdb74f800fa5a6c3c0	WorkItemType,WorkItemBriefObjectKind,WorkItemBriefRelation,WorkItemAssignmentSeparationPolicy,WorkItemStatus,AssignmentSource,WorkItemPriority
03	entities/src/work_item/entity/validation.rs	erp-workflow	crates/erp-workflow/src/entity/work_item/entity/validation.rs	move-with-symbol-splits		1071a7ed304ba2943ad3d5cc1c5337893a47edc96708674d158e424e0cfc4194	WorkItemSubjectVersions,WorkItemData,NormalizedWorkItemData,Error
03	entities/src/work_item/finance_responsibility.rs	erp-workflow	crates/erp-workflow/src/entity/work_item/finance_responsibility.rs	move-with-symbol-splits		6866a2bacf2efbf92dba8c76ed2b402eaeb43fa10ee8ef37a91cb3a7a4525176	FinanceResponsibilityOperation,FinanceResponsibilityScope,FinanceResponsibilityRuleData,FinanceResponsibilityRule,FinanceResponsibilityRuleSet,NormalizedRuleData,Error
03	entities/src/work_item/finance_task.rs	erp-workflow	crates/erp-workflow/src/entity/work_item/finance_task.rs	move-with-symbol-splits		79a9efd9bb363709187f42f3ef1181278a63263785128d716ed53e068cb24449	SalesInvoiceTaskReason,CardFundsTaskKind,SupplierPaymentTaskReason,SalesInvoiceTaskSpec,CardFundsTaskSpec,SupplierPaymentTaskSpec
03	entities/src/work_item/fulfillment_responsibility.rs	erp-workflow	crates/erp-workflow/src/entity/work_item/fulfillment_responsibility.rs	move-with-symbol-splits		cf3da46d86514d50a312291106b59f458dacfc32a3da784e6932507f8775f46e	FulfillmentResponsibilityKey
03	entities/src/work_item/mod.rs	erp-workflow	crates/erp-workflow/src/entity/work_item/mod.rs	move-with-symbol-splits		b4a8e609c36357bd2129537e1cc23fad1bf4a05bc0137854862c4fea54bcbc2a	-
03	entities/src/work_item/queue_context.rs	erp-workflow	crates/erp-workflow/src/entity/work_item/queue_context.rs	move-with-symbol-splits		187699bec13991493dec7cf2fb5e81ac5baf06082392d36db0db79396aa400d1	QueueContextField,QueueContextIdentity
02	services/src/access_control/dto.rs	erp-identity	crates/erp-identity/src/dto/access_control.rs	move-with-symbol-splits		307a80ea9d70e84a7ec7332641530509f3d0570af02eba20a89ac32c8260cb56	PageParams,PermissionView,CreatePermissionRequest,UpdatePermissionRequest,PermissionListParams,PermissionListQuery,DataScopeView,CreateDataScopeRequest,DataScopeListParams,DataScopeListQuery,UserRoleView,UserRoleListParams,AssignUserRoleRequest,RevokeUserRoleRequest,AuditEventView,AuditEventListParams,AuditEventListQuery
02	services/src/access_control/mod.rs	erp-identity	crates/erp-identity/src/service/access_control/mod.rs	move-with-symbol-splits		0d97f0c1fbab997f77a7799aa18fa8c620497b7b1ebbb162f917c1cc91679413	PermissionFilter,DataScopeFilter,AuditEventFilter,AccessControlService
02	services/src/account_support.rs	erp-identity	crates/erp-identity/src/service/account_support.rs	move		830e475fece01e9f9e2123e5d11eafbd2b5073bfb3baf108cf6858b2f2c9932f	-
03	services/src/approval/action.rs	erp-workflow	crates/erp-workflow/src/service/approval/action.rs	move-with-symbol-splits		57ffa882efc093869577fc56fe0fb4cfc6e6b3af49fd572800e9b4e51dfe3af6	ApprovalActionContext,DecisionActionParams,BlockedCancelActionParams,ApprovalActionFuture,ApprovalDomainActionPort,FailClosedApprovalActionPort
03	services/src/approval/binding/bind.rs	erp-workflow	crates/erp-workflow/src/service/approval/binding/bind.rs	move-with-symbol-splits		92c0fc014b6f49ade5fac35c60c49e34460fe36a0bc718cd21f493163e7c8323	-
03	services/src/approval/binding/mod.rs	erp-workflow	crates/erp-workflow/src/service/approval/binding/mod.rs	move-with-symbol-splits		b3d35654770ea70b07c326278dc6f5d418cbdda844ad462c2bd6b07a50e5dc3d	-
03	services/src/approval/binding/revalidate.rs	erp-workflow	crates/erp-workflow/src/service/approval/binding/revalidate.rs	move-with-symbol-splits		123adfbca9a90ab7488f7221fa97309afb6e3c1481fa965b3174c32caf588cf0	-
03	services/src/approval/binding/tests.rs	erp-workflow	crates/erp-workflow/src/service/approval/binding/tests.rs	move-with-symbol-splits		db1692a54fa4cf69c9d9de83e4fde3c5e7b869a2a825605a50836f891288cc0a	-
03	services/src/approval/binding/types.rs	erp-workflow	crates/erp-workflow/src/service/approval/binding/types.rs	move-with-symbol-splits		0c5e03a0be1f701cc9cc02379281790d6db313638a57638c13ec1558e6fd987f	BindPublishedDefinitionCommand,UpgradeUnsubmittedDefinitionCommand,UpgradeBindingOutcome,UpgradeBindingView,UpgradeBindingResultView,BindingDecision,RoleScopeFacts,AuthorizedUpgradeContext
03	services/src/approval/binding/upgrade.rs	erp-workflow	crates/erp-workflow/src/service/approval/binding/upgrade.rs	move-with-symbol-splits		3578c92c7e24f151bb1894750a0c6171132b71a8d3fa40a747b422c0a20ddcd1	ApplyFreshUpgradeInput
03	services/src/approval/business_adapter.rs	erp-workflow	crates/erp-workflow/src/service/approval/business_adapter.rs	move-with-symbol-splits		21c2b8702c9db97f58f31a56a1679221d171ea54f924a5ec7d069ccc96412972	AdapterReadScope,ApprovalAdapterSpec,BindingRevalidationContext
03	services/src/approval/definition.rs	erp-workflow	crates/erp-workflow/src/service/approval/definition.rs	move-with-symbol-splits		eb5f2815b6b10c69b94ff57a5488c7a597aede7ee69effad1b48995af456a135	ApprovalDefinitionService
03	services/src/approval/definition/command.rs	erp-workflow	crates/erp-workflow/src/service/approval/definition/command.rs	move-with-symbol-splits		b0e48a89ac019b69b84cb2ed7766370ee9cb370e16bb11db144987c5134c937f	PreparedDefinitionIdentity,LegacyDefinitionIdentity,LegacyDefinitionProof,DefinitionCommandResultRef,DefinitionResultExpectation
03	services/src/approval/definition/create.rs	erp-workflow	crates/erp-workflow/src/service/approval/definition/create.rs	move-with-symbol-splits		bbdc882c1f5458abb4e29f482cebdc29c71b3eb29d797aeb545c532c5f701a64	CreateDraftTxInput,CreateDraftWriteStep
03	services/src/approval/definition/mapping.rs	erp-workflow	crates/erp-workflow/src/service/approval/definition/mapping.rs	move-with-symbol-splits		800ca23a4caa4eebee64039b267d0962141029ba0460aa4109a0d4b5f9017874	-
03	services/src/approval/definition/publish.rs	erp-workflow	crates/erp-workflow/src/service/approval/definition/publish.rs	move-with-symbol-splits		935d7019920687939b9a7ef93083ce68a987764d5ed892851224346e106a8214	PublishTxInput,PublishWriteStep
03	services/src/approval/definition/query.rs	erp-workflow	crates/erp-workflow/src/service/approval/definition/query.rs	move-with-symbol-splits		a38699645e627f4925c19bae28f2ddd7f7c2f581d110c298cc6d5b00579ff501	-
03	services/src/approval/definition/replace.rs	erp-workflow	crates/erp-workflow/src/service/approval/definition/replace.rs	move-with-symbol-splits		05802b3f857265ca65d6deb4c79d38cafbc66f7a9f8b8465a72a24938f939f71	ReplaceNodesTxInput,ReplaceNodesWriteStep,ReplaceAssigneesWriteStep
03	services/src/approval/definition/retire.rs	erp-workflow	crates/erp-workflow/src/service/approval/definition/retire.rs	move-with-symbol-splits		4e49712dbaa0a10a77fc7852cd83496338104dd7b9c37b039e1b425c39ba8d4d	RetireTxInput,RetireWriteStep
03	services/src/approval/definition_assignees.rs	erp-workflow	crates/erp-workflow/src/service/approval/definition_assignees.rs	move-with-symbol-splits		2094ac5e81ce98db0c926d86dd7c5a81d0732a774406a67caee2a3f4dd29ab72	DefinitionAssigneeQuery,DefinitionAssigneePage
03	services/src/approval/definition_dto.rs	erp-workflow	crates/erp-workflow/src/service/approval/definition_dto.rs	move-with-symbol-splits		2464642ca200dd45ddcd7bd63db57a4d56be39ba40ac60275edd0916ed8e882f	DraftSource,CreateDefinitionDraftRequest,DefinitionNodeRequest,ReplaceDefinitionNodesRequest,PublishDefinitionRequest,RetireDefinitionRequest,ApprovalRequirementView,DefinitionConfigurationStatus,DefinitionAllowedAction,DefinitionCatalogItem,DefinitionVersionItem,DefinitionNodeView,DefinitionDetailView
03	services/src/approval/dto.rs	erp-workflow	crates/erp-workflow/src/dto/approval.rs	move-with-symbol-splits		cac433944e1aa69da678945acb4ad58c86e7e4581e231f0a213950dfeecebeae	ApprovalRecoveryAuthorization,ApprovalStartCommand,ApprovalDecisionCommand,ApprovalCancelCommand,ApprovalResumeCommand,ApprovalCancelBlockedCommand
03	services/src/approval/execution/apply_plan.rs	erp-workflow	crates/erp-workflow/src/service/approval/execution/apply_plan.rs	move-with-symbol-splits		72708560fce4675087880af08132171a39ffb4a3ee31e2e7e2e054189a1f91d9	DomainActionKind,PlannedWrites
03	services/src/approval/execution/authorization.rs	erp-workflow	crates/erp-workflow/src/service/approval/execution/authorization.rs	move-with-symbol-splits		c5679f0cfc2880e95ed552712c7861a0e08b819fe0f24b33dd96c21dce4d4650	AuthorizationFailure
03	services/src/approval/execution/cancel.rs	erp-workflow	crates/erp-workflow/src/service/approval/execution/cancel.rs	move-with-symbol-splits		350709d6822c2810f3a7e5e053ee9b50496e1fad0bb2e7b7cc37b4465c694752	DocumentCancelCommand,DocumentCancelReplayProof,CancelExecutionInput
03	services/src/approval/execution/decision.rs	erp-workflow	crates/erp-workflow/src/service/approval/execution/decision.rs	move-with-symbol-splits		bbbc3efd4352ef839c9e27060a31a7e70cc204a4e281a371c34994962bb44ea5	DecisionExecutionInput
03	services/src/approval/execution/idempotency.rs	erp-workflow	crates/erp-workflow/src/service/approval/execution/idempotency.rs	move-with-symbol-splits		b9ee216646be4bbed228c4a0b780873c973ecd9902d21102cf3a146fa32c9293	ReceiptBranch,LegacyReceiptIdentity,PreparedCommandIdentity,StartIdentityParams,CancelIdentityParams,DocumentCancelIdentityParams,CancelBlockedIdentityParams,LegacyV2Field
03	services/src/approval/execution/mod.rs	erp-workflow	crates/erp-workflow/src/service/approval/execution/mod.rs	move-with-symbol-splits		414aa9cb3d3714aaa699cf405fcf99b2665fdb8806fe343b622842123fbd3420	ExecutionCommandInput,PreparedExecution
03	services/src/approval/execution/notification_outbox.rs	erp-workflow	crates/erp-workflow/src/service/approval/execution/notification_outbox.rs	move-with-symbol-splits		8007d0e70973fdb0c7069c6fce43d1022774cd00c90993c252e6e7d49fa24e7f	NotificationIntent
03	services/src/approval/execution/notification_worker.rs	erp-workflow	crates/erp-workflow/src/service/approval/execution/notification_worker.rs	move-with-symbol-splits		7dafe6512430dbce65b7f6dc82c1c7439eb8d3f3c327e2bfda7e218cc04c608d	DeliveryAttempt,NotificationSender,OutboxLeaseStore,WorkerBatchOutcome,FailClosedNotificationSender,ApprovalNotificationOutboxPort,AlwaysOk,MemoryOutbox
03	services/src/approval/execution/resume.rs	erp-workflow	crates/erp-workflow/src/service/approval/execution/resume.rs	move-with-symbol-splits		54812a8080390562d85f7a3a49395e5605d25e7ecaf1180c018b3f6c38f2eb79	ResumeExecutionInput
03	services/src/approval/execution/runtime_history.rs	erp-workflow	crates/erp-workflow/src/service/approval/execution/runtime_history.rs	move-with-symbol-splits		9ffba07a255f385bb5e66f304af6e29a81c3f565d6627247461b2bfbc1c3f6f3	RuntimeHistoryItem,RuntimeHistoryPage
03	services/src/approval/execution/runtime_persistence_contract.rs	erp-workflow	crates/erp-workflow/src/service/approval/execution/runtime_persistence_contract.rs	move-with-symbol-splits		ec27ad861a64d7fca31cde0b71e96426e9b46745f6c5525d57f56994dc8a94a0	RuntimePersistenceContract
03	services/src/approval/execution/runtime_query.rs	erp-workflow	crates/erp-workflow/src/service/approval/execution/runtime_query.rs	move-with-symbol-splits		87fd1157c253b3384367ec1633082116c3ee82fd5fee30645868349259a8cd19	RuntimeInstanceListView,RuntimeInstanceStatusFilter,RuntimeRecoveryAction
03	services/src/approval/execution/runtime_service.rs	erp-workflow	crates/erp-workflow/src/service/approval/execution/runtime_service.rs	move-with-symbol-splits		973404c5c733337e8b27825c2030a7fd7b7b0dbff4b61dc257a22e95b0dc27c2	ApprovalRuntimeService,RuntimeAssigneeCandidate
03	services/src/approval/execution/runtime_service/cancel_blocked.rs	erp-workflow	crates/erp-workflow/src/service/approval/execution/runtime_service/cancel_blocked.rs	move-with-symbol-splits		5b5e3e56da25515ec87044e4b593c94d0f310a955382a032e073e9e15c03f528	CancelBlockedTerminalFacts
03	services/src/approval/execution/runtime_service/decision_apply.rs	erp-workflow	crates/erp-workflow/src/service/approval/execution/runtime_service/decision_apply.rs	move-with-symbol-splits		b73c5e2a8f80b9b333255dd8126fc27fa68a8b260cef7d6c84083ce7a7c11629	RuntimeDecisionCommand,DecisionReceiptLookup,RuntimeDecisionOutcome,PersistDecisionWrites
03	services/src/approval/execution/runtime_service/notifications.rs	erp-workflow	crates/erp-workflow/src/service/approval/execution/runtime_service/notifications.rs	move-with-symbol-splits		9ad42b4ae5b9ec9c1c7aeaa8a84e22035b582b8023d63a06209c2b70b9762b0d	DecisionNotificationFacts,CancelNotificationFacts,ResumeNotificationFacts
03	services/src/approval/execution/runtime_service/query.rs	erp-workflow	crates/erp-workflow/src/service/approval/execution/runtime_service/query.rs	move-with-symbol-splits		70b97396648a16009050f6c7aaedc959a8f871153c2e193b138b1f9c89261598	RuntimeInstanceListQuery,RuntimeInstanceListCursor,RuntimeInstanceListItem,RuntimeInstanceListPage,RuntimeRecoveryOptionsView
03	services/src/approval/execution/runtime_service/read_auth.rs	erp-workflow	crates/erp-workflow/src/service/approval/execution/runtime_service/read_auth.rs	move-with-symbol-splits		1cb1c18045f848a13a8a7f5dd93d49523c805782104ce0592480559226a52438	RuntimeReadSubject,RuntimeReadAuthorizationFacts,RevalidateDecisionApproverInput
03	services/src/approval/execution/runtime_service/resume_apply.rs	erp-workflow	crates/erp-workflow/src/service/approval/execution/runtime_service/resume_apply.rs	move-with-symbol-splits		ddab4a2d1a6d230eb7afbeb92a2e473fad438fca9c3694a55fa277fcf52bdacc	ClosedTaskGuard,ResumePersistInput
03	services/src/approval/execution/runtime_service/tasks.rs	erp-workflow	crates/erp-workflow/src/service/approval/execution/runtime_service/tasks.rs	move-with-symbol-splits		d81e6072bc65a1856b6c97b105e38313c50afae3abfa271991ea00a740e9cbc2	CompleteOrCloseTasksInput,CreateOpenTasksInput
03	services/src/approval/execution/runtime_service/upgrade.rs	erp-workflow	crates/erp-workflow/src/service/approval/execution/runtime_service/upgrade.rs	move-with-symbol-splits		bcfd45f53f9beb339c37ba5f3f81722d67f0b19399d04940c9582e4deeeab432	UpgradeBindingCommand
03	services/src/approval/execution/start.rs	erp-workflow	crates/erp-workflow/src/service/approval/execution/start.rs	move-with-symbol-splits		243bc43e49393897d0134d83328d172963b3750679635a80db9a8ef06a43d025	StartExecutionInput
03	services/src/approval/execution/store.rs	erp-workflow	crates/erp-workflow/src/service/approval/execution/store.rs	move-with-symbol-splits		a89bd9e354f1c75fa9396bd3800b161e6494697dc6bc4d6b58879b59b401d35f	ApplyError,TaskApplyContext,DomainActionExecutor,RecordingDomainActions,MemoryRuntimeStore
03	services/src/approval/execution/view.rs	erp-workflow	crates/erp-workflow/src/service/approval/execution/view.rs	move-with-symbol-splits		cc18a773f066bbdcaf19cbb4ee55508b04dfdb45ed0d0f30766fa264147aa3ca	ApprovalCommandOutcome,OpenTaskSummary,ApprovalCommandView
03	services/src/approval/mod.rs	erp-workflow	crates/erp-workflow/src/service/approval/mod.rs	move-with-symbol-splits		cb4a947d07bf2b447ef33ab18da9b9849d23dd1d08215b428755c78a972f6336	-
03	services/src/approval/policy.rs	erp-workflow	crates/erp-workflow/src/service/approval/policy.rs	move-with-symbol-splits		552a5c1e5763d6ec13cc8255724d80193520c516733a9f8a0ee1d869dc5bdd3c	ApprovalRequirement,ApprovalNodePurpose,ApprovalSubjectVersionSource,ApprovalSubjectSnapshotField,WorkItemOwnerRole,OwnerOrganizationSource,ApproverEligibilityPolicy,SeparationOfDutiesPolicy,NoApprovalPolicy,ProcessRequiredApprovalPolicy,DocumentApprovalPolicy,ExpectedRequiredPolicy
03	services/src/approval/process_kind.rs	erp-workflow	crates/erp-workflow/src/service/approval/process_kind.rs	move-with-symbol-splits		0392235a9ed39904f078e6f0263723cbba31eb2485f280234691c9e198a7ffdf	-
03	services/src/approval/scope.rs	erp-workflow	crates/erp-workflow/src/service/approval/scope.rs	move-with-symbol-splits		bae8128d99015f1a0877685077db4fe7b72a3940277fec7d82f251e330967f4e	ApprovalManagementScope,DefinitionManagementVisibility,ApprovalBindingUpgradeAuthorization,OrganizationCoverage
03	services/src/approval/upgrade_subject.rs	erp-workflow	crates/erp-workflow/src/service/approval/upgrade_subject.rs	move-with-symbol-splits		ae7cd2d217983c3c7781b54860ca4bae47862fb2d1b6e298afc92933a812de7b	ApprovalUpgradeSubjectFacts
03	services/src/approval_action_registry.rs	erp-processes	crates/erp-processes/src/approval_dispatch/action_registry.rs	move-orchestration		d004ba4f7934593ce0809a350565562c4bda76e0c23f74231391cb89ff1182c4	ApprovalActionRegistry
02	services/src/audit/dto.rs	erp-audit	crates/erp-audit/src/dto/audit.rs	move-with-symbol-splits		ac319e758abc6cdea1c30ac66114e7973926eef46b6b1e28687b0d24727e0c4f	AuditLogListParams,NormalizedAuditLogListParams,AuditLogItem
02	services/src/audit/mod.rs	erp-audit	crates/erp-audit/src/service/audit/mod.rs	move-with-symbol-splits		895d2dfee6f1ce25ad52c4c50ba2ab464744560c28b1f1fe9dacb09e50ec7752	AuditActor,CommandReceiptServiceExt,AuditLogService,CommandPayload
02	services/src/auth/dto.rs	erp-identity	crates/erp-identity/src/dto/auth.rs	move-with-symbol-splits		27485d75f9fa424e142ea492328a1662cc41e71e0420a73397c774f0532348ae	AuthRequest,AuthResponse,PasswordLoginPayload
02	services/src/auth/mod.rs	erp-identity	crates/erp-identity/src/service/auth/mod.rs	move-with-symbol-splits		56907476d0e1263a201bb986862576dbe21abaec1abecda7d17773f20b8ecde7	BackofficeAuthResult,BackofficeAuthService
02	services/src/auth/password.rs	erp-identity	crates/erp-identity/src/service/auth/password.rs	move-with-symbol-splits		c297408328b6c0dbab7171c94c204d572963b193ac1c1f99ca64540a62dea8c1	PasswordCheck
04	services/src/bulk_job/dto.rs	erp-support	crates/erp-support/src/dto/bulk_job.rs	move-with-symbol-splits		fd0b05aa6276576c53c50e99b58bdba781ab83e672a6f7d450cf52e651ea85c9	PageParams,BulkSelectionSnapshotView,BulkSelectionSnapshotListParams,BulkSelectionSnapshotListQuery,CreateBulkSelectionItemRequest,CreateBulkSelectionSnapshotRequest,BulkSelectionItemView,ConfirmBulkSelectionSnapshotRequest,ExpireBulkSelectionSnapshotRequest,BackgroundJobView,BackgroundJobListParams,BackgroundJobListQuery,CreateBackgroundJobItemRequest,CreateBackgroundJobRequest,BackgroundJobItemView,CancelBackgroundJobRequest
04	services/src/bulk_job/mod.rs	erp-support	crates/erp-support/src/service/bulk_job/mod.rs	move-with-symbol-splits		b6d6d97deed6ba512a23a5289efcf01d83630e018b1bd82341e90a88158b5e27	BulkSelectionSnapshotFilter,BackgroundJobFilter,BulkJobService
06	services/src/catalog/attribute.rs	erp-catalog	crates/erp-catalog/src/service/catalog/attribute.rs	move-with-symbol-splits		15d07846ec9ac90e24748f2c7312e9a448be87218b45b285469ad292a7178b54	SkuAttributeFilter,SkuAttributeValueFilter
06	services/src/catalog/brand.rs	erp-catalog	crates/erp-catalog/src/service/catalog/brand.rs	move-with-symbol-splits		a861d3866aeb32af1d6b2d002f70b1b9cb8a62631ee88bb9a47997769a195fe3	ProductBrandFilter
06	services/src/catalog/category.rs	erp-catalog	crates/erp-catalog/src/service/catalog/category.rs	move-with-symbol-splits		685f2a9a1cd506a5976c82f24c760808499500e39e753ad35da0c9c6f5be016b	ProductCategoryFilter,CategoryParentChainFact
06	services/src/catalog/dto.rs	erp-catalog	crates/erp-catalog/src/dto/catalog.rs	move-with-symbol-splits		59772b3d5cee82b2668b58195881e7a7ad7f02a022c5f5954926cc1b34c35730	-
06	services/src/catalog/dto/attribute.rs	erp-catalog	crates/erp-catalog/src/dto/catalog/attribute.rs	move-with-symbol-splits		6f5dc215bf7ee940f9075c6116b739787f9bb9138c7a820c6717b73203307fc8	CreateSkuAttributeRequest,UpdateSkuAttributeRequest,SkuAttributeView,SkuAttributeListParams,SkuAttributeListQuery,CreateSkuAttributeValueRequest,UpdateSkuAttributeValueRequest,SkuAttributeValueView,SkuAttributeValueListParams,SkuAttributeValueListQuery
06	services/src/catalog/dto/brand_unit.rs	erp-catalog	crates/erp-catalog/src/dto/catalog/brand_unit.rs	move-with-symbol-splits		5608722086b2664a039538a14a53805bb4ee2d78032df3244060ca6146acbdad	CreateProductBrandRequest,UpdateProductBrandRequest,ProductBrandView,ProductBrandListParams,ProductBrandListQuery,CreateUnitOfMeasureRequest,UpdateUnitOfMeasureRequest,UnitOfMeasureView,UnitOfMeasureListParams,UnitOfMeasureListQuery
06	services/src/catalog/dto/category.rs	erp-catalog	crates/erp-catalog/src/dto/catalog/category.rs	move-with-symbol-splits		b56793d290ad9388957b32a0b056bbf6c505cf12324394e96224d6f6e3b6b6ee	CreateProductCategoryRequest,UpdateProductCategoryRequest,ProductCategoryParentChange,MoveProductCategoryRequest,ProductCategoryView,ProductCategoryListParams,ProductCategoryListQuery
06	services/src/catalog/dto/common.rs	erp-catalog	crates/erp-catalog/src/dto/catalog/common.rs	move-with-symbol-splits		228986ef61e1b00999d9a4eff24d81b812e4aa99e4f04b6ada8600b63134424b	PageParams
06	services/src/catalog/dto/product.rs	erp-catalog	crates/erp-catalog/src/dto/catalog/product.rs	move-with-symbol-splits		c2ee87b6fbc1cc9f59c7362e275a635a3f29823d946d4a3f0068bc20bf5a78b3	ProductMediaInput,SpecEntryInput,ProductSkuInput,CreateProductRequest,UpdateProductRequest,DisableProductRequest,ProductView,UpdateProductListingRequest,UpdateSkuListingRequest,ProductListingView,ProductListParams,ProductListQuery,ProductRevisionMediaView,ProductRevisionView,ProductRevisionListParams,ProductRevisionListQuery,SkuView,SkuListParams,SkuListQuery,SkuRevisionView,SkuRevisionListParams,SkuRevisionListQuery
06	services/src/catalog/dto/voucher.rs	erp-catalog	crates/erp-catalog/src/dto/catalog/voucher.rs	move-with-symbol-splits		65978bc8c55dd36aa33e207be89bfa996b895b78260a2dbb5e5d7599ffcb6fb7	NewVoucherCategoryInput,VoucherSkuInput,CreateVoucherCategoryRequest,UpdateVoucherCategoryRequest,VoucherCategoryProfileView,VoucherCategoryProfileListParams,VoucherCategoryProfileListQuery
06	services/src/catalog/listing.rs	erp-catalog	crates/erp-catalog/src/service/catalog/listing.rs	move-with-symbol-splits		439e057feb184ad91673ce324c20450157bccccac3a0e95cabb5b1da6e35e70c	ProductListingSummary,ProductListingChange
06	services/src/catalog/mod.rs	erp-catalog	crates/erp-catalog/src/service/catalog/mod.rs	move-with-symbol-splits		15061b76954ec585a2212d760ff7e789c84fa39a0f59fd930c1c28509d88c039	CatalogService
06	services/src/catalog/product_query.rs	erp-catalog	crates/erp-catalog/src/service/catalog/product_query.rs	move-with-symbol-splits		78dbcb8198905d1b6fff9f9aaa31412f1ae3738a7610e98056ca92921cf73319	ProductFilter,ProductRevisionFilter,SkuFilter,SkuRevisionFilter
06	services/src/catalog/product_workflow.rs	erp-catalog	crates/erp-catalog/src/service/catalog/product_workflow.rs	move-with-symbol-splits		62a468596ca07ffbf70322f4bf0f4dbdd5b7c7a86cb8981a564f29954b7c20bb	ProductDraft,SpecEditPlan
06	services/src/catalog/sellable.rs	erp-catalog	crates/erp-catalog/src/service/catalog/sellable.rs	move-with-symbol-splits		d0815afaaa158ba45fedc2806237a035859cad58091a6ef2b9cae908a5138200	SellableSkuFilter,SellableSkuListParams,SellableSkuView,SellableSkuSpecificationAttributeView
06	services/src/catalog/sku_edit.rs	erp-catalog	crates/erp-catalog/src/service/catalog/sku_edit.rs	move-with-symbol-splits		483ad36eb818dec4616fd8691166b9964cf0f9185cb61dc8df3123d84cdf1e62	SkuEditItem,NewSkuContext
06	services/src/catalog/support.rs	erp-catalog	crates/erp-catalog/src/service/catalog/support.rs	move-with-symbol-splits		7cd9d3f949829ff3a933430e6e225de9143cbe34721fd858837089821536b379	-
06	services/src/catalog/unit.rs	erp-catalog	crates/erp-catalog/src/service/catalog/unit.rs	move-with-symbol-splits		c97128582c90a827b3cdd0bf99bb2fced1e56ea8abd93a375406239f11786087	UnitOfMeasureFilter
06	services/src/catalog/voucher.rs	erp-catalog	crates/erp-catalog/src/service/catalog/voucher.rs	move-with-symbol-splits		5856470211f3ced308329e5ebc9eed7a58b24c48d8bae144933295b1bc1bebfb	VoucherCategoryProfileRevisionFilter,VoucherCategoryDraft,VoucherCategoryUpdateDraft,ResolvedVoucherCategoryInput
06	services/src/catalog/voucher_defaults.rs	erp-catalog	crates/erp-catalog/src/service/catalog/voucher_defaults.rs	move-with-symbol-splits		5759c952c4ca430aa983fab000b083360406f842bf6c79e85bbb465df8f0d1c4	-
06	services/src/contract/dto.rs	erp-contract	crates/erp-contract/src/dto/contract.rs	move-with-symbol-splits		1c68916899344c6846d3ef403d0050bf8987e4af70418c9087d8b3834d8011b0	PageParams,CreateContractRequest,UploadContractRequest,UploadContractView,ArchiveContractRevisionRequest,TerminateContractRequest,ContractListScope,ContractListParams,ContractListQuery,ContractView,ContractRevisionView,ContractDetailView
06	services/src/contract/mod.rs	erp-contract	crates/erp-contract/src/service/contract/mod.rs	move-with-symbol-splits		ea6fcc38fdce1fd40bedc00f28f474d421a0f962ccd59965fc9c995f5ef40037	ContractService
06	services/src/contract/query.rs	erp-contract	crates/erp-contract/src/service/contract/query.rs	move-with-symbol-splits		c500842a447e5cae7d2dc15a2d2593c64450a65115b3285f66f5b5bc0a59fc0e	ContractFilter
06	services/src/contract/scope.rs	erp-contract	crates/erp-contract/src/service/contract/scope.rs	move-with-symbol-splits		526d17afcdf2bb3db4f6ee480f36e0ad20c0d5c43ed7795662412398788ec3d8	-
09	services/src/cost/dto.rs	erp-finance	crates/erp-finance/src/dto/cost.rs	move-with-symbol-splits		c9d673971b184a033a30b14e13eeeef762a04adde634a8751a65c4b6d18b5ffc	PageParams,CostAllocationLineRequest,CreateCostEntryRequest,CostAllocationView,CostEntryView,CostEntryListParams,CostEntryListQuery,CostAllocationListParams,CostAllocationListQuery
09	services/src/cost/mod.rs	erp-finance	crates/erp-finance/src/service/cost/mod.rs	move-with-symbol-splits		ad6806d3457e3cc24c3e41f2aa758abb291d66bd07ca96a59ce2329276dccaee	CostEntryFilter,CostEntryRow,CostAllocationFilter,CostService
05	services/src/customer/assignment.rs	erp-customer	crates/erp-customer/src/service/customer/assignment.rs	move-with-symbol-splits		6a8e451538dab40e83dcd652a6394b50e2de162a5d6a5661361e2b8ac126a5f5	CustomerAssignmentFilter,CustomerAssignmentService
03	services/src/customer/center.rs	erp-read-models	crates/erp-read-models/src/customer_center/service.rs	move-orchestration		f75f4130f7cc402805f41ae7e6aeef3677bef78bbd84646636fc00840106b62b	CustomerCenterContractView,CustomerCenterSalesOrderView,CustomerCenterRelatedView,CustomerCenterReceivableView,CustomerCenterReadService
05	services/src/customer/dto.rs	erp-customer	crates/erp-customer/src/dto/customer.rs	move-with-symbol-splits		a31b97d56202f6b103caf6119e1f90142fb8c7f3405752e63c31c9c03168506f	CustomerScope,CustomerListQuery,PageParams,CreateCustomerRequest,UpdateCustomerRequest,CustomerView,CustomerDetailView,CustomerListParams,CustomerProfileContactInput,CustomerProfileAddressInput,CustomerProfileBankAccountInput,SaveCustomerProfileRequest,CustomerProfileMutationView,CustomerSensitiveFieldView,RevealCustomerSensitiveRequest,CustomerSensitiveRevealView,CustomerActionBlockerView,CustomerProfileDetailView,AssignmentAction,CustomerAssignmentRequest,CustomerAssignmentView,CustomerAssignmentListParams
05	services/src/customer/mod.rs	erp-customer	crates/erp-customer/src/service/customer/mod.rs	move-with-symbol-splits		66714a176e8e9d54255ab58495a608a40a4dc3ac1a43eef2117c69bd4606a80f	CustomerAccountFilter,CustomerService
05	services/src/customer/profile.rs	erp-customer	crates/erp-customer/src/service/customer/profile.rs	move-with-symbol-splits		9c445adc4fc932a6202f45af682867eb8bc76785bfc18cca6ae4c4020c84ec57	CustomerProfileService
05	services/src/customer/profile/create.rs	erp-customer	crates/erp-customer/src/service/customer/profile/create.rs	move-with-symbol-splits		653292258383cdbfd1a8ae63340456d6365f0afad143d26fa8765b90b808c14b	PreparedCreateParts,PreparedCreate
05	services/src/customer/profile/facts.rs	erp-customer	crates/erp-customer/src/service/customer/profile/facts.rs	move-with-symbol-splits		f3cac2b0d7a6b25c16fa792a755122f95887132df8ff134e64cc49dcdcc464f3	PartyFacts,EntityChanges,PartyFactChanges
05	services/src/customer/profile/idempotency.rs	erp-customer	crates/erp-customer/src/service/customer/profile/idempotency.rs	move-with-symbol-splits		684081fe6181da1c4adc88080345478dabca7c3b08315e991d079055174ffa99	-
05	services/src/customer/profile/numbering.rs	erp-customer	crates/erp-customer/src/service/customer/profile/numbering.rs	move-with-symbol-splits		f32241ab5f58ac143a6a9b5a3b7c496bf33c852fa0ea28ec62e36d1b0cf5bb14	-
05	services/src/customer/profile/query.rs	erp-customer	crates/erp-customer/src/service/customer/profile/query.rs	move-with-symbol-splits		57bc63b0f799b03574ef13d3b1ae261a11442f82fbb31879cdceebf2f2275988	ProfileDetailParts
05	services/src/customer/profile/sensitive.rs	erp-customer	crates/erp-customer/src/service/customer/profile/sensitive.rs	move-with-symbol-splits		93782cb7a6fea82ce6e942ec5772bde5a1f647a15cff9dc973118957469c240b	-
05	services/src/customer/profile/update.rs	erp-customer	crates/erp-customer/src/service/customer/profile/update.rs	move-with-symbol-splits		d1d7c00581bee937542c7cac5ef41c0e145e065db20d6ecf3c65f951572d2125	PreparedUpdate
05	services/src/customer/profile/validation.rs	erp-customer	crates/erp-customer/src/service/customer/profile/validation.rs	move-with-symbol-splits		1e63e136caff3347b172250ce5539a13ca0f8890f26b9c7c2770bab11f827011	-
03	services/src/document_registry/dto.rs	erp-workflow	crates/erp-workflow/src/dto/document_registry.rs	move-with-symbol-splits		59cfb9226ff6142b04a1e6ab7f0adec777cac04c84b1f13a0a0c1908cb9697bf	PageParams,RegisterBusinessDocumentRequest,BusinessDocumentView,BusinessDocumentListParams,BusinessDocumentListQuery,AppendWorkflowActionRequest,WorkflowActionView,WorkflowActionListParams,WorkflowActionListQuery,CreateDocumentRelationRequest,DocumentRelationView,CreateDocumentParticipantRequest,DocumentParticipantView
03	services/src/document_registry/mod.rs	erp-workflow	crates/erp-workflow/src/service/document_registry/mod.rs	move-with-symbol-splits		ef45d5378d627e8bc64be6d33765438ca22d73f9f631e5faf18628c1051172be	BusinessDocumentFilter,WorkflowActionFilter,DocumentRegistryService
17	services/src/errors.rs			split-error-contracts	01-16	4df18a0d897e50acb59043bd02e38e0c149a4e03efbbc7eada19ca62b10543d5	Error,ErrorClass,ErrorCode,Result
04	services/src/file_asset/dto.rs	erp-support	crates/erp-support/src/dto/file_asset.rs	move-with-symbol-splits		39ed9a52bead82be669eb97977816b7ace3e19068b93fa5800eb34beff531641	PageParams,FileAssetListItemView,FileAssetView,FileAssetListParams,FileAssetListQuery,RegisterFileAssetRequest,PendingFileAssetRequest,AttachToDocumentRequest,DocumentAttachmentView,MarkScanResultRequest,DestroyFileAssetRequest
04	services/src/file_asset/mod.rs	erp-support	crates/erp-support/src/service/file_asset/mod.rs	move-with-symbol-splits		06192fae3b27e117561790892622481ec20149daa212148388b0572bd007542b	FileAssetFilter,FileAssetService
12	services/src/fulfillment/acceptance_eligibility.rs	erp-fulfillment	crates/erp-fulfillment/src/service/fulfillment/acceptance_eligibility.rs	move-with-symbol-splits		d4cb14e98bcdddb7a3b24f1c2ac51ec182c38c186b6c78a39e58cd5bb2efe04f	EligibilityGroupSources
12	services/src/fulfillment/customer_acceptance.rs	erp-fulfillment	crates/erp-fulfillment/src/service/fulfillment/customer_acceptance.rs	move-with-symbol-splits		dcfc749617e2a4fc0c4211286edd9480ba64f1b662f0371b4040f4abf27405ed	CustomerAcceptanceFilter
12	services/src/fulfillment/customer_acceptance_lines.rs	erp-fulfillment	crates/erp-fulfillment/src/service/fulfillment/customer_acceptance_lines.rs	move-with-symbol-splits		14a9c195669fae4f249380896e8bc6aac9f62309469b2b7d396f1623977e218d	-
12	services/src/fulfillment/customer_acceptance_posting.rs	erp-fulfillment	crates/erp-fulfillment/src/service/fulfillment/customer_acceptance_posting.rs	move-with-symbol-splits		3465f2c46f72d2a4604db5f256527975c5854bb1b94611aa86a58d25459c056a	-
12	services/src/fulfillment/customer_acceptance_task.rs	erp-fulfillment	crates/erp-fulfillment/src/service/fulfillment/customer_acceptance_task.rs	move-with-symbol-splits		2fc5c43c339c877892ed682663f84656709a701aca856c916f2712576fb4a0c0	CustomerAcceptanceTaskReason
12	services/src/fulfillment/delivery.rs	erp-fulfillment	crates/erp-fulfillment/src/service/fulfillment/delivery.rs	move-with-symbol-splits		e0e658adfab2d9b2095ab911d07624712db85bfaa275ac10036c1c889d5e09b3	DeliveryFilter
12	services/src/fulfillment/delivery_lines.rs	erp-fulfillment	crates/erp-fulfillment/src/service/fulfillment/delivery_lines.rs	move-with-symbol-splits		ea8a904df6c37f51c3d33b4870adf2cbc4772f09b29e04d462b23a29e2675246	-
12	services/src/fulfillment/delivery_posting.rs	erp-fulfillment	crates/erp-fulfillment/src/service/fulfillment/delivery_posting.rs	move-with-symbol-splits		73f3d59c942dfce35636ca24c7f4afdd9cde5f92c7f74ccff5775a8a31fba7b4	-
12	services/src/fulfillment/document_number.rs	erp-fulfillment	crates/erp-fulfillment/src/service/fulfillment/document_number.rs	move-with-symbol-splits		bbf9c6a643dd18bf9e5b4f8f2dc50d07dbbd91068f8e5ab76bcc8f35994fc551	-
12	services/src/fulfillment/dto.rs	erp-fulfillment	crates/erp-fulfillment/src/dto/fulfillment.rs	move-with-symbol-splits		cfa7b067169eba64d41d6eaeac6bf5f1521b7974f2239fd65f6d4e6a40df0ea3	PageParams,PurchaseReceiptLineInput,CreatePurchaseReceiptRequest,UpdatePurchaseReceiptRequest,PostPurchaseReceiptRequest,PurchaseReceiptLineView,PurchaseReceiptView,PurchaseReceiptDetailView,PurchaseReceiptListParams,PurchaseReceiptListQuery,DeliveryLineInput,CreateDeliveryRequest,UpdateDeliveryRequest,PostDeliveryRequest,DeliveryLineView,DeliveryView,DeliveryDetailView,DeliveryListParams,DeliveryListQuery,CreateElectronicDeliveryRequest,ElectronicDeliveryView,ElectronicDeliveryListParams,ElectronicDeliveryListQuery,CreateServiceFulfillmentRequest,ConfirmServiceFulfillmentRequest,ServiceFulfillmentView,ServiceFulfillmentListParams,ServiceFulfillmentListQuery,AcceptanceAllocationInput,AcceptanceLineInput,CreateCustomerAcceptanceRequest,PostCustomerAcceptanceRequest,CommitCustomerAcceptanceRequest,CommitCustomerAcceptanceView,PostAcceptanceLineInput,ReverseCustomerAcceptanceRequest,CustomerAcceptanceView,CustomerAcceptanceLineView,AcceptanceAllocationView,CustomerAcceptanceDetailView,CustomerAcceptanceListParams,CustomerAcceptanceListQuery,EligibleFulfillmentFactView,AcceptanceSalesLineGroupView,AcceptanceEligibilityView
12	services/src/fulfillment/electronic_delivery.rs	erp-fulfillment	crates/erp-fulfillment/src/service/fulfillment/electronic_delivery.rs	move-with-symbol-splits		a242b279a52d3cab1b2cb3fc67837db2d83843e849bcf6487bdbb227317d69a1	ElectronicDeliveryFilter
12	services/src/fulfillment/electronic_delivery_crypto.rs	erp-fulfillment	crates/erp-fulfillment/src/service/fulfillment/electronic_delivery_crypto.rs	move-with-symbol-splits		c13ef1272ed15e78242b6582e916e142eb62f66bffabe728ab0920a367fe63f8	-
12	services/src/fulfillment/mod.rs	erp-fulfillment	crates/erp-fulfillment/src/service/fulfillment/mod.rs	move-with-symbol-splits		2293150557e5d173acd791265df0c8ea598d41b055a6b061fa2c5645e1c63f38	FulfillmentService
12	services/src/fulfillment/purchase_context.rs	erp-fulfillment	crates/erp-fulfillment/src/service/fulfillment/purchase_context.rs	move-with-symbol-splits		7270b6d2dbf2559fdc0200479c64c0ddd40a767c96a18c9cd152fbe6a80f955f	-
12	services/src/fulfillment/purchase_receipt.rs	erp-fulfillment	crates/erp-fulfillment/src/service/fulfillment/purchase_receipt.rs	move-with-symbol-splits		ae77deafd2b453e6e02c3eb774ff912f538509820e2e5a6fb54c941264e44ee8	PurchaseReceiptFilter
12	services/src/fulfillment/purchase_receipt_lines.rs	erp-fulfillment	crates/erp-fulfillment/src/service/fulfillment/purchase_receipt_lines.rs	move-with-symbol-splits		37d9bc8a7ad57d735d710b179c2f883d9965cf3b4cd07c89593795b6e22e6649	-
12	services/src/fulfillment/purchase_receipt_posting.rs	erp-fulfillment	crates/erp-fulfillment/src/service/fulfillment/purchase_receipt_posting.rs	move-with-symbol-splits		e4b86915a3c5641161a63a5653d2b22be5d905df204b0f50814e80988c98b924	-
12	services/src/fulfillment/service_fulfillment.rs	erp-fulfillment	crates/erp-fulfillment/src/service/fulfillment/service_fulfillment.rs	move-with-symbol-splits		a7623d48514b81ebbf4fe6fbf3b5720d833bd720ab72f30c904c0a7dc5d405db	ServiceFulfillmentFilter
12	services/src/fulfillment/service_fulfillment_confirm.rs	erp-fulfillment	crates/erp-fulfillment/src/service/fulfillment/service_fulfillment_confirm.rs	move-with-symbol-splits		6aacf3c8ecbb6589f088fcb29e6b25a2ea016e8555e1bdcf24a4ff9a935daaf0	-
12	services/src/fulfillment/service_fulfillment_crypto.rs	erp-fulfillment	crates/erp-fulfillment/src/service/fulfillment/service_fulfillment_crypto.rs	move-with-symbol-splits		084beecaf385375770449795a48b26d28d213e799898e38f7bf0a9ef9ff6ccf7	-
12	services/src/fulfillment/task.rs	erp-fulfillment	crates/erp-fulfillment/src/service/fulfillment/task.rs	move-with-symbol-splits		ab55eee271ee2ed2bb612b8ed40cd9ac7d9a471f03d811d6f49861cb51fc6377	FulfillmentTaskObject,FrozenFulfillmentIdentity,FulfillmentTaskOwner
02	services/src/iam/account/admin.rs	erp-identity	crates/erp-identity/src/service/iam/account/admin.rs	move-with-symbol-splits		301b0035a8afeefb5e9d1a7f97e6f97393b1c186dfcbcbfaf55ea09bf2979cf2	AdminService,InitializeSuperAdminResult,ExistingSuperAdminState,SuperAdminInitialization,AdminUpdateContext
02	services/src/iam/account/dto.rs	erp-identity	crates/erp-identity/src/service/iam/account/dto.rs	move-with-symbol-splits		da91a4bfd6d40b0fc8311dfb39471079ecdab9e5092e4313b478d2e0c9c0867c	CreateAdminParams,InitializeSuperAdminParams,ResetAdminPasswordParams,UpdateAdminParams,UpdateAdminRoleParams,AdminItem
02	services/src/iam/account/mod.rs	erp-identity	crates/erp-identity/src/service/iam/account/mod.rs	move-with-symbol-splits		66aa4d6f149d58798a187a944d4be0574824ea2cdc92215dd87be9d5110e99da	-
02	services/src/iam/account/profile.rs	erp-identity	crates/erp-identity/src/service/iam/account/profile.rs	move-with-symbol-splits		2acad036eb8c7a716e1c0c5654d829d84e13655c2a6ed4f71f0747fbd7d6650c	AccountProfile,AccountProfileService
02	services/src/iam/account/reset_password.rs	erp-identity	crates/erp-identity/src/service/iam/account/reset_password.rs	move-with-symbol-splits		32b28d41b5d43fdca15649e96fa4349de4ee161e5a6fc5ae36741dee38ad8e91	ResetAdminPasswordResult
02	services/src/iam/dto.rs	erp-identity	crates/erp-identity/src/dto/iam.rs	move-with-symbol-splits		c34669dd9936ee946cb2808c09e648d8edbeef880d0c6586a9748d33b550c0a8	CreateRoleParams,UpdateRoleParams,RoleItem
02	services/src/iam/mod.rs	erp-identity	crates/erp-identity/src/service/iam/mod.rs	move-with-symbol-splits		8f3db17a88f8ff4ec0f534179e1e4f6df7786c6fc14c42a3dee532b7782c9231	-
02	services/src/iam/predefined_data_scopes.rs	erp-identity	crates/erp-identity/src/service/iam/predefined_data_scopes.rs	move-with-symbol-splits		b1e771a3b306d1bab38d374bef81466a47605c58d29379b73958b633abb5f230	-
02	services/src/iam/predefined_roles.rs	erp-identity	crates/erp-identity/src/service/iam/predefined_roles.rs	move-with-symbol-splits		bc00948c4208864a5ca389a4db9837bb64b8de06dd5ec5ca430845bb93f94c1d	PredefinedRoleDef
02	services/src/iam/rbac/authorize.rs	erp-identity	crates/erp-identity/src/service/iam/rbac/authorize.rs	move-with-symbol-splits		b6cc8739ae4a734a3495766a63ec88274f8802aff3ffb3f5c38fe8e326e73071	-
02	services/src/iam/rbac/command.rs	erp-identity	crates/erp-identity/src/service/iam/rbac/command.rs	move-with-symbol-splits		a7c0871f3dfe955f15e4c64021c0d1bf742c674017dbc23a6ddcddbee403f961	-
02	services/src/iam/rbac/enforcer.rs	erp-identity	crates/erp-identity/src/service/iam/rbac/enforcer.rs	move-with-symbol-splits		19c8e8d4d46605eef5cbe182208916d7ef3af1031829c9d42c4d925b43dc84be	-
02	services/src/iam/rbac/mod.rs	erp-identity	crates/erp-identity/src/service/iam/rbac/mod.rs	move-with-symbol-splits		72ed92a6833e2db0acaee2483e98006d97f90229533a0e604b377fecae800f46	SharedRbacService,RbacService,RolePermissionSnapshot,AuthorizedRoleGrant,AuthorizedAccountManagement,AuthorizedPermissions,AuthorizedRoleUpdate
02	services/src/iam/rbac/policy.rs	erp-identity	crates/erp-identity/src/service/iam/rbac/policy.rs	move-with-symbol-splits		eba98d7e2f6dcf8a8dbf3342990807aa7484575250153519de381804224c6990	-
02	services/src/iam/rbac/query.rs	erp-identity	crates/erp-identity/src/service/iam/rbac/query.rs	move-with-symbol-splits		663a1a5397397d15e571c2d67f052dea1069a9049db0c8a632046b8aca2df631	-
02	services/src/iam/rbac/root.rs	erp-identity	crates/erp-identity/src/service/iam/rbac/root.rs	move-with-symbol-splits		b8e9d4e88bee8004ed308864d9661ecbb97b79466fd2c27e9010cde7c70cb821	-
02	services/src/iam/rbac/seed.rs	erp-identity	crates/erp-identity/src/service/iam/rbac/seed.rs	move-with-symbol-splits		266c02878743a6d0b531784bef34c0ee19f0faaeccdce801dd1678d19b81b159	-
02	services/src/iam/rbac/tests.rs	erp-identity	crates/erp-identity/src/service/iam/rbac/tests.rs	move-with-symbol-splits		8e4b6815c0baf646a8e2cb7202b3a005a047d672964a43bed382f4953050fb4e	-
02	services/src/iam/rbac/transaction.rs	erp-identity	crates/erp-identity/src/service/iam/rbac/transaction.rs	move-with-symbol-splits		3469a6b1432ab38f676d197cae6bef94fe4478ad22192abc3ea807d9f0a45275	-
14	services/src/integration_ops/dto.rs	erp-integration	crates/erp-integration/src/dto/integration_ops.rs	move-with-symbol-splits		7c13ac1eb4cb61caba207ef52330b82c61c463e468b2436db3e1ad9c7f96e2a8	-
14	services/src/integration_ops/dto/common.rs	erp-integration	crates/erp-integration/src/dto/integration_ops/common.rs	move-with-symbol-splits		9e30ed60841fce9090ff122a871bd6f43b88674d8f7f0410f27bc7aae5218411	PageParams
14	services/src/integration_ops/dto/error_task.rs	erp-integration	crates/erp-integration/src/dto/integration_ops/error_task.rs	move-with-symbol-splits		7d7a86218dd51707b4d551da5285dc71485624d1c96e229587ae5655b480fb48	CreateErrorTaskRequest,ErrorTaskListParams,ErrorTaskListQuery,ErrorTaskView,ErrorTaskDetailView,ActionBlockerView
14	services/src/integration_ops/dto/inbox_message.rs	erp-integration	crates/erp-integration/src/dto/integration_ops/inbox_message.rs	move-with-symbol-splits		c7fa45f28ea9f4c5a5ed3dcbb79ddd058ccaebd57c71d6014e34b05c2ae85bbb	RegisterInboxMessageRequest,WriteBackInboxResultRequest,WriteBackOutcome,InboxMessageListParams,InboxMessageListQuery,InboxMessageListView,InboxMessageView
14	services/src/integration_ops/dto/prepared_decision.rs	erp-integration	crates/erp-integration/src/dto/integration_ops/prepared_decision.rs	move-with-symbol-splits		08fa6f553c1419dc4db09f92027d705473c9811afcb2c9c2a29f88b83b6321ea	PreparedWorkItemTarget,Error,PreparedDirectDecisionTarget
14	services/src/integration_ops/dto/prepared_inbox.rs	erp-integration	crates/erp-integration/src/dto/integration_ops/prepared_inbox.rs	move-with-symbol-splits		86eeb210c25d307f4d48efc40e9c508156cd2f4b1e0ee7232623a7f1da24cfab	PreparedWriteBackOutcome
14	services/src/integration_ops/dto/reconciliation_difference.rs	erp-integration	crates/erp-integration/src/dto/integration_ops/reconciliation_difference.rs	move-with-symbol-splits		db9a584975501eecd4ddbdc05fa98a19ec95f3593a8c3095aee1cb1d796b5d16	CreateDifferenceRequest,DifferenceListParams,DifferenceListQuery,DifferenceView,ResolutionView,DifferenceDetailView
14	services/src/integration_ops/dto/task_decision.rs	erp-integration	crates/erp-integration/src/dto/integration_ops/task_decision.rs	move-with-symbol-splits		d2701a1c64824be605ab6da9b8a0158bf908f425150e248f73abd19fd5bc04c2	IntegrationItemType,IntegrationTaskActionKind,ControlledEvidenceKind,ControlledEvidenceRef,IntegrationNonTerminalTaskAction,IntegrationTaskActionCommand,IntegrationTaskCompletionDecision,IntegrationResolutionReasonCode,IntegrationTaskCompletionKind,EvidencePolicyKey,IntegrationTaskCompletionCommand,DirectReconciliationDecision,DirectReconciliationConclusion,DifferenceReasonCode,ReviewerSeparation,ResolutionEvidencePolicyView,RegisteredReconciliationReasonView,ReconciliationReasonRegistryView,DirectReconciliationCommand,IntegrationActionOutcome,IntegrationTaskActionEvidence,IntegrationTaskActionResult,IntegrationWorkItemStatus,IntegrationTaskCompletionResult,DirectReconciliationStatus,DirectReconciliationResult
14	services/src/integration_ops/error_task.rs	erp-integration	crates/erp-integration/src/service/integration_ops/error_task.rs	move-with-symbol-splits		e1a7f895289ca0d198df3bace417144ede39c1adc2aafe0a994db5f9336b875a	-
14	services/src/integration_ops/evidence.rs	erp-integration	crates/erp-integration/src/service/integration_ops/evidence.rs	move-with-symbol-splits		a5e52af38f52f5ba7fcb426a3a4fb4a7c608b61abd99615719a976eca6dd3fd8	EvidenceSubject,VerifiedEvidence,OriginalResultFact,EvidenceFuture,IntegrationEvidenceAuthority
14	services/src/integration_ops/inbox_message.rs	erp-integration	crates/erp-integration/src/service/integration_ops/inbox_message.rs	move-with-symbol-splits		18f1448eee1cdb1b7acefc3c4ee3e5ce47396e815c6169f9270ef86a28648532	-
14	services/src/integration_ops/mod.rs	erp-integration	crates/erp-integration/src/service/integration_ops/mod.rs	move-with-symbol-splits		cd7b2820a179c8dd3a41e348b802566e4480e4168275e747ee2e5bbf81fee283	InboxMessageFilter,ErrorTaskFilter,DifferenceFilter,IntegrationOpsService
14	services/src/integration_ops/producer.rs	erp-integration	crates/erp-integration/src/service/integration_ops/producer.rs	move-with-symbol-splits		21f431e3ca51c6ffd0970f16bb4f1aa884df7cf80120045265d322e3f3687a74	-
14	services/src/integration_ops/reconciliation_difference.rs	erp-integration	crates/erp-integration/src/service/integration_ops/reconciliation_difference.rs	move-with-symbol-splits		ccf4a6215e9fbc211ab77ad289993f1d4a7a5319350e3c144039d2eb15cc943a	-
14	services/src/integration_ops/task_decision/action.rs	erp-integration	crates/erp-integration/src/service/integration_ops/task_decision/action.rs	move-with-symbol-splits		1af9cf12f77cf386fc9b47b55608b461a2dec96f5523ec35564d931531e6fb78	ActionFact,ActionReceiptMessage
14	services/src/integration_ops/task_decision/complete.rs	erp-integration	crates/erp-integration/src/service/integration_ops/task_decision/complete.rs	move-with-symbol-splits		4d931f87fc3f780c09ce9b1a149e752cadeb46a1234c8924c91aaed39cd3cd4a	TerminalFact,CompletionReceiptMessage
14	services/src/integration_ops/task_decision/direct.rs	erp-integration	crates/erp-integration/src/service/integration_ops/task_decision/direct.rs	move-with-symbol-splits		112ed36fedeffd74b098b9d1018ab3c9d95244c9345d7f3be785852415db0731	DirectReceiptMessage
14	services/src/integration_ops/task_decision/guard.rs	erp-integration	crates/erp-integration/src/service/integration_ops/task_decision/guard.rs	move-with-symbol-splits		b55c20f72281357ef9811a2013851fd3e1ecfadcb66ab74c7aa0cb90070efce0	-
14	services/src/integration_ops/task_decision/mod.rs	erp-integration	crates/erp-integration/src/service/integration_ops/task_decision/mod.rs	move-with-symbol-splits		5495258c6994acb862a1f8ca19dc5d3cb13fc7e51f755c4bf4d24642ae821547	DirectFact,ReceiptEnvelope
14	services/src/integration_ops/task_decision/tests.rs	erp-integration	crates/erp-integration/src/service/integration_ops/task_decision/tests.rs	move-with-symbol-splits		315deb250edbb4d9292d095e67393d710379b85ce7779af88746c04f6f488d54	-
14	services/src/integration_ops/transaction.rs	erp-integration	crates/erp-integration/src/service/integration_ops/transaction.rs	move-with-symbol-splits		dce47eff2a7f5582b6f200cb232f9a14f0f1bc6d5c2ea15efeb380ca1feb0bbf	-
14	services/src/integration_ops/validation.rs	erp-integration	crates/erp-integration/src/service/integration_ops/validation.rs	move-with-symbol-splits		d3bdf38b3712240080b0f58e70a80bae9f744922da36ced3455ac3add1afb2b3	-
08	services/src/inventory/adapter.rs	erp-inventory	crates/erp-inventory/src/service/inventory/adapter.rs	move-with-symbol-splits		14632b242b03cbbab2bb3915111256c9432e04aa828f51fe83d5374ef83c258a	StockAdjustmentAdapter,StockAdjustmentStartCommand
08	services/src/inventory/adjustment_command.rs	erp-inventory	crates/erp-inventory/src/service/inventory/adjustment_command.rs	move-with-symbol-splits		25c8bcd6958fc9a45a95c4d4bd0e0005d544454edaf491a67d582afac3d8da8d	CreatedAdjustmentPersist
08	services/src/inventory/adjustment_post.rs	erp-inventory	crates/erp-inventory/src/service/inventory/adjustment_post.rs	move-with-symbol-splits		76daa8cebd4dc338470c556a0ec46ee1759f056a33abec0e694eae1ebf05e9a0	-
08	services/src/inventory/adjustment_query.rs	erp-inventory	crates/erp-inventory/src/service/inventory/adjustment_query.rs	move-with-symbol-splits		67288eeb2a111fe86284b446c0c6df639e5699932bcba09b06eca38ed7663d70	StockAdjustmentFilter
08	services/src/inventory/adjustment_submit.rs	erp-inventory	crates/erp-inventory/src/service/inventory/adjustment_submit.rs	move-with-symbol-splits		c619978ab5bb8a2a720f77bb5f3c0e506baf5d98e9367242e8ba1fba6983ecae	-
08	services/src/inventory/approval_query.rs	erp-inventory	crates/erp-inventory/src/service/inventory/approval_query.rs	move-with-symbol-splits		813ad3a591e491f947ba114426d50a9451d50c827a74d7dad23a4a3165bf9c4d	-
08	services/src/inventory/authorization.rs	erp-inventory	crates/erp-inventory/src/service/inventory/authorization.rs	move-with-symbol-splits		4e693a383f1f44731ba72ce3d391db3ebcdaf273dd94bc709dbdb174d1e9895e	WarehouseScope,InventoryAuthorization
08	services/src/inventory/balance.rs	erp-inventory	crates/erp-inventory/src/service/inventory/balance.rs	move-with-symbol-splits		62ee94a4638d75d9510c7e2273a19afb7c33f996ecc339b26c72ce52aaaa229a	StockBalanceFilter,StockMovementFilter,BalanceEnrichments
08	services/src/inventory/cancel_approval.rs	erp-inventory	crates/erp-inventory/src/service/inventory/cancel_approval.rs	move-with-symbol-splits		e3a6bae126f5cd0c3ac9d93252e8fe746da03b07fcfa82901e34e5266a3d790a	LoadedCancelRuntime,CancelAuthority,CancelAuthorization,StockAdjustmentCancelPersistInput,StockAdjustmentCancelNotificationInput
08	services/src/inventory/dto.rs	erp-inventory	crates/erp-inventory/src/dto/inventory.rs	move-with-symbol-splits		8f890b4715c46bd0da646b0f5dcf019efd74269417e46bba6c7d7659b109537e	PageParams,StockBalanceView,StockMovementView,StockReservationView,StockAdjustmentView,StockAdjustmentLineView,StockAdjustmentDetailView,DocumentApprovalView,SubmitStockAdjustmentApprovalTokenView,CancelStockAdjustmentApprovalTokenView,DocumentApprovalDefinitionView,DocumentApprovalNodeView,DocumentApprovalInstanceView,DocumentApprovalHistoryItemView,DocumentApprovalHistoryPageView,StockBalanceDetailView,StockBalanceListParams,StockBalanceListQuery,StockMovementListParams,StockMovementListQuery,StockReservationListParams,StockReservationListQuery,StockAdjustmentListParams,StockAdjustmentListQuery,StockAdjustmentLineInput,CreateStockAdjustmentRequest,UpdateStockAdjustmentRequest,StockAdjustmentLineUpdateInput,ExpectedStockBalanceVersion,SubmitStockAdjustmentRequest,StockAdjustmentSubmitResultQuery,CancelStockAdjustmentApprovalRequest
08	services/src/inventory/mod.rs	erp-inventory	crates/erp-inventory/src/service/inventory/mod.rs	move-with-symbol-splits		35b5ed90a8d8947c8ff67b0951b8a15d5610796f91d816977f32d75cd96d97f7	InventoryService
08	services/src/inventory/movement.rs	erp-inventory	crates/erp-inventory/src/service/inventory/movement.rs	move-with-symbol-splits		a9397240fc6e570122f795085dcada6ab1298647a4c6a21574d96d6b3310e1b2	StockMovementFilter
08	services/src/inventory/reservation.rs	erp-inventory	crates/erp-inventory/src/service/inventory/reservation.rs	move-with-symbol-splits		21d5c5b6f1d82c7c2b811a859aa7ee12db9dc8e7ce417688b436bc855a45ed0e	StockReservationFilter
08	services/src/inventory/start_approval.rs	erp-inventory	crates/erp-inventory/src/service/inventory/start_approval.rs	move-with-symbol-splits		cb432b1d7f4c22fc7c1c6a75348158e9d597dc39d1ce5ab0620e71b63526d3d5	-
08	services/src/inventory/start_approval/mapping.rs	erp-inventory	crates/erp-inventory/src/service/inventory/start_approval/mapping.rs	move-with-symbol-splits		721e04738cdb99bf15209e2cbc055364330009409c6c57606ef2f48bee6fd961	-
08	services/src/inventory/start_approval/persist.rs	erp-inventory	crates/erp-inventory/src/service/inventory/start_approval/persist.rs	move-with-symbol-splits		767e4fe1b909989afee0c8e7f4f4e75b5a3aa3b225f34a0756ebc14397055fa5	StockAdjustmentStartPersistInput,StartRuntimeContext
08	services/src/inventory/start_approval/prepare.rs	erp-inventory	crates/erp-inventory/src/service/inventory/start_approval/prepare.rs	move-with-symbol-splits		ccf5873dc303209bf56bb666331f1c444f2db605aca642ef4f709cca4726cc06	StockAdjustmentStartInput
08	services/src/inventory/start_approval/tests.rs	erp-inventory	crates/erp-inventory/src/service/inventory/start_approval/tests.rs	move-with-symbol-splits		e7c5a4c3da20aa22a36c4162a728c6a9b2600d70f40136f347dd5078c7c3bea8	-
07	services/src/legacy_import/apply_batch.rs	erp-import	crates/erp-import/src/service/legacy_import/apply_batch.rs	move-with-symbol-splits		797d7357bb9d2d77207ba530a032673be629e3501612990317594afed6c0d001	ApplyBatchDeltas,PersistApplyWrite
07	services/src/legacy_import/batch.rs	erp-import	crates/erp-import/src/service/legacy_import/batch.rs	move-with-symbol-splits		f6be65ac68143c2e059e025218211a62ce18944f7c9a0d5fca9b934a49d17775	-
07	services/src/legacy_import/confirmation/complete.rs	erp-import	crates/erp-import/src/service/legacy_import/confirmation/complete.rs	move-with-symbol-splits		b0bc3644285412a100ac18dd0c3c5833099b869520c99e5c884ad9d5e75f9644	ConfirmationCompletionReceipt,ConfirmationCompletionTransactionResult
07	services/src/legacy_import/confirmation/create.rs	erp-import	crates/erp-import/src/service/legacy_import/confirmation/create.rs	move-with-symbol-splits		14118c5e76a20f7b11efcaa4f6c8a0314f5b3d7a13820cb1a250da7c9ad8d253	-
07	services/src/legacy_import/confirmation/mod.rs	erp-import	crates/erp-import/src/service/legacy_import/confirmation/mod.rs	move-with-symbol-splits		854c8a6c6112adba7656c9411bbee70c0b5805a0193643d4c60c3ca161faeb2e	-
07	services/src/legacy_import/confirmation/query.rs	erp-import	crates/erp-import/src/service/legacy_import/confirmation/query.rs	move-with-symbol-splits		bef88d9b168dc767b18394d1d18b1e194fc707a94dfaad71ad2133697b8b5f2f	-
07	services/src/legacy_import/confirmation/tests.rs	erp-import	crates/erp-import/src/service/legacy_import/confirmation/tests.rs	move-with-symbol-splits		fe15182d3e9bd95190b5af4aca932fd268b33ee832b80e37dd490897629c1a38	-
07	services/src/legacy_import/dto.rs	erp-import	crates/erp-import/src/dto/legacy_import.rs	move-with-symbol-splits		f7fd2685d48a77b510d192a5de234fad52f06cb6004c3c01e6b7b87423db94b2	PageParams,ImportRowRequest,CreateLegacyImportBatchRequest,LegacyImportBatchView,LegacyImportBatchListItem,LegacyImportBatchListParams,LegacyImportBatchListQuery,LegacyImportRowView,LegacyImportRowListParams,LegacyImportRowListQuery,CreateLegacyImportConfirmationRequest,ImportBusinessConfirmationDecision,CompleteImportBusinessConfirmationCommand,ImportBusinessConfirmationWorkItemView,LegacyImportConfirmationView,ImportBusinessConfirmationResultStatus,ImportBusinessConfirmationNextStep,CompleteImportBusinessConfirmationResult,ImportExecutionAction,ImportExecutionCommand,ImportExecutionResultStatus,ImportExecutionNextStep,ImportExecutionResult,PreparedConfirmationCompletion,Error,PreparedImportExecution,LegacyImportConfirmationListParams,LegacyImportConfirmationListQuery,ApplyRowOutcome,ApplyRowResult,ApplyLegacyImportBatchRequest
07	services/src/legacy_import/execution.rs	erp-import	crates/erp-import/src/service/legacy_import/execution.rs	move-with-symbol-splits		9940f57faf75e38a17a0a81107b181fdda81aefecdf295042bb6479097364bb2	ImportExecutionReceipt,ImportExecutionTransactionResult,ImportExecutionActionOutcome
07	services/src/legacy_import/mod.rs	erp-import	crates/erp-import/src/service/legacy_import/mod.rs	move-with-symbol-splits		dd19e5fa981eb93dd4f8224d734a85ca64e43d6f27824c4884e6003692c45b9e	LegacyImportBatchFilter,LegacyImportRowFilter,LegacyImportConfirmationFilter,LegacyImportService
07	services/src/legacy_import/query.rs	erp-import	crates/erp-import/src/service/legacy_import/query.rs	move-with-symbol-splits		23a9207b06bbfc392327e4536d8bb8ed65c5167498aba7f4b9fa8b2a030087ea	-
07	services/src/legacy_import/receipt.rs	erp-import	crates/erp-import/src/service/legacy_import/receipt.rs	move-with-symbol-splits		cde097d274e1f7082fd986eb9bbf498879629f36b10ab5e5cf52808f634ca741	-
17	services/src/lib.rs			remove-production-entry	01-16	03a918554dd4388ae803e28551ab1b8d263f55501881ffc36726edca2471fd2c	-
01	services/src/owned_task.rs	application-core	crates/application-core/src/owned_task.rs	move		e6ca5cfac6d8a6084235faabd6cf4fa637af9938cb51b818e4a2aa4bbfa78cc7	-
01	services/src/page.rs	application-core	crates/application-core/src/page.rs	move		2c78401791abdd5f52db03a12e143b60e334c62b6ac15c847fe9fd1e32a1482b	Page
05	services/src/party/address.rs	erp-party	crates/erp-party/src/service/party/address.rs	move-with-symbol-splits		896dba3658a72032d6f8c3ff8b013cf26b855928e72f891fb1fee30330a81d4b	PartyAddressFilter,PartyAddressService
05	services/src/party/bank_account.rs	erp-party	crates/erp-party/src/service/party/bank_account.rs	move-with-symbol-splits		6513cfa278929358cb8be02ef62ce92f7717edd502a76ea2df6cdd71685d3f4b	PartyBankAccountFilter,PartyBankAccountService
05	services/src/party/contact.rs	erp-party	crates/erp-party/src/service/party/contact.rs	move-with-symbol-splits		0d2fffb7826acb1817e2a37b9eac4601a575e53f050ba0020d16949f385941d3	PartyContactFilter,PartyContactService
05	services/src/party/dto.rs	erp-party	crates/erp-party/src/dto/party.rs	move-with-symbol-splits		3434e88974bc61e831ab1d49c6bb1e9dec07a81ea6a09dc19e66aefac825a4f4	PageParams,CreatePartyRequest,UpdatePartyRequest,PartyView,PartyRevisionView,PartyListParams,PartyListQuery,PartyRevisionListParams,CreatePartyContactRequest,UpdatePartyContactRequest,PartyContactView,PartyContactListParams,CreatePartyAddressRequest,UpdatePartyAddressRequest,PartyAddressView,PartyAddressListParams,CreatePartyTaxProfileRequest,UpdatePartyTaxProfileRequest,PartyTaxProfileView,PartyTaxProfileListParams,CreatePartyBankAccountRequest,UpdatePartyBankAccountRequest,PartyBankAccountView,PartyBankAccountListParams
05	services/src/party/mod.rs	erp-party	crates/erp-party/src/service/party/mod.rs	move-with-symbol-splits		e7b69923df4b495eb52adb6708e6a446e5418ce6e6fcfe912aa3441c69dc1e0b	PartyFilter,PartyRevisionFilter,PartyDetailView,PartyService
05	services/src/party/sensitive.rs	erp-party	crates/erp-party/src/service/party/sensitive.rs	move-with-symbol-splits		2857418bb9fc75c847bcb5cd0686df24dbee28a1d2e83da1e30b5a469f085ac5	HmacSha256,SensitiveFieldKind,SensitiveRevealScope,RevealClaims,SensitiveDataCodec
05	services/src/party/tax_profile.rs	erp-party	crates/erp-party/src/service/party/tax_profile.rs	move-with-symbol-splits		2aff40f53404f4146c61425d66be5db1e8186290003782e5ccb52eddc64a3ba7	PartyTaxProfileFilter,PartyTaxProfileService
09	services/src/payable/account.rs	erp-finance	crates/erp-finance/src/service/payable/account.rs	move-with-symbol-splits		816849ba8f45b3a9cf21312e85b072acb56a3db122f7c4eb2044c20dc90b315c	-
09	services/src/payable/display.rs	erp-finance	crates/erp-finance/src/service/payable/display.rs	move-with-symbol-splits		98d6fd81358b4e2996c1d8d3f3e44e7aec47eaeace3b996d9772d619469b4a96	AllocationSource
09	services/src/payable/dto.rs	erp-finance	crates/erp-finance/src/dto/payable.rs	move-with-symbol-splits		245e7f679666bf42f3a0cd231dd184b44208d8044b2b00e9ff4b1c9eb3af4736	PageParams,CreatePayableAccountRequest,PayableEntryView,PayableAccountSummaryView,PayableAccountView,PaymentRecipientView,RevealPaymentRecipientRequest,PaymentRecipientRevealView,PayableAccountListParams,PayableAccountListQuery,CreateSupplierPaymentRequest,PaymentAllocationLineRequest,CommitSupplierPaymentRequest,PaymentAllocationView,SupplierPaymentView,SupplierPaymentReversalView,SupplierPaymentBankReceiptView,SupplierPaymentListParams,SupplierPaymentListQuery,RegisterPurchaseInvoiceRequest,PurchaseInvoiceAllocationLineRequest,PurchaseInvoiceAllocationView,PurchaseInvoiceRegisteredView,PurchaseInvoiceAllocationListParams,PurchaseInvoiceAllocationListQuery
09	services/src/payable/invoice.rs	erp-finance	crates/erp-finance/src/service/payable/invoice.rs	move-with-symbol-splits		311062bbb255bf8109ebf9a65c74ceeab50543b0585db33e5c914ae67ab7ac15	-
09	services/src/payable/mapping.rs	erp-finance	crates/erp-finance/src/service/payable/mapping.rs	move-with-symbol-splits		ebd0d32ce646b9593800259a5de1b98a837cd35d26c699ea4029bf1b9c8d7518	-
09	services/src/payable/mod.rs	erp-finance	crates/erp-finance/src/service/payable/mod.rs	move-with-symbol-splits		3db8b34fa050fc9bd86828861fa60c8a059d008851ef8611ff3ba0136fca5900	PayableAccountFilter,SupplierPaymentFilter,PurchaseInvoiceAllocationFilter,PayableService,SupplierPaymentWithAssetsResult
09	services/src/payable/payment.rs	erp-finance	crates/erp-finance/src/service/payable/payment.rs	move-with-symbol-splits		c27011fe981ea4d22f9dfd5c293038cb949b835d903715dcb819f55d6b7f7c67	PaymentPostSource
09	services/src/payable/payment_task.rs	erp-finance	crates/erp-finance/src/service/payable/payment_task.rs	move-with-symbol-splits		31ba4d038a16471b4e38464004d18ed801e054039a092df9c7d2d3013e34fb50	-
04	services/src/pending_file_assets.rs	erp-processes	crates/erp-processes/src/attachments/pending.rs	move-orchestration		7dba874928554ed1b84af6f20951fee71484ef695a7399eb80f0f1a5cbdf109b	PendingFileAssets
11	services/src/procurement_responsibility/dto.rs	erp-procurement	crates/erp-procurement/src/dto/procurement_responsibility.rs	move-with-symbol-splits		14797a898d7be372687251b3b1aeb7bedddd2a4353cd6abb705d4678813054b7	ProcurementResponsibilityRuleListParams,CreateProcurementResponsibilityRuleRequest,UpdateProcurementResponsibilityRuleRequest,ProcurementResponsibilityRuleView,ProcurementResponsibilityRulePageView,ProcurementResponsibilityResolveLineRequest,ProcurementResponsibilityResolveRequest,ProcurementResponsibilityResolutionView,ProcurementResponsibilityResolveLineView,ProcurementResponsibilityResolveView
11	services/src/procurement_responsibility/mod.rs	erp-procurement	crates/erp-procurement/src/service/procurement_responsibility/mod.rs	move-with-symbol-splits		6fa304e69a6ede6a9ce36c86e439c4bcede92ec7580efa0f03b1742be66e7858	ProcurementResponsibilityService
11	services/src/procurement_responsibility/resolver.rs	erp-procurement	crates/erp-procurement/src/service/procurement_responsibility/resolver.rs	move-with-symbol-splits		b62de590356ac2c76f70a0cfc1e77bc5d4fc91cf402e088f0bdd23dfac8eb77a	ResolutionInput,AuthorizedResolutionLine,AuthorizedResolutionPlan,CandidateResolution,EntityId
11	services/src/procurement_responsibility/rule_list.rs	erp-procurement	crates/erp-procurement/src/service/procurement_responsibility/rule_list.rs	move-with-symbol-splits		4f7937e723e17e8a5dda8327867b567c841b84e3dec7cc98814610be3dac24b8	-
11	services/src/procurement_responsibility/service.rs	erp-procurement	crates/erp-procurement/src/service/procurement_responsibility/service.rs	move-with-symbol-splits		c5322fa91195b392bbf9605d868cad02a23c0369b69112187334335c2faa7724	-
11	services/src/purchase_order/adapter.rs	erp-procurement	crates/erp-procurement/src/service/purchase_order/adapter.rs	move-with-symbol-splits		1298dfe66143c189126b130af62277dd1b066bda4f8331c43e5542bc53f684de	PurchaseOrderAdapter,PurchaseOrderStartCommand
11	services/src/purchase_order/allocation_maintenance.rs	erp-procurement	crates/erp-procurement/src/service/purchase_order/allocation_maintenance.rs	move-with-symbol-splits		5f2af498eb4fd0f594b590b84cfa08f8ecfc2d050691ef15d17d44f83bf7d64e	PreparedSalesAllocations
11	services/src/purchase_order/approval_query.rs	erp-procurement	crates/erp-procurement/src/service/purchase_order/approval_query.rs	move-with-symbol-splits		565b6461da4dc37be3cf16c1c62bf17eccd2a8af90dc1397eb2146a26647ed06	LoadedRuntime
11	services/src/purchase_order/authorization.rs	erp-procurement	crates/erp-procurement/src/service/purchase_order/authorization.rs	move-with-symbol-splits		e44bf87c73ab7cd386f7147fec3266d0396447193c2999a80fb0f201831c6bd9	PurchaseOrderAuthorization
11	services/src/purchase_order/cancel_approval.rs	erp-procurement	crates/erp-procurement/src/service/purchase_order/cancel_approval.rs	move-with-symbol-splits		cfdd3e2a90dfca01c81b4b0b08cf77250082e01b591a68cb049ac0b01f828d03	LoadedCancelRuntime,PurchaseOrderCancelPersistInput
11	services/src/purchase_order/change.rs	erp-procurement	crates/erp-procurement/src/service/purchase_order/change.rs	move-with-symbol-splits		2a270760d4ae430d6ae996e65ccf9f24e38ee283931bdc76da409272580ef219	-
11	services/src/purchase_order/change/effect.rs	erp-procurement	crates/erp-procurement/src/service/purchase_order/change/effect.rs	move-with-symbol-splits		8b07385ccb890665835147fb27f7a9b9c22b922fa6a975103a188820bd04595a	EffectiveChangeDelta,PreparedEffectiveChange,EffectiveChangeWrite
11	services/src/purchase_order/change/mapping.rs	erp-procurement	crates/erp-procurement/src/service/purchase_order/change/mapping.rs	move-with-symbol-splits		d448eba8e485d1ff2cf64fdd8bf6d37419eb46dccd960089c32b86215f27ac80	-
11	services/src/purchase_order/change/query.rs	erp-procurement	crates/erp-procurement/src/service/purchase_order/change/query.rs	move-with-symbol-splits		193551241493f6d1d99f9fbd78e48dcc4b325a5bf335722ce2642af4a2c7b22a	-
11	services/src/purchase_order/change/submit.rs	erp-procurement	crates/erp-procurement/src/service/purchase_order/change/submit.rs	move-with-symbol-splits		06e100b86920107b66b603482dc58643cc459e95108139d9f1f1daf73ebedf2d	ChangeStartDispatch,FrozenChangeSubmission
11	services/src/purchase_order/change_adapter.rs	erp-procurement	crates/erp-procurement/src/service/purchase_order/change_adapter.rs	move-with-symbol-splits		b338ca436e7f175547363729fff0c56c49a3b851ceae8c00a606ff0beda695ab	PurchaseChangeOrderAdapter,PurchaseChangeOrderStartCommand
11	services/src/purchase_order/change_cancel.rs	erp-procurement	crates/erp-procurement/src/service/purchase_order/change_cancel.rs	move-with-symbol-splits		72f16928e2e1fc3b14ea5bf1b748f9cc8c4e887497a6f75a29e749d9703e7200	LoadedCancelRuntime,PurchaseChangeCancelPersistInput
11	services/src/purchase_order/change_start.rs	erp-procurement	crates/erp-procurement/src/service/purchase_order/change_start.rs	move-with-symbol-splits		47715158dab76eaf2b67b66e38db761f0631e3df7bed34fce5e54a02a7be3c44	PurchaseChangeStartInput,PurchaseChangeStartPersistInput
11	services/src/purchase_order/coverage.rs	erp-procurement	crates/erp-procurement/src/service/purchase_order/coverage.rs	move-with-symbol-splits		1db9b59355bb0d77b39ea5b48511d39caef899bdd129296aadcb52a3d65b877b	-
11	services/src/purchase_order/create_submit.rs	erp-procurement	crates/erp-procurement/src/service/purchase_order/create_submit.rs	move-with-symbol-splits		ba139004a2f3579a64ba332df44c9099d11a579884eb1f8eaf7599370f806f06	SubmittedCreatedOrder,CreatedDraftBundle,FrozenCreatedDraft,PersistFrozenCreatedOrderStartInput
11	services/src/purchase_order/creation_basis.rs	erp-procurement	crates/erp-procurement/src/service/purchase_order/creation_basis.rs	move-with-symbol-splits		43e57bb57c2b05658ca8fad8e5de013876f1478b838d8150d96a84f90abf2ce7	-
11	services/src/purchase_order/creation_basis/create.rs	erp-procurement	crates/erp-procurement/src/service/purchase_order/creation_basis/create.rs	move-with-symbol-splits		c0758c689b4e61136631eb55318e092444d0e2bcc802486ccfb3549c6ee61cd1	SelectedLine,CreationReceipt,CreateBasisCommand,PreparedDraftWrite,VerifiedBasisInput,ComputedSelection,ComputedLine
11	services/src/purchase_order/creation_basis/mapping.rs	erp-procurement	crates/erp-procurement/src/service/purchase_order/creation_basis/mapping.rs	move-with-symbol-splits		2a9f98532768b6f18ef98330e00a6c33443b544da6fbb6c52fd513f0ac9d10f9	SupplierSettlementTerms
11	services/src/purchase_order/creation_basis/query.rs	erp-procurement	crates/erp-procurement/src/service/purchase_order/creation_basis/query.rs	move-with-symbol-splits		01f0d90a73329e42a802e34e03d6fc3b68db72e807e30baafbd3bcf52400412b	-
11	services/src/purchase_order/draft_edit.rs	erp-procurement	crates/erp-procurement/src/service/purchase_order/draft_edit.rs	move-with-symbol-splits		8d074ba83482eab09d04719909fa7d9c08dc2a850ee758568c7248ef3333c904	SaveDraftCommand,SaveDraftReceipt,DraftReplacement
11	services/src/purchase_order/dto.rs	erp-procurement	crates/erp-procurement/src/dto/purchase_order.rs	move-with-symbol-splits		d2d1dd7621687fba20161bbb1f86781aad79ed2b0d240c119bf2d7ada6d509e0	-
11	services/src/purchase_order/dto/change_order.rs	erp-procurement	crates/erp-procurement/src/dto/purchase_order/change_order.rs	move-with-symbol-splits		49bfc3f0d180aae8112e66c2a81501090d2e4f0a8f043eea3c52738cd5185ea0	CancelPurchaseChangeApprovalRequest,StartPurchaseChangeRequest,StartPurchaseChangeResult,SubmitPurchaseChangeRequest,PurchaseChangeSubmitResult,EffectPurchaseChangeRequest,PurchaseChangeEffectResult,PurchaseChangeOrderListParams,PurchaseChangeOrderView
11	services/src/purchase_order/dto/command.rs	erp-procurement	crates/erp-procurement/src/dto/purchase_order/command.rs	move-with-symbol-splits		b76d27ad5102f8849c19e499772adbcaef6a35f383c64e2d00aa158c0e3abf90	CancelPurchaseOrderApprovalRequest,CreatePurchaseOrderLineRequest,CreatePurchaseOrderFromBasisRequest,CreatePurchaseOrderResult,SourcingLineAssignment,CreatePurchaseOrdersFromSourcingRequest,CreatePurchaseOrdersFromSourcingResult,ExistingStockReservationResult,SavePurchaseOrderDraftRequest,SaveDraftFingerprintPayload,SavePurchaseOrderLinePatch,SavePurchaseOrderLine,SavePurchaseOrderDraftResult,VoidPurchaseOrderRequest,VoidDraftFingerprintPayload,VoidPurchaseOrderResult,SubmitPurchaseOrderRequest,SubmitPurchaseOrderResult,PurchaseReviewResult
11	services/src/purchase_order/dto/query.rs	erp-procurement	crates/erp-procurement/src/dto/purchase_order/query.rs	move-with-symbol-splits		51f14bda1048cef433276bf0a69510be567737f7cffbe4db0717f4913439bb67	PageParams,PurchaseOrderListParams,PurchaseOrderListQuery,PurchaseOrderListItemView,PurchaseOrderLineView,PurchaseSalesAllocationView,PurchaseChangeSummaryView,PurchaseActionBlockerView,PurchaseOrderCenterView,PurchaseOrderPayableSummaryView,DocumentApprovalView,DocumentApprovalDefinitionView,DocumentApprovalNodeView,DocumentApprovalInstanceView,DocumentApprovalHistoryItemView,DocumentApprovalHistoryPageView,TotalsView,CreationBasisListParams,CreationBasisLineView,CreationBasisView
11	services/src/purchase_order/formalization.rs	erp-procurement	crates/erp-procurement/src/service/purchase_order/formalization.rs	move-with-symbol-splits		6a2c31f2d2a56aeb966f3a8fcb5c14b4b3c53f146390684d4ca8f1b340b86aa5	-
11	services/src/purchase_order/line_input.rs	erp-procurement	crates/erp-procurement/src/service/purchase_order/line_input.rs	move-with-symbol-splits		d8d76b74478132bea40a12123d105acf0c2fb3452bb173329cb693b388a11391	-
11	services/src/purchase_order/mod.rs	erp-procurement	crates/erp-procurement/src/service/purchase_order/mod.rs	move-with-symbol-splits		d43f36a8b4b842c10bf0bf17106ead10b0286a2bfa81fd9982c3fee6650339e7	PurchaseOrderService
11	services/src/purchase_order/procurement_task_sync.rs	erp-procurement	crates/erp-procurement/src/service/purchase_order/procurement_task_sync.rs	move-with-symbol-splits		73b3fd2a9bdf08db62c2b04d0d88c0d6a892b6351651b6005d09e1b0262ef75d	-
11	services/src/purchase_order/query.rs	erp-procurement	crates/erp-procurement/src/service/purchase_order/query.rs	move-with-symbol-splits		b9dabb8cbdd3d60c459e29d7a5368eddc5274bbfa91585313603ecb413f686fc	PurchaseOrderFilter
11	services/src/purchase_order/review.rs	erp-procurement	crates/erp-procurement/src/service/purchase_order/review.rs	move-with-symbol-splits		e0905fec1cd7e8b30622bf195f22a4ce00421c98e0093a693d6431e3a7f9b66a	PreparedFormalizedOrder,FormalizedOrderPersist
11	services/src/purchase_order/shared.rs	erp-procurement	crates/erp-procurement/src/service/purchase_order/shared.rs	move-with-symbol-splits		a62edc43f016774f24ad3554d362454b4e1f56c8c5168ae1e14207cc24e22050	Versioned
11	services/src/purchase_order/sourcing_create.rs	erp-procurement	crates/erp-procurement/src/service/purchase_order/sourcing_create.rs	move-with-symbol-splits		d4f3d578aab7be181ae0d3189663685b7a87dded82a61e01ca67f5cee91595b1	SourcingOrderReceipt,SourcingReceipt,PersistedStockAllocation,CreateFromSourcingInTransactionInput
11	services/src/purchase_order/start_approval.rs	erp-procurement	crates/erp-procurement/src/service/purchase_order/start_approval.rs	move-with-symbol-splits		2c8d7990823af21e4e9bbd26b1969a77a62403aa6c915190bd66ff53361fee7f	PurchaseOrderStartInput,PurchaseOrderStartPersistInput,PurchaseSubmitProcurementGuard
11	services/src/purchase_order/submission.rs	erp-procurement	crates/erp-procurement/src/service/purchase_order/submission.rs	move-with-symbol-splits		64563718f24b166ad7d97996f3f1bb9fe11a68ebaf342b96c335cc1abec94bf1	RecoverPurchaseSubmitStartInput,PurchaseSubmitReceipt
11	services/src/purchase_order/view_mapping.rs	erp-procurement	crates/erp-procurement/src/service/purchase_order/view_mapping.rs	move-with-symbol-splits		c6f8f0fed7e1cd490af0b41f743a0fe7fea138cf9f58176d4409a9c02a220475	-
11	services/src/purchase_order/void_order.rs	erp-procurement	crates/erp-procurement/src/service/purchase_order/void_order.rs	move-with-symbol-splits		2d0ebbcdfead6cbbd9c75ee50d029337fc9a714a8b618864f05c132ff6111695	VoidDraftCommand,VoidDraftReceipt
01	services/src/query.rs	application-core	crates/application-core/src/query.rs	move		e3ea063ee285ad78302ccc8009d1298baa421eaef136aeb6b2e8b7eb8b2059af	SortDir,PageView
09	services/src/receivable/account.rs	erp-finance	crates/erp-finance/src/service/receivable/account.rs	move-with-symbol-splits		72adf78c44cbf0e3176bef42854cde2fbd104fcd6dee7fc4d448143e44073ede	-
09	services/src/receivable/adapter.rs	erp-finance	crates/erp-finance/src/service/receivable/adapter.rs	move-with-symbol-splits		2467f6f404219740c242fef4fb395d396546aee5cdcac94036b20a95eb2035a1	CustomerReceiptAdapter,CustomerReceiptStartCommand
09	services/src/receivable/cancel_approval.rs	erp-finance	crates/erp-finance/src/service/receivable/cancel_approval.rs	move-with-symbol-splits		dbe12af0447f41cc2416a829827cd38f4ade4b50a0abef529acc06e4616f2d7c	LoadedCancelRuntime,CustomerReceiptCancelPersistInput
09	services/src/receivable/card_funds_decision.rs	erp-finance	crates/erp-finance/src/service/receivable/card_funds_decision.rs	move-with-symbol-splits		194788358c976d66a4f9758766cbcd1cd3db5a32b876f635b94a52a8b53c14e5	-
09	services/src/receivable/card_funds_identity.rs	erp-finance	crates/erp-finance/src/service/receivable/card_funds_identity.rs	move-with-symbol-splits		705551fd2f272c4c14644595a17253180bf7ccc77c7da4cdf8a9d4eaf1c79f30	-
09	services/src/receivable/card_funds_receipt.rs	erp-finance	crates/erp-finance/src/service/receivable/card_funds_receipt.rs	move-with-symbol-splits		b9c5f8ecde6387bdf899c61544a41df72e4d9db212b222ca20c2702c91f5dfd5	-
09	services/src/receivable/card_funds_register.rs	erp-finance	crates/erp-finance/src/service/receivable/card_funds_register.rs	move-with-symbol-splits		28fff3196a667f93af08a4f2e06d60d482edf8b174784aa6690436624a03b6b6	CardFundsRegistrationContextInput,PersistCardFundsReceiptPlanInput
09	services/src/receivable/card_funds_review.rs	erp-finance	crates/erp-finance/src/service/receivable/card_funds_review.rs	move-with-symbol-splits		11124d9b2c67f73a0abed8d6cf62066ad2652ee92062947dcb1baa9233298b9e	-
09	services/src/receivable/card_funds_task.rs	erp-finance	crates/erp-finance/src/service/receivable/card_funds_task.rs	move-with-symbol-splits		2dc728dff35541454bb3db1f963323a5ece757a43ab7a8f33cf3aed51863055a	-
09	services/src/receivable/customer_receipt.rs	erp-finance	crates/erp-finance/src/service/receivable/customer_receipt.rs	move-with-symbol-splits		072ec9c5da1df52fff50e561c4bc7c02b5d2dca3cb0c11d613f8da58bb3844eb	-
09	services/src/receivable/customer_receipt_commit.rs	erp-finance	crates/erp-finance/src/service/receivable/customer_receipt_commit.rs	move-with-symbol-splits		03841aa1f084e74727bfad3642caad449391d13e4288b6c09bb06dda04fe5813	PreparedCustomerReceiptCommit
09	services/src/receivable/dto.rs	erp-finance	crates/erp-finance/src/dto/receivable.rs	move-with-symbol-splits		9aa828d8b9395b08ab78d7cb5fbd1d7f472f298561b0d7e36c1e87020fad49d4	-
09	services/src/receivable/dto/card_funds.rs	erp-finance	crates/erp-finance/src/dto/receivable/card_funds.rs	move-with-symbol-splits		39c696ca82d26c3e25252cdd1b4384b880567218572904260f8151ff61da9723	ReceivableReceiptFactView,ReceivableInvoiceFactView,CardFundsReviewDetailParams,CardFundsReviewAllowedAction,CardFundsReviewActionBlockerView,CardFundsRegistrationAllocation,RegisterCardFundsReceiptRequest,RegisterCardFundsInvoiceRequest,CardFundsRegistrationResult,CardFundsReviewType,CardFundsReviewResult,CardFundsReviewConclusion,CardFundsReviewDecision,CompleteCardFundsReviewCommand,CompletedWorkItemStatus,CardFundsReviewFollowUpWorkItem,CardFundsReviewBusinessResult,CompleteCardFundsReviewResult
09	services/src/receivable/dto/command.rs	erp-finance	crates/erp-finance/src/dto/receivable/command.rs	move-with-symbol-splits		af24644b73f348d346dfbf84d04fd0179dc0b8490a3cf96b33ad8903cacc43b1	CreateReceivableAccountRequest,CreateCustomerReceiptRequest,ReceiptAllocationLineRequest,PostCustomerReceiptRequest,SubmitCustomerReceiptRequest,CommitCustomerReceiptRequest,CancelCustomerReceiptApprovalRequest
09	services/src/receivable/dto/invoice.rs	erp-finance	crates/erp-finance/src/dto/receivable/invoice.rs	move-with-symbol-splits		f696eed096ec29e35b4f5fd69b60361dcfe690c7052b55d9f154cb183705f78c	CreateInvoiceRequest,SalesInvoiceAllocationLineRequest,PostInvoiceRequest,CommitInvoiceRequest,CommitRedInvoiceRequest
09	services/src/receivable/dto/query.rs	erp-finance	crates/erp-finance/src/dto/receivable/query.rs	move-with-symbol-splits		3f13d043f3026597cf54f4f640b86877109b4d67c460215c1d2f00e8eea25ac0	PageParams,ReceivableEntryView,ReceivableAccountSummaryView,FundsReviewView,ReceivableAccountView,ReceivableAccountListParams,ReceivableAccountListQuery,ReceiptAllocationView,CustomerReceiptView,DocumentApprovalView,DocumentApprovalDefinitionView,DocumentApprovalNodeView,DocumentApprovalInstanceView,DocumentApprovalHistoryItemView,DocumentApprovalHistoryPageView,CustomerReceiptListParams,CustomerReceiptListQuery,SalesInvoiceAllocationView,InvoiceView,InvoiceListParams,InvoiceListQuery
09	services/src/receivable/invoice.rs	erp-finance	crates/erp-finance/src/service/receivable/invoice.rs	move-with-symbol-splits		0fb90bab4c3ca4faf12a4669e188d87081019facc97c6a358d4d1e8a587df09b	-
09	services/src/receivable/invoice_commit.rs	erp-finance	crates/erp-finance/src/service/receivable/invoice_commit.rs	move-with-symbol-splits		d476426af275353b6c4358caf844482a55d28a5e12a1221c8ad5051120e4ef76	PreparedInvoiceCommit
09	services/src/receivable/invoice_task.rs	erp-finance	crates/erp-finance/src/service/receivable/invoice_task.rs	move-with-symbol-splits		ff9a61db2e4db8bb533669f38275de16a56b89439138adb610ec7b1d6100558e	SalesInvoiceTaskChange
09	services/src/receivable/mapping.rs	erp-finance	crates/erp-finance/src/service/receivable/mapping.rs	move-with-symbol-splits		a9a25f7cd8692a66c89cb40a58a05a75ce267113e8914af719d31d7b7a5f2e73	CardFundsSnapshot
09	services/src/receivable/mod.rs	erp-finance	crates/erp-finance/src/service/receivable/mod.rs	move-with-symbol-splits		677188fa5580242739a94063c8940aa24d24f10335f9df2b2d20ccacba290eb0	ReceivableAccountFilter,ReceivableService
09	services/src/receivable/red_invoice.rs	erp-finance	crates/erp-finance/src/service/receivable/red_invoice.rs	move-with-symbol-splits		ee9fbb3b8196f3544b5957b0ab6aa49bf699a18d75d026aa4867db8d96a2f887	-
09	services/src/receivable/start_approval.rs	erp-finance	crates/erp-finance/src/service/receivable/start_approval.rs	move-with-symbol-splits		0d7369308f5026e7e52956754a5688e2a2da2dd160f880f5cc84e3bf24306894	CustomerReceiptStartInput,CustomerReceiptStartPersistInput
13	services/src/returns/adapter.rs	erp-returns	crates/erp-returns/src/service/returns/adapter.rs	move-with-symbol-splits		bff1e221c15c57d00cbe273be7c9bd3917e5a83261f86addbc333f54a789ed18	-
13	services/src/returns/adapter/customer_refund.rs	erp-returns	crates/erp-returns/src/service/returns/adapter/customer_refund.rs	move-with-symbol-splits		3f59116a9620ba5728cc0637d90caf4eeb08bc01dc7ca31ee31d475320dc8aee	CustomerRefundAdapter,CustomerRefundStartCommand
13	services/src/returns/adapter/payment_reversal.rs	erp-returns	crates/erp-returns/src/service/returns/adapter/payment_reversal.rs	move-with-symbol-splits		322e54dd32a561635b8c9053d2fc4e428f652cdedc0917ca93a1c83fee74606c	PaymentReversalAdapter,PaymentReversalStartCommand
13	services/src/returns/adapter/receipt_reversal.rs	erp-returns	crates/erp-returns/src/service/returns/adapter/receipt_reversal.rs	move-with-symbol-splits		58f4fd2541e8c5831ed970d3c3e57112bfa61df36fc216ef34709f17de387404	ReceiptReversalAdapter,ReceiptReversalStartCommand
13	services/src/returns/adapter/supplier_refund.rs	erp-returns	crates/erp-returns/src/service/returns/adapter/supplier_refund.rs	move-with-symbol-splits		3948f02b0e1b9a29682bed4f3d43862e48d9099a1920fbba0d3b9be2b46b7527	SupplierRefundAdapter,SupplierRefundStartCommand
13	services/src/returns/cancel_approval.rs	erp-returns	crates/erp-returns/src/service/returns/cancel_approval.rs	move-with-symbol-splits		edcb7181d6003a0310bcbc3281ef81037fe9c85a2e69629cc3d8306e3607535f	LoadedCancelRuntime,CustomerRefundCancelPersistInput,SupplierRefundCancelPersistInput,ReceiptReversalCancelPersistInput,PaymentReversalCancelPersistInput
13	services/src/returns/customer_refund.rs	erp-returns	crates/erp-returns/src/service/returns/customer_refund.rs	move-with-symbol-splits		af9ae8207ad16ec58f5be3013043b3e82f3b3da9ce8c9fc7778f39981962be58	CustomerRefundFilter
13	services/src/returns/customer_refund_list.rs	erp-returns	crates/erp-returns/src/service/returns/customer_refund_list.rs	move-with-symbol-splits		92082301f755ad2c2005ad2d4f9269f27c356eac17a112e8b27ea6fb91f52059	CustomerRefundListFacts
13	services/src/returns/dto.rs	erp-returns	crates/erp-returns/src/dto/returns.rs	move-with-symbol-splits		041cc915fce50b798dedec3aa63cfbea218f260371353278a2cfdce95ef773ac	PageParams,CreateSalesReturnCaseRequest,CreateSalesReturnLineRequest,SalesReturnLineView,SalesReturnCaseView,SalesReturnCaseListParams,SalesReturnCaseListQuery,CreatePurchaseReturnOrderRequest,CreatePurchaseReturnLineRequest,PurchaseReturnLineView,PurchaseReturnOrderView,PurchaseReturnOrderListParams,PurchaseReturnOrderListQuery,CommitReturnFactRequest,CommitCustomerRefundRequest,CommitSupplierRefundRequest,CommitReceiptReversalRequest,CommitPaymentReversalRequest,CreateCustomerRefundRequest,PostCustomerRefundRequest,SubmitCustomerRefundRequest,CancelCustomerRefundApprovalRequest,CustomerRefundView,DocumentApprovalView,DocumentApprovalDefinitionView,DocumentApprovalNodeView,DocumentApprovalInstanceView,DocumentApprovalHistoryItemView,DocumentApprovalHistoryPageView,CustomerRefundListParams,CustomerRefundListQuery,CreateSupplierRefundRequest,PostSupplierRefundRequest,SubmitSupplierRefundRequest,CancelSupplierRefundApprovalRequest,SupplierRefundView,CreateReceiptReversalRequest,PostReceiptReversalRequest,SubmitReceiptReversalRequest,CancelReceiptReversalApprovalRequest,ReceiptReversalView,CreatePaymentReversalRequest,PostPaymentReversalRequest,SubmitPaymentReversalRequest,CancelPaymentReversalApprovalRequest,PaymentReversalView
13	services/src/returns/mod.rs	erp-returns	crates/erp-returns/src/service/returns/mod.rs	move-with-symbol-splits		55f5302d852b40322d571dee78961532007f4f6d1ecb7f05b99c30d52b1c965a	ReturnsService
13	services/src/returns/offset_batch.rs	erp-returns	crates/erp-returns/src/service/returns/offset_batch.rs	move-with-symbol-splits		8ef5786a7edac907af232c3266f36c751ff1880303bb16b05629460f410741f9	OffsetFacts,Entry,Account,Chunk
13	services/src/returns/payment_reversal.rs	erp-returns	crates/erp-returns/src/service/returns/payment_reversal.rs	move-with-symbol-splits		bc827f240bfaca98bf79e92739391eb63bc5afead2ba4c495e322acec7949b26	-
13	services/src/returns/purchase_return.rs	erp-returns	crates/erp-returns/src/service/returns/purchase_return.rs	move-with-symbol-splits		f23cad7dd8a297d2d8d8fa7fca8c189c1e18da8836504345e2b1ed87bcdc45eb	PurchaseReturnOrderFilter
13	services/src/returns/receipt_reversal.rs	erp-returns	crates/erp-returns/src/service/returns/receipt_reversal.rs	move-with-symbol-splits		8a4460be5b62ff4ef5677b05727f1a44047ac68c0bc10bdc4a4d2dd7c8e030cc	-
13	services/src/returns/sales_return.rs	erp-returns	crates/erp-returns/src/service/returns/sales_return.rs	move-with-symbol-splits		879e73c2b13c2d80a2129ac23ea5f1fcdd3692d4f48583df14a7ef8f8336625a	SalesReturnCaseFilter
13	services/src/returns/start_approval.rs	erp-returns	crates/erp-returns/src/service/returns/start_approval.rs	move-with-symbol-splits		77e37c5440c45469ed4f6cb4f78134a01b70c5e6479ec075c848af56abc624a1	-
13	services/src/returns/start_approval/customer_refund.rs	erp-returns	crates/erp-returns/src/service/returns/start_approval/customer_refund.rs	move-with-symbol-splits		0e802506be02d5342c0614e83485047b90af2d1151dedda6b2bae60d324a6b8a	CustomerRefundStartInput,CustomerRefundStartPersistInput
13	services/src/returns/start_approval/mapping.rs	erp-returns	crates/erp-returns/src/service/returns/start_approval/mapping.rs	move-with-symbol-splits		07c732a35e11b33cf7e2d27874e2d9b384b03455812f7d99254988ff32217f1d	-
13	services/src/returns/start_approval/payment_reversal.rs	erp-returns	crates/erp-returns/src/service/returns/start_approval/payment_reversal.rs	move-with-symbol-splits		9cf29f8c033a35755febb11cae48f0c704e8fe2c2ec97195e4af40b9a973f6bc	PaymentReversalStartInput,PaymentReversalStartPersistInput
13	services/src/returns/start_approval/prepare.rs	erp-returns	crates/erp-returns/src/service/returns/start_approval/prepare.rs	move-with-symbol-splits		35e88daebb9d87072978ceba5cfa38d71f37c5b343e975667039766c10e9fdc1	ReplayReturnStartInput
13	services/src/returns/start_approval/receipt_reversal.rs	erp-returns	crates/erp-returns/src/service/returns/start_approval/receipt_reversal.rs	move-with-symbol-splits		da10091ee682dd0fd77fdbe79e48c3d6102168bb8d3ae3aeff642745ecf218e4	ReceiptReversalStartInput,ReceiptReversalStartPersistInput
13	services/src/returns/start_approval/supplier_refund.rs	erp-returns	crates/erp-returns/src/service/returns/start_approval/supplier_refund.rs	move-with-symbol-splits		8b071addb5d943797a31b5b9d4a397c1e941067ef96e40e144b5699ce8ce6174	SupplierRefundStartInput,SupplierRefundStartPersistInput
13	services/src/returns/supplier_refund.rs	erp-returns	crates/erp-returns/src/service/returns/supplier_refund.rs	move-with-symbol-splits		60de144ba7805fff2180639c0dfdd73ca3a7bb46156a15fc8af17c5aa4509bfa	-
13	services/src/returns/version_conflict.rs	erp-returns	crates/erp-returns/src/service/returns/version_conflict.rs	move-with-symbol-splits		3ee865e77fd0891c98ef0f1690d1a0f83ab93aed5af1ffb0ccb9b3b0d6f393c9	-
10	services/src/sales_order/adapter.rs	erp-sales	crates/erp-sales/src/service/sales_order/adapter.rs	move-with-symbol-splits		6bc4d980eea5acb310a4ae4812e72ded0c7c9ca8988e7e098c472b922c3f86a5	SalesOrderAdapter,VoucherSalesOrderAdapter,SalesApprovalPorts,SalesOrderStartCommand
10	services/src/sales_order/approval_query.rs	erp-sales	crates/erp-sales/src/service/sales_order/approval_query.rs	move-with-symbol-splits		27b94b1d2e0969ce220b5303d1f343ade976fd4578e15060ebee5b0a3307874a	LoadedRuntime
10	services/src/sales_order/cancel_approval.rs	erp-sales	crates/erp-sales/src/service/sales_order/cancel_approval.rs	move-with-symbol-splits		4242ba10b4258354e99b94e9b2cf6a9daa985700bd0ccdcdebdf97a0dd8c2523	LoadedCancelRuntime,SalesOrderCancelPersistInput
10	services/src/sales_order/command/cancel.rs	erp-sales	crates/erp-sales/src/service/sales_order/command/cancel.rs	move-with-symbol-splits		a0b92bc8bc5fcffa2b517e585e7e2bb9a95ca05f1b18c3486455244c4444f394	-
10	services/src/sales_order/command/card_projection_input_tests.rs	erp-sales	crates/erp-sales/src/service/sales_order/command/card_projection_input_tests.rs	move-with-symbol-splits		03d1243d5b6f0f351288b85ea848a510404562c8db458b98b32baac8eec28d9e	-
10	services/src/sales_order/command/create.rs	erp-sales	crates/erp-sales/src/service/sales_order/command/create.rs	move-with-symbol-splits		49d4ebf09ba0c90faaff1773609c00c3dd58274163453504582f559905bdd653	-
10	services/src/sales_order/command/goods_service_cutover_tests.rs	erp-sales	crates/erp-sales/src/service/sales_order/command/goods_service_cutover_tests.rs	move-with-symbol-splits		faff62df0c414ce21bdf51cbcc84d796bae32c65e418489621a6f77af227ed05	-
10	services/src/sales_order/command/identity.rs	erp-sales	crates/erp-sales/src/service/sales_order/command/identity.rs	move-with-symbol-splits		08ff0f18076c93a01e1c271b8d685d47e38db4901ec5ea25bca8c8f27680267c	-
10	services/src/sales_order/command/mod.rs	erp-sales	crates/erp-sales/src/service/sales_order/command/mod.rs	move-with-symbol-splits		d667e2f8605f230343e5e92b28985ad038819606cf6e19210d5f742fadc0ddfe	-
10	services/src/sales_order/command/save.rs	erp-sales	crates/erp-sales/src/service/sales_order/command/save.rs	move-with-symbol-splits		b0c1b92e7e2067a470758b70e6ee229f70e67b9d000265f6413b65b474de2e42	-
10	services/src/sales_order/command/sellable.rs	erp-sales	crates/erp-sales/src/service/sales_order/command/sellable.rs	move-with-symbol-splits		1b605662a587ef3092670fbd411f89efe184f2b4eb69f71a9f76064790acfb87	-
10	services/src/sales_order/command/submit.rs	erp-sales	crates/erp-sales/src/service/sales_order/command/submit.rs	move-with-symbol-splits		ba449116d4bf63f4b4fa77333c70f5e91ce0e1bf94be84e5f56fa637a95a1041	RecoverSalesSubmissionStartInput,ApprovalSubmissionStart
10	services/src/sales_order/command/void.rs	erp-sales	crates/erp-sales/src/service/sales_order/command/void.rs	move-with-symbol-splits		68891db09d94c37fc5a6d1c1317e05ab6580822120532e0514a6415d360d9bcb	-
10	services/src/sales_order/draft_working_copy.rs	erp-sales	crates/erp-sales/src/service/sales_order/draft_working_copy.rs	move-with-symbol-splits		95b3f5b58d51a723797b9baaae9ab9c063c9344797cbdb92a9e166ad3ba2d94d	DraftStableLines
10	services/src/sales_order/dto.rs	erp-sales	crates/erp-sales/src/dto/sales_order.rs	move-with-symbol-splits		aae69b4abd3e8a8a5f92f6d0597e248c237aa3d1743c7498978c64993df8e17b	PageParams,SalesOrderCreateIntent,SalesOrderDraftLineRequest,SalesOrderDraftRequest,SalesOrderEditableDraftRequest,CreateSalesOrderRequest,SaveWorkingCopyRequest,SubmitSalesOrderRequest,VoidSalesOrderRequest,CancelSalesOrderApprovalRequest,SalesOrderListParams,SalesOrderListQuery,SalesOrderView,SalesOrderStageSummary,CloseEligibilityView,SalesOrderLineView,WorkingCopyView,SalesOrderWorkingCopyLineView,SubmissionView,RevisionLineView,RevisionView,CardSalesApprovalAllowedAction,ActiveCardSalesApprovalView,SalesProcurementCoverageView,PurchaseCreationAccessView,SalesOrderDetailView,DocumentApprovalView,DocumentApprovalDefinitionView,DocumentApprovalNodeView,DocumentApprovalInstanceView,DocumentApprovalHistoryItemView,DocumentApprovalHistoryPageView
10	services/src/sales_order/formalize.rs	erp-sales	crates/erp-sales/src/service/sales_order/formalize.rs	move-with-symbol-splits		665d6fcdfb8cd985b96321990fee73a6809dd14a8aa96a978095357b1dfd5548	ProcurementFormalizationPlan,FormalizedSubmissionWrite
10	services/src/sales_order/mapper.rs	erp-sales	crates/erp-sales/src/service/sales_order/mapper.rs	move-with-symbol-splits		fb55dc41f1f3f5bae55bf2a323fad09893b65617083fd72aabf196b9ca487135	-
10	services/src/sales_order/mod.rs	erp-sales	crates/erp-sales/src/service/sales_order/mod.rs	move-with-symbol-splits		538a55ff6f5467c9dd307072f7561e23087d730b53d8aef069285e4981be88e9	SalesOrderService
10	services/src/sales_order/procurement.rs	erp-sales	crates/erp-sales/src/service/sales_order/procurement.rs	move-with-symbol-splits		578d3d5f6684c3e660c687cb392e2f80f814b13b947c0f474fe10d492c9c846a	-
10	services/src/sales_order/progress.rs	erp-sales	crates/erp-sales/src/service/sales_order/progress.rs	move-with-symbol-splits		b09357eb6de84abecc2263979e6c8183fdc784d97ec253925ccb3a31bae832d6	-
10	services/src/sales_order/query.rs	erp-sales	crates/erp-sales/src/service/sales_order/query.rs	move-with-symbol-splits		1d0f45e542f43ae86d2a0c917d9835603e8826263d41cb7d65b977b677914be4	SalesOrderFilter
10	services/src/sales_order/start_approval.rs	erp-sales	crates/erp-sales/src/service/sales_order/start_approval.rs	move-with-symbol-splits		0a48e5d42d2196336c2e0b9350b898177a5ee28fbae01bb29e712136a564d2d6	ReplaySalesOrderStartInput,SalesOrderStartInput,SalesOrderStartPersistInput,SalesOrderWorkingCopyPersistPlan,SalesOrderRuntimeWriteInput
10	services/src/sales_order/status.rs	erp-sales	crates/erp-sales/src/service/sales_order/status.rs	move-with-symbol-splits		98b653e56daf28690b43ac79bf4be3ff8357d7c7be4ad542d39718c759499619	-
10	services/src/sales_review/adapter.rs	erp-sales	crates/erp-sales/src/service/sales_review/adapter.rs	move-with-symbol-splits		0728019b001d6454e0d1b1ddd6d5e71b2e351420dc3fcf0b21f9bab738a23d91	SalesChangeOrderAdapter,SalesChangeOrderStartCommand
10	services/src/sales_review/cancel_approval.rs	erp-sales	crates/erp-sales/src/service/sales_review/cancel_approval.rs	move-with-symbol-splits		f60cfe2f9d7c981cc031150000f6913c1650c38d50f9c106c060df7be1ac033d	LoadedCancelRuntime,SalesChangeCancelPersistInput
10	services/src/sales_review/dto.rs	erp-sales	crates/erp-sales/src/dto/sales_review.rs	move-with-symbol-splits		ce19d1180733761b7ca8fac0de1c60372cb56162b4b6f5dce5828f4973c2edf2	PageParams,SalesChangeOrderListParams,SalesChangeOrderListQuery,CreateSalesChangeOrderRequest,SubmitSalesChangeRequest,ChangeReviewDecisionRequest,VoidSalesChangeOrderRequest,SalesChangeOrderView,SalesChangeOrderDetailView,CancelSalesChangeApprovalRequest,DocumentApprovalView,DocumentApprovalDefinitionView,DocumentApprovalNodeView,DocumentApprovalInstanceView,DocumentApprovalHistoryItemView,DocumentApprovalHistoryPageView
10	services/src/sales_review/formalization.rs	erp-sales	crates/erp-sales/src/service/sales_review/formalization.rs	move-with-symbol-splits		17ec21131a17ca55f98457bc5d1bf5b5cd513a528f79e69d331bbcfde96d5f83	RevisionAggregate
10	services/src/sales_review/mod.rs	erp-sales	crates/erp-sales/src/service/sales_review/mod.rs	move-with-symbol-splits		791562ca443c06e458402c1c221ccb20e019ca7aa622e2ed56115a3768aa62f0	SalesChangeOrderFilter,SalesReviewService,SalesChangeOrderService
10	services/src/sales_review/sales_change_order.rs	erp-sales	crates/erp-sales/src/service/sales_review/sales_change_order.rs	move-with-symbol-splits		6af184ee4219af1162867761c26c04baec48114ec10188041f0f8a0af65417a6	CreatedChangeOrderPersistInput,EffectiveChangeWrite
10	services/src/sales_review/sourcing.rs	erp-sales		remove-comment-placeholder		25f2e5ad34dc160c6d7f4952185421e008fd37ea47204dac64a3d4027350b342	-
10	services/src/sales_review/start_approval.rs	erp-sales	crates/erp-sales/src/service/sales_review/start_approval.rs	move-with-symbol-splits		28ed74bea7993fb788b5def69b556ad9906d2a827c6b144c99fbe67935e88fa1	SalesChangeStartInput,SalesChangeStartPersistInput
04	services/src/source_registry/dto.rs	erp-support	crates/erp-support/src/dto/source_registry.rs	move-with-symbol-splits		0d4c13233591abbc0d5e6cf7dd01a5974aa539eda985585ea223d7f124d641ba	PageParams,CreateSourceSystemRequest,UpdateSourceSystemRequest,SourceSystemView,SourceSystemListParams,SourceSystemListQuery,CreateExternalIdentityMapRequest,ExternalIdentityMapView,ExternalIdentityMapListParams,ExternalIdentityMapListQuery
04	services/src/source_registry/mod.rs	erp-support	crates/erp-support/src/service/source_registry/mod.rs	move-with-symbol-splits		465fa8b440a04b6459456950363ba5713c33fe4db15848fdaa6dcc23d465dcf0	SourceSystemFilter,ExternalIdentityMapFilter,SourceRegistryService
05	services/src/supplier/dto.rs	erp-supplier	crates/erp-supplier/src/dto/supplier.rs	move-with-symbol-splits		4244ef0a01e9d5cf33e0495c042aa8692fefcdbee55f8ddcc5b8f68556e654b0	PageParams,SupplierView,SupplierDetailView,SupplierSensitiveFieldView,RevealSupplierSensitiveRequest,SupplierSensitiveRevealView,SupplierListParams,SupplierListQuery,SupplierQualificationHealth,CommercialProfileView,SupplierCapabilityView,SupplierQualificationView,SupplierRatingView,SupplierProfileContactInput,SupplierProfileAddressInput,SupplierProfileBankAccountInput,SupplierProfileQualificationInput,SupplierProfileRatingInput,SaveSupplierProfileRequest,SupplierProfileMutationView
05	services/src/supplier/eligibility.rs	erp-supplier	crates/erp-supplier/src/service/supplier/eligibility.rs	move-with-symbol-splits		138694675dfd945771991a12b6d4f43d67904a426dc4ddcf9d1d902badf2a977	-
05	services/src/supplier/mod.rs	erp-supplier	crates/erp-supplier/src/service/supplier/mod.rs	move-with-symbol-splits		cae24a31ffa1490884c3dd662a1c00205b1c9165e63e3a5b8488491c69d10f6b	HealthFilter,SearchInput,SupplierService
05	services/src/supplier/profile/create.rs	erp-supplier	crates/erp-supplier/src/service/supplier/profile/create.rs	move-with-symbol-splits		85996dc9a3f63635febe65d1fb2592c509bb4cbbb4291f61448a8c43b3792622	PreparedCreate
05	services/src/supplier/profile/mod.rs	erp-supplier	crates/erp-supplier/src/service/supplier/profile/mod.rs	move-with-symbol-splits		32fdaa747f67553e57d141f751a289bc77e461efab372f116b6176cdc0d316d7	SupplierProfileService,SupplierProfileWithAssetsResult
05	services/src/supplier/profile/sensitive.rs	erp-supplier	crates/erp-supplier/src/service/supplier/profile/sensitive.rs	move-with-symbol-splits		bcc086c0b5075b2cbe6aee3a22e504fe284f9bf4db2ff928787584d4b0aa067b	-
05	services/src/supplier/profile/tests.rs	erp-supplier	crates/erp-supplier/src/service/supplier/profile/tests.rs	move-with-symbol-splits		b054dbc575853157905cc70fb23cd2a5fc42d22a965b8c161527b200d9e202bb	-
05	services/src/supplier/profile/update.rs	erp-supplier	crates/erp-supplier/src/service/supplier/profile/update.rs	move-with-symbol-splits		736d6008b1357a99645b358e8315199044e18151eab8be735a302650f806cf5a	PartyFactChanges,CapabilityChanges,QualificationChanges,RatingChanges,PreparedUpdateContext,PreparedUpdate
05	services/src/supplier/profile/validation.rs	erp-supplier	crates/erp-supplier/src/service/supplier/profile/validation.rs	move-with-symbol-splits		8ae5a14e48a9e3ba2fbdb11b0628453f9d1e9c61c121c4d96d33872fe87c72cf	-
16	services/src/supplier_api/dto.rs	erp-supply	crates/erp-supply/src/dto/supplier_api.rs	move-with-symbol-splits		d34575521c35fd0bc097e843a9c739584363ea3b5efee233c395e21275b19bc3	PageParams,RateLimitPolicyRequest,CapabilityItemRequest,CreateSupplierApiConnectionRequest,UpdateSupplierApiConnectionRequest,ReplaceCapabilitiesRequest,SupplierApiConnectionListParams,SupplierApiConnectionListQuery,SupplierApiCapabilityListParams,SupplierApiCapabilityListQuery,HealthCheckRequest,SupplierConnectionCommand,ConfirmBusinessCapabilityRequirementCommand,SupplierCapabilityChange,UpdateSupplierCapabilitiesCommand,SupplierActionBlockerView,SafeReferenceView,SafeReferencesView,RelatedImpactView,SupplierApiConnectionView,SupplierApiCapabilitySummaryView,SupplierApiConnectionListItemView,RateLimitPolicyView,SupplierApiConnectionDetailView,SupplierApiCapabilityView,SupplierHealthCheckRunView,SupplierConnectionJobView,SupplierConnectionCommandResult,ConfirmBusinessCapabilityRequirementResult,UpdateSupplierCapabilitiesResult,HealthCheckView
16	services/src/supplier_api/governance/command.rs	erp-supply	crates/erp-supply/src/service/supplier_api/governance/command.rs	move-with-symbol-splits		1dfe9686abe559275d9eecf8c687a09a425c6693e8dbda1c984f909c1f5c6009	CommandIdentity,CommandReceiptWrite
16	services/src/supplier_api/governance/context.rs	erp-supply	crates/erp-supply/src/service/supplier_api/governance/context.rs	move-with-symbol-splits		f0c32047f1b0700718c54ed6be7b989feaf688a18f3d0f8cf3e29fa852061726	SupplierConnectionImpact,GovernanceContext
16	services/src/supplier_api/governance/jobs.rs	erp-supply	crates/erp-supply/src/service/supplier_api/governance/jobs.rs	move-with-symbol-splits		f777cee999c336b23e5ba444816d209f3d49501b4614d1ec57587090ab847762	-
16	services/src/supplier_api/governance/mod.rs	erp-supply	crates/erp-supply/src/service/supplier_api/governance/mod.rs	move-with-symbol-splits		76fbf6dc7e153172f87d67eafbf83aac3a5962442567d7221d33461fdc96268a	-
16	services/src/supplier_api/governance/query.rs	erp-supply	crates/erp-supply/src/service/supplier_api/governance/query.rs	move-with-symbol-splits		dc543571e6d9bb8fce6b9e373b22ac603bd80530c99b2dbc60797dcedc7665d6	-
16	services/src/supplier_api/governance/tests.rs	erp-supply	crates/erp-supply/src/service/supplier_api/governance/tests.rs	move-with-symbol-splits		0c4f3260d80afb30c240e00db847add0c4471ee66e9c2f58a734f0eaf09020b2	-
16	services/src/supplier_api/mod.rs	erp-supply	crates/erp-supply/src/service/supplier_api/mod.rs	move-with-symbol-splits		0ef8ff02834ba764ba817f3e185b592f89f33c6d51d44c92d69f96ffd60a4361	SupplierApiConnectionFilter,SupplierApiCapabilityFilter,ClassifiedError,SupplierApiGateway,SupplierReferenceKind,ResolvedSupplierReference,SupplierReferenceRegistry,UnavailableSupplierReferenceRegistry,UnavailableSupplierApiGateway,SupplierApiService
16	services/src/supplier_fulfillment/cancel.rs	erp-supply	crates/erp-supply/src/service/supplier_fulfillment/cancel.rs	move-with-symbol-splits		2e49a6ccb508192b32b092e1a89bdefc35d60de594a75b611122190eec065338	-
16	services/src/supplier_fulfillment/complete.rs	erp-supply	crates/erp-supply/src/service/supplier_fulfillment/complete.rs	move-with-symbol-splits		18183df01821e2c27e9a55456727fa1ff9f21e494025cb5de3e8e0a16e8a73ea	CompletionEvidenceRecord
16	services/src/supplier_fulfillment/dto.rs	erp-supply	crates/erp-supply/src/dto/supplier_fulfillment.rs	move-with-symbol-splits		9695653ffb491abfd0700d9f4ab43fd3c39c8ea86cb0e175f389e5c091390494	PageParams,SupplierFulfillmentOrderListParams,FulfillmentOrderListQuery,SupplierFulfillmentOrderView,PlaceFulfillmentItemRequest,PlaceFulfillmentOrderRequest,SupplierFulfillmentItemView,SupplierOrderStatusHistoryView,SupplierOrderActionView,SupplierOrderActionLineView,SupplierRefundFactView,SupplierRefundAllocationView,SupplierFulfillmentOrderDetailView,SupplierFulfillmentOrderDetailParams,SupplierOrderAddressView,SupplierOrderAllowedAction,SupplierOrderObjectInvestigationCommand,SupplierOrderTaskInvestigationCommand,SupplierOrderTaskInvestigationAction,SupplierOrderInvestigationAction,SupplierOrderTaskCompletionCommand,SupplierOrderTaskCompletionDecision,SupplierOrderTaskCompletionDecisionType,SupplierOrderResolution,SupplierOrderInvestigationOutcome,SupplierOrderInvestigationResultStatus,SupplierOrderInvestigationEvidenceView,SupplierOrderInvestigationWorkItemView,SupplierOrderActionBlockerView,SupplierOrderInvestigationResultView,SupplierOrderTaskCompletionResultView,SubmitAfterSalesActionRequest,AfterSalesActionLineRequest,SubmitActionResultView,RecordSupplierRejectRequest,RecordRefundResultRequest,RefundAllocationRequest
16	services/src/supplier_fulfillment/gateway.rs	erp-supply	crates/erp-supply/src/service/supplier_fulfillment/gateway.rs	move-with-symbol-splits		a612e9acadbefb85e18284623ef1cbb48f0d73f292caa51cd2302b3ba943010e	DispatchOutcome,InvestigationOutcome,SupplierGateway,UnavailableSupplierGateway,SimulatedSupplierGateway
16	services/src/supplier_fulfillment/investigate.rs	erp-supply	crates/erp-supply/src/service/supplier_fulfillment/investigate.rs	move-with-symbol-splits		2e13e3f09643fa4287320125022c647ec83b4a8e6f66509f7e4921b3d581f567	InvestigationCommandContext,InvestigationTaskContext,PreparedInvestigation,InvestigationFinding,InvestigationEvidenceRecord,InvestigationIntentRecord,DurablePreparedInvestigation
16	services/src/supplier_fulfillment/mapping.rs	erp-supply	crates/erp-supply/src/service/supplier_fulfillment/mapping.rs	move-with-symbol-splits		75582fa0fed1067793aa2fe31805749dd9e32283c02cd5aa7212e8e2e2a3d5e8	-
16	services/src/supplier_fulfillment/mod.rs	erp-supply	crates/erp-supply/src/service/supplier_fulfillment/mod.rs	move-with-symbol-splits		1a6ddebd46dc0e859997d8ff09bd234482775a8edce5a26b7140f3ef53e4456a	SupplierFulfillmentService
16	services/src/supplier_fulfillment/place.rs	erp-supply	crates/erp-supply/src/service/supplier_fulfillment/place.rs	move-with-symbol-splits		3f1458a7e7071c7aaf16515da8799465523ebd5f4a5134f0a4f622dd59e31390	-
16	services/src/supplier_fulfillment/query.rs	erp-supply	crates/erp-supply/src/service/supplier_fulfillment/query.rs	move-with-symbol-splits		0743499f197a6610e06b99e877c4ada6dea3c2713f6508339d342f9afa58fac3	FulfillmentOrderFilter
16	services/src/supplier_fulfillment/receipt.rs	erp-supply	crates/erp-supply/src/service/supplier_fulfillment/receipt.rs	move-with-symbol-splits		61555411cea89a4fd5b455f4b08538b9522075b7bc66e90a8d84d5361ba17d2a	InvestigationReceipt,CompletionReceipt
16	services/src/supplier_fulfillment/refund.rs	erp-supply	crates/erp-supply/src/service/supplier_fulfillment/refund.rs	move-with-symbol-splits		3a9a0b48675ca3e043b0caf73055164ed2864455116af158374680a82a125626	-
16	services/src/supplier_fulfillment/refund_result.rs	erp-supply	crates/erp-supply/src/service/supplier_fulfillment/refund_result.rs	move-with-symbol-splits		30fd0c97881e9efd384f72f88fe9e678e5cca47590c5fb3aad1fa5c82a6b274c	-
16	services/src/supplier_fulfillment/reject.rs	erp-supply	crates/erp-supply/src/service/supplier_fulfillment/reject.rs	move-with-symbol-splits		4b6bf76697d5ebb2e5ef59845433abf42a7b4e400dbb6a89d4133818a0bf57e7	-
16	services/src/supplier_offering/dto.rs	erp-supply	crates/erp-supply/src/dto/supplier_offering.rs	move-with-symbol-splits		e7a967abca185992416f8ee52c2058b070be07a7de29a86a4552f5720254e80f	SupplierOfferingListParams,SupplierOfferingView,SupplierOfferingTermsWrite,CreateSupplierOfferingRequest,CreateSupplierOfferingResult,ReviseSupplierOfferingRequest,ReviseSupplierOfferingResult,UpdateSupplierOfferingAvailabilityRequest,UpdateSupplierOfferingAvailabilityResult,SupplierSupplyExceptionDecisionType,SupplierSupplyExceptionDecision,CompleteSupplierSupplyExceptionTaskRequest,CompleteSupplierSupplyExceptionTaskResult
16	services/src/supplier_offering/mod.rs	erp-supply	crates/erp-supply/src/service/supplier_offering/mod.rs	move-with-symbol-splits		b05cad5f3003aa902410af48c79d9cd407c1f9a9e7a73d3da314ec157c09c66d	OfferingListQuery,SupplierOfferingService,OfferingListContext,HasId
16	services/src/supplier_settlement/difference.rs	erp-supply	crates/erp-supply/src/service/supplier_settlement/difference.rs	move-with-symbol-splits		7bad8c31dcde6bd7b16906b73a6dc57959a7ffecd82a51cff32173734a97722d	DifferenceFilter,DifferenceDecisionReceipt
16	services/src/supplier_settlement/draft.rs	erp-supply	crates/erp-supply/src/service/supplier_settlement/draft.rs	move-with-symbol-splits		f4fc3149ae7b46ad1ce6438525453a6d2021c674ade54feb51925ff4d46f733f	RefreshReceipt
16	services/src/supplier_settlement/dto.rs	erp-supply	crates/erp-supply/src/dto/supplier_settlement.rs	move-with-symbol-splits		f6c7ee9b3390f47fe376bd3af6b973264839d88aa2c5bb28922b847ecd1adbbd	-
16	services/src/supplier_settlement/dto/difference.rs	erp-supply	crates/erp-supply/src/dto/supplier_settlement/difference.rs	move-with-symbol-splits		72847112ca027ece531abd240322537736f8734e97ec656a1a80617fdccb6c61	SettlementDifferenceEvidenceRequest,SettlementDifferenceEvidenceResult,SettlementDifferenceResolution,SettlementDifferenceDecisionRequest,SettlementDifferenceDecisionStatus,SettlementDifferenceDecisionResult
16	services/src/supplier_settlement/dto/draft.rs	erp-supply	crates/erp-supply/src/dto/supplier_settlement/draft.rs	move-with-symbol-splits		17503b5cc09b82bf9b558562e4f95b8ecbeda3f3b6e0f1430a655dda09379071	SettlementDraftAction,CreateSettlementStatementRequest,RefreshSettlementStatementRequest,SettlementDraftCommandResult,VoidSettlementRequest
16	services/src/supplier_settlement/dto/query.rs	erp-supply	crates/erp-supply/src/dto/supplier_settlement/query.rs	move-with-symbol-splits		4069fecefe90d45133d73062eacaa51591d09dfa8fa9f6fb65047d612e69481e	SupplierSettlementStatementListParams,StatementListQuery,SupplierSettlementStatementView,SupplierSettlementItemListParams,SettlementItemListQuery,SupplierSettlementItemView,SupplierSettlementDifferenceListParams,SettlementDifferenceListQuery,SupplierSettlementDifferenceView,SettlementDifferenceEvidenceView,SettlementReviewProcessingState,SettlementReviewActionBlockerView,SettlementReviewWorkItemView,SupplierSettlementStatementDetailView,SettlementStatementStatsView,SettlementStatementListStatsView,SupplierSettlementStatementListView,SettlementPageView
16	services/src/supplier_settlement/dto/review.rs	erp-supply	crates/erp-supply/src/dto/supplier_settlement/review.rs	move-with-symbol-splits		b96eb741727b731e2ffb4828cd1e0aa60e8fc29e57df4418bb39425731ed2d95	SettlementObjectAction,SubmitSettlementReviewRequest,SettlementReviewSubmissionStatus,SubmitSettlementReviewResult,SettlementReviewAction,SettlementReviewDecisionData,SettlementReviewCommand,SettlementReviewDecisionStatus,SettlementReviewDecisionResult
16	services/src/supplier_settlement/dto/source.rs	erp-supply	crates/erp-supply/src/dto/supplier_settlement/source.rs	move-with-symbol-splits		4767db2c7be729447ed46365f32751d7c33fbb21593d7a4be17a55bc78f5b897	RecordSettlementSourceEvidenceLineRequest,RecordSettlementSourceEvidenceRequest,SupplierSettlementSourceEvidenceView,SupplierSettlementSourceEvidenceQuery
16	services/src/supplier_settlement/evidence.rs	erp-supply	crates/erp-supply/src/service/supplier_settlement/evidence.rs	move-with-symbol-splits		25849ee943ad40344d25d8fdb51a8dedf7dc22f6937a50b13d747f3f50c9040e	-
16	services/src/supplier_settlement/item.rs	erp-supply	crates/erp-supply/src/service/supplier_settlement/item.rs	move-with-symbol-splits		5e333f4e115b410c5a3446743c90bb1ffce14bc3e376c67ecde38267869e6492	ItemFilter
16	services/src/supplier_settlement/mod.rs	erp-supply	crates/erp-supply/src/service/supplier_settlement/mod.rs	move-with-symbol-splits		96e20436fda364a367aad7d90b4973632063e4dec6c5cef6305e7e25d0eaa9a7	SupplierSettlementService
16	services/src/supplier_settlement/query.rs	erp-supply	crates/erp-supply/src/service/supplier_settlement/query.rs	move-with-symbol-splits		dfdc5622de66736f132e5ee0dbfb3f77a1ddaa2916560fb955dbf367b9f7b1aa	StatementFilter
16	services/src/supplier_settlement/review.rs	erp-supply	crates/erp-supply/src/service/supplier_settlement/review.rs	move-with-symbol-splits		b2ec502341d4e4f8470608409d0568558007cdb25dae0bf5bdb825f6e0762bd2	ReviewSubmissionReceipt,ReviewDecisionReceipt
16	services/src/supplier_settlement/source.rs	erp-supply	crates/erp-supply/src/service/supplier_settlement/source.rs	move-with-symbol-splits		8ecd407c87e2f64eeeeaceee408c7f9ad32ba9a6d680d6fb57c563bb96cd722b	CompleteSourceScope,RefundAllocationParams
16	services/src/supplier_settlement/void.rs	erp-supply	crates/erp-supply/src/service/supplier_settlement/void.rs	move-with-symbol-splits		3a9f4f12a8f2c04f3b388dc42d05fc54012cb102a30bac1edc002e12616a9427	-
03	services/src/transaction.rs	erp-processes	crates/erp-processes/src/audit/transaction.rs	move-orchestration		f565ff20230bf487b5e62996aef9f2f19a77f3dee2d096d279885d3162e66839	-
06	services/src/warehouse/dto.rs	erp-warehouse	crates/erp-warehouse/src/dto/warehouse.rs	move-with-symbol-splits		d48c88b945e7a2d0a70aea4bcd5e823432197546ab13aa922440237b74e3aaa7	PageParams,CreateWarehouseRequest,UpdateWarehouseRequest,UpdateWarehouseFulfillmentHandlersRequest,WarehouseFulfillmentHandlerOptionView,WarehouseView,WarehouseListParams,WarehouseListQuery,WarehouseRevisionView,WarehouseRevisionListParams,WarehouseRevisionListQuery,CreateWarehouseSkuPolicyRequest,UpdateWarehouseSkuPolicyRequest,WarehouseSkuPolicyView,WarehouseSkuPolicyListParams,WarehouseSkuPolicyListQuery
06	services/src/warehouse/mod.rs	erp-warehouse	crates/erp-warehouse/src/service/warehouse/mod.rs	move-with-symbol-splits		0b4b24baea89c1195984a1abfb2057851871f5a813cf502114e4bfd0c0ca8057	WarehouseFilter,WarehouseRevisionFilter,WarehouseSkuPolicyFilter,WarehouseService,WarehouseRevisionInput
03	services/src/work_item/access.rs	erp-workflow	crates/erp-workflow/src/service/work_item/access.rs	move-with-symbol-splits		24488b4160c893837e3cb72bfb1df0edd559a15cad161a31e7dab7a7e062996d	ActorAccess,ViewAccess
03	services/src/work_item/brief.rs	erp-read-models	crates/erp-read-models/src/workbench/brief.rs	split-read-orchestration		81ef434855a5037428935f954612044be7ae5f7ef739ba5d855f8634ca304eec	ObjectBriefSource,BriefLine,BriefSection,AssembledBrief
03	services/src/work_item/change_order_brief.rs	erp-read-models	crates/erp-read-models/src/workbench/change_order_brief.rs	split-read-orchestration		a1bec799350e41b02f7dc8edcdeab8a4794a7b21c3a5982e0c30eb64ff48a705	LineStateMap,DiffLineState,SalesChangeBriefContext,PurchaseChangeBriefContext
03	services/src/work_item/close.rs	erp-workflow	crates/erp-workflow/src/service/work_item/close.rs	move-with-symbol-splits		f002c22bd32a14e30774c17d1851d53171706c33e1713d1ef05d841f23cb1bcd	CloseDomainEvidenceInput,CloseW29DomainObjectInput
03	services/src/work_item/dto/command.rs	erp-workflow	crates/erp-workflow/src/dto/work_item/command.rs	move-with-symbol-splits		cae18e48b111b091e51a8263cec07f055015c14e7df5b5038ce8ed829693142d	WorkItemConflictKind,WorkItemConflict,WorkItemMutationOutcome,ReassignWorkItemRequest,CloseWorkItemRequest
03	services/src/work_item/dto/mod.rs	erp-workflow	crates/erp-workflow/src/dto/work_item/mod.rs	move-with-symbol-splits		e8aefb1cbb6dfc8d3d889405d518806f075d4a7f26d1729cc433d3fbf9815aee	-
03	services/src/work_item/dto/query.rs	erp-workflow	crates/erp-workflow/src/dto/work_item/query.rs	move-with-symbol-splits		2dc3bf1129885bce49f750547a06fcd579020953eae0cb8a61ca3d727728a0a9	WorkItemListParams,WorkItemListQuery,WorkItemPageView,WorkItemStatsParams,WorkItemFamilyCountsView,WorkItemStatsView
03	services/src/work_item/dto/status.rs	erp-workflow	crates/erp-workflow/src/dto/work_item/status.rs	move-with-symbol-splits		e7894ceba748a39427335d86474eac3f02b94b525fb947676c679cede2ff60c3	WorkItemScope,WorkItemFamily,WorkItemSort,ProcessingState,ProcessingBlockerView,WorkItemAllowedAction
03	services/src/work_item/dto/tests.rs	erp-workflow	crates/erp-workflow/src/dto/work_item/tests.rs	move-with-symbol-splits		9f3bb8f5ada98fd561fc2a8eff6f8d691bf0c7ad4e39d7543d4a6e2592a36566	-
03	services/src/work_item/dto/view.rs	erp-workflow	crates/erp-workflow/src/dto/work_item/view.rs	move-with-symbol-splits		89c7c3f4433fd224243e29bea09350578bea62ead5bfa1da79f88cea5db86735	WorkItemPartyView,WorkItemReassignCandidateView,WorkItemSummarySection,WorkItemBriefLine,WorkItemRouteContext,WorkItemApprovalContextView,WorkItemView,WorkItemFields,HandlerRoute
03	services/src/work_item/facts.rs	erp-read-models	crates/erp-read-models/src/workbench/facts.rs	split-read-orchestration		e50211b9dd9714f31c8c693ea39349837507198d33ad5232be530d50e43506eb	ObjectKind,SubjectBrief,ObjectFact,ObjectFactMap
03	services/src/work_item/finance_responsibility.rs	erp-workflow	crates/erp-workflow/src/service/work_item/finance_responsibility.rs	move-with-symbol-splits		cc5615d2a186aecb7ada839601077e254d370f9638a8b1327f71e03b55d6157a	CreateFinanceResponsibilityRuleRequest,UpdateFinanceResponsibilityRuleRequest,FinanceResponsibilityRuleView,FinanceResponsibilityOwnerOptionView,ResolvedFinanceResponsibility
03	services/src/work_item/fulfillment_operation_brief.rs	erp-read-models	crates/erp-read-models/src/workbench/fulfillment_operation_brief.rs	split-read-orchestration		859d941fcf130d1a9ca1f51ee2deb425d7b2c568bac83c12487deaa34dead288	-
03	services/src/work_item/fulfillment_queue.rs	erp-read-models	crates/erp-read-models/src/workbench/fulfillment_queue.rs	split-read-orchestration		947b7745715a4b1e374c4568007e7a241a25881d0ed9f45d3e9f4d2470c9a2c8	FulfillmentQueueOperationType,FulfillmentQueueGateFilter,FulfillmentQueueGateState,FulfillmentQueueListParams,FulfillmentQueueQuery,FulfillmentQueueItemView,FulfillmentQueueMetricView,FulfillmentQueueWarehouseView,FulfillmentQueuePageView
03	services/src/work_item/funds_document_brief.rs	erp-workflow	crates/erp-workflow/src/service/work_item/funds_document_brief.rs	move-with-symbol-splits		785601218d61d9bf3644cff9e43d4a74794be488e348919c54197399e1abcd62	FundsOriginBrief,VoucherAccountBrief,InvoiceRequirementBrief,ReceivableRevisionBriefs
03	services/src/work_item/funds_document_brief/account.rs	erp-read-models	crates/erp-read-models/src/workbench/funds_document_brief/account.rs	split-read-orchestration		dab21cf9e9373b9f1a556b56da2b999c537704d0736cc3dd8bac581dcd3086fc	-
03	services/src/work_item/funds_document_brief/mapping.rs	erp-read-models	crates/erp-read-models/src/workbench/funds_document_brief/mapping.rs	split-read-orchestration		690355462369afbc9f85cc7b9b60f141a08bf94a54ad16fc1724bd81f163f4a7	-
03	services/src/work_item/funds_document_brief/payment.rs	erp-read-models	crates/erp-read-models/src/workbench/funds_document_brief/payment.rs	split-read-orchestration		8fd178bef4524c57a8fd128b5514449c5e7c21e0db81fa818214a94a2f77bea5	-
03	services/src/work_item/funds_document_brief/query.rs	erp-read-models	crates/erp-read-models/src/workbench/funds_document_brief/query.rs	split-read-orchestration		78e5ec8ca8c4be6b5e648b89db1ca00bdaedb35597c617aec510ac977a6ee0a1	-
03	services/src/work_item/funds_document_brief/receipt.rs	erp-read-models	crates/erp-read-models/src/workbench/funds_document_brief/receipt.rs	split-read-orchestration		f41c296a87869a261241ac00bd5cd08d144e263f423710d80646306ae954f023	-
03	services/src/work_item/inventory_settlement_brief.rs	erp-read-models	crates/erp-read-models/src/workbench/inventory_settlement_brief.rs	split-read-orchestration		07c795b61c2cac57c427d4d21a1f1e99417c3736cfc375fe2c0e18c8280d3eaa	SettlementBriefContext
03	services/src/work_item/mod.rs	erp-workflow	crates/erp-workflow/src/service/work_item/mod.rs	move-with-symbol-splits		cc13a63af2054bd23641ae8581832218ff746d09daa65f6c0cf0f5b7a90957fb	WorkItemFilter,WorkItemService
03	services/src/work_item/party_names.rs	erp-read-models	crates/erp-read-models/src/workbench/party_names.rs	split-read-orchestration		ff34ec1b41e10108808318cb439f385202873abb6d305c8be93ed32bdff33898	-
03	services/src/work_item/presentation.rs	erp-workflow	crates/erp-workflow/src/service/work_item/presentation.rs	move-with-symbol-splits		aafc9b6b2d8c0e8a0c27cb993731b9056b9b99d8d1b4083ee37f8fbab53ca181	-
03	services/src/work_item/procurement_brief.rs	erp-read-models	crates/erp-read-models/src/workbench/procurement_brief.rs	split-read-orchestration		8e752da1176d3e7d345dc7cf963f202498944f529e18c4faf55179426cba1099	-
03	services/src/work_item/purchase_review_brief.rs	erp-read-models	crates/erp-read-models/src/workbench/purchase_review_brief.rs	split-read-orchestration		1647f24ee629ee39b1657167b4bc72d7d267b3e2f84d7b2fd857ba6c3d51c870	PurchaseReviewDisplay,PurchaseSubmissionLineContext,PurchaseSubmissionComparison
03	services/src/work_item/query.rs	erp-read-models	crates/erp-read-models/src/workbench/query.rs	split-read-orchestration		3bb9bbe1e16f607fd26e3a7af3fc33cb8a3f91c81d28ab5c4cf3220bf8508ee3	FocusedQueueContext,AuthorizedPage,AuthorizedPageCollector
03	services/src/work_item/reassign.rs	erp-workflow	crates/erp-workflow/src/service/work_item/reassign.rs	move-with-symbol-splits		f45180cfc8d8d7a5ca05884e13ac892d6c68cfc1a2ee8cacc120497e19c8a610	AssignmentAuthorizationSnapshot,AssignmentPolicyAuditInput,AssignmentPolicyCheck,ReassignPurchaseOrderFulfillmentInput,AssignmentSeparationPolicy
03	services/src/work_item/sales_order_brief.rs	erp-read-models	crates/erp-read-models/src/workbench/sales_order_brief.rs	split-read-orchestration		086dd64a511cbed5e57c58dbda9d53e9e8fcd6a16f2cc55e4be438445cd0bab5	-
03	services/src/work_item/stats.rs	erp-read-models	crates/erp-read-models/src/workbench/stats.rs	split-read-orchestration		ddf94e739a54db330e13e2149af3928f2209c946a53fa0cba12524b20ce36fba	-
03	services/src/work_item/write.rs	erp-workflow	crates/erp-workflow/src/service/work_item/write.rs	move-with-symbol-splits		d4a5c26a7885b0e8ac6a95d6a8ed7becd940e6121d09ad728386ef2e73ad8dbf	WorkItemWriteOutcome,WorkItemWriteError
