   0.147493167s  INFO prepare_target{force=false package_id=web-api v0.1.0 (/private/tmp/erp-domain-crate-10-sales/backend/apps/web-api) target="web-api"}: cargo::core::compiler::fingerprint: fingerprint error for web-api v0.1.0 (/private/tmp/erp-domain-crate-10-sales/backend/apps/web-api)/Build/TargetInner { name: "web-api", doc: true, ..: with_path("/private/tmp/erp-domain-crate-10-sales/backend/apps/web-api/src/main.rs", Edition2021) }
   0.147509833s  INFO prepare_target{force=false package_id=web-api v0.1.0 (/private/tmp/erp-domain-crate-10-sales/backend/apps/web-api) target="web-api"}: cargo::core::compiler::fingerprint:     err: failed to read `/Volumes/Kingston/erp-domain-crate-10-final-finance-build/debug/.fingerprint/web-api-62c6d75373af8576/bin-web-api`

Caused by:
    No such file or directory (os error 2)
   0.148022250s  INFO prepare_target{force=false package_id=application-core v0.1.0 (/private/tmp/erp-domain-crate-10-sales/backend/crates/application-core) target="application_core"}: cargo::core::compiler::fingerprint: fingerprint error for application-core v0.1.0 (/private/tmp/erp-domain-crate-10-sales/backend/crates/application-core)/Build/TargetInner { name_inferred: true, ..: lib_target("application_core", ["lib"], "/private/tmp/erp-domain-crate-10-sales/backend/crates/application-core/src/lib.rs", Edition2021) }
   0.148028958s  INFO prepare_target{force=false package_id=application-core v0.1.0 (/private/tmp/erp-domain-crate-10-sales/backend/crates/application-core) target="application_core"}: cargo::core::compiler::fingerprint:     err: failed to read `/Volumes/Kingston/erp-domain-crate-10-final-finance-build/debug/.fingerprint/application-core-1e7f0170a3335597/lib-application_core`

Caused by:
    No such file or directory (os error 2)
   0.148158083s  INFO prepare_target{force=false package_id=erp-core v0.1.0 (/private/tmp/erp-domain-crate-10-sales/backend/crates/erp-core) target="erp_core"}: cargo::core::compiler::fingerprint: fingerprint error for erp-core v0.1.0 (/private/tmp/erp-domain-crate-10-sales/backend/crates/erp-core)/Build/TargetInner { name_inferred: true, ..: lib_target("erp_core", ["lib"], "/private/tmp/erp-domain-crate-10-sales/backend/crates/erp-core/src/lib.rs", Edition2021) }
   0.148161542s  INFO prepare_target{force=false package_id=erp-core v0.1.0 (/private/tmp/erp-domain-crate-10-sales/backend/crates/erp-core) target="erp_core"}: cargo::core::compiler::fingerprint:     err: failed to read `/Volumes/Kingston/erp-domain-crate-10-final-finance-build/debug/.fingerprint/erp-core-264a2b050f4712d7/lib-erp_core`

Caused by:
    No such file or directory (os error 2)
   0.148271750s  INFO prepare_target{force=false package_id=bson v3.1.0 target="bson"}: cargo::core::compiler::fingerprint: fingerprint error for bson v3.1.0/Build/TargetInner { ..: lib_target("bson", ["lib"], "/Users/huangjiajiang/.cargo/registry/src/rsproxy.cn-e3de039b2554c837/bson-3.1.0/src/lib.rs", Edition2021) }
   0.148274625s  INFO prepare_target{force=false package_id=bson v3.1.0 target="bson"}: cargo::core::compiler::fingerprint:     err: failed to read `/Volumes/Kingston/erp-domain-crate-10-final-finance-build/debug/.fingerprint/bson-2ae437941a2f4b14/lib-bson`

Caused by:
    No such file or directory (os error 2)
   0.148367000s  INFO prepare_target{force=false package_id=ahash v0.8.12 target="ahash"}: cargo::core::compiler::fingerprint: fingerprint error for ahash v0.8.12/Build/TargetInner { ..: lib_target("ahash", ["lib"], "/Users/huangjiajiang/.cargo/registry/src/rsproxy.cn-e3de039b2554c837/ahash-0.8.12/src/lib.rs", Edition2018) }
   0.148369875s  INFO prepare_target{force=false package_id=ahash v0.8.12 target="ahash"}: cargo::core::compiler::fingerprint:     err: failed to read `/Volumes/Kingston/erp-domain-crate-10-final-finance-build/debug/.fingerprint/ahash-b364e23f955c99f0/lib-ahash`

Caused by:
    No such file or directory (os error 2)
   0.148673125s  INFO prepare_target{force=false package_id=ahash v0.8.12 target="build-script-build"}: cargo::core::compiler::fingerprint: fingerprint error for ahash v0.8.12/RunCustomBuild/TargetInner { ..: custom_build_target("build-script-build", "/Users/huangjiajiang/.cargo/registry/src/rsproxy.cn-e3de039b2554c837/ahash-0.8.12/build.rs", Edition2018) }
   0.148676542s  INFO prepare_target{force=false package_id=ahash v0.8.12 target="build-script-build"}: cargo::core::compiler::fingerprint:     err: failed to read `/Volumes/Kingston/erp-domain-crate-10-final-finance-build/debug/.fingerprint/ahash-9e874628cc69c3ad/run-build-script-build-script-build`

Caused by:
    No such file or directory (os error 2)
   0.148712500s  INFO prepare_target{force=false package_id=ahash v0.8.12 target="build-script-build"}: cargo::core::compiler::fingerprint: fingerprint error for ahash v0.8.12/Build/TargetInner { ..: custom_build_target("build-script-build", "/Users/huangjiajiang/.cargo/registry/src/rsproxy.cn-e3de039b2554c837/ahash-0.8.12/build.rs", Edition2018) }
   0.148715292s  INFO prepare_target{force=false package_id=ahash v0.8.12 target="build-script-build"}: cargo::core::compiler::fingerprint:     err: failed to read `/Volumes/Kingston/erp-domain-crate-10-final-finance-build/debug/.fingerprint/ahash-6b8efb07e9c37000/build-script-build-script-build`

Caused by:
    No such file or directory (os error 2)
   0.148772167s  INFO prepare_target{force=false package_id=version_check v0.9.5 target="version_check"}: cargo::core::compiler::fingerprint: fingerprint error for version_check v0.9.5/Build/TargetInner { ..: lib_target("version_check", ["lib"], "/Users/huangjiajiang/.cargo/registry/src/rsproxy.cn-e3de039b2554c837/version_check-0.9.5/src/lib.rs", Edition2015) }
   0.148775292s  INFO prepare_target{force=false package_id=version_check v0.9.5 target="version_check"}: cargo::core::compiler::fingerprint:     err: failed to read `/Volumes/Kingston/erp-domain-crate-10-final-finance-build/debug/.fingerprint/version_check-4b29e9172dac0069/lib-version_check`

Caused by:
    No such file or directory (os error 2)
   0.148826083s  INFO prepare_target{force=false package_id=cfg-if v1.0.4 target="cfg_if"}: cargo::core::compiler::fingerprint: fingerprint error for cfg-if v1.0.4/Build/TargetInner { ..: lib_target("cfg_if", ["lib"], "/Users/huangjiajiang/.cargo/registry/src/rsproxy.cn-e3de039b2554c837/cfg-if-1.0.4/src/lib.rs", Edition2018) }
   0.148829083s  INFO prepare_target{force=false package_id=cfg-if v1.0.4 target="cfg_if"}: cargo::core::compiler::fingerprint:     err: failed to read `/Volumes/Kingston/erp-domain-crate-10-final-finance-build/debug/.fingerprint/cfg-if-89e399ad2bb0e925/lib-cfg_if`

Caused by:
    No such file or directory (os error 2)
   0.148879250s  INFO prepare_target{force=false package_id=const-random v0.1.18 target="const_random"}: cargo::core::compiler::fingerprint: fingerprint error for const-random v0.1.18/Build/TargetInner { name_inferred: true, ..: lib_target("const_random", ["lib"], "/Users/huangjiajiang/.cargo/registry/src/rsproxy.cn-e3de039b2554c837/const-random-0.1.18/src/lib.rs", Edition2018) }
   0.148882500s  INFO prepare_target{force=false package_id=const-random v0.1.18 target="const_random"}: cargo::core::compiler::fingerprint:     err: failed to read `/Volumes/Kingston/erp-domain-crate-10-final-finance-build/debug/.fingerprint/const-random-5dd2f0bcc96130d8/lib-const_random`

Caused by:
    No such file or directory (os error 2)
   0.148935917s  INFO prepare_target{force=false package_id=const-random-macro v0.1.16 target="const_random_macro"}: cargo::core::compiler::fingerprint: fingerprint error for const-random-macro v0.1.16/Build/TargetInner { name_inferred: true, for_host: true, proc_macro: true, ..: lib_target("const_random_macro", ["proc-macro"], "/Users/huangjiajiang/.cargo/registry/src/rsproxy.cn-e3de039b2554c837/const-random-macro-0.1.16/src/lib.rs", Edition2018) }
   0.148939583s  INFO prepare_target{force=false package_id=const-random-macro v0.1.16 target="const_random_macro"}: cargo::core::compiler::fingerprint:     err: failed to read `/Volumes/Kingston/erp-domain-crate-10-final-finance-build/debug/.fingerprint/const-random-macro-4718689d1d9db1bf/lib-const_random_macro`

Caused by:
    No such file or directory (os error 2)
   0.148991625s  INFO prepare_target{force=false package_id=getrandom v0.2.17 target="getrandom"}: cargo::core::compiler::fingerprint: fingerprint error for getrandom v0.2.17/Build/TargetInner { ..: lib_target("getrandom", ["lib"], "/Users/huangjiajiang/.cargo/registry/src/rsproxy.cn-e3de039b2554c837/getrandom-0.2.17/src/lib.rs", Edition2018) }
   0.148994167s  INFO prepare_target{force=false package_id=getrandom v0.2.17 target="getrandom"}: cargo::core::compiler::fingerprint:     err: failed to read `/Volumes/Kingston/erp-domain-crate-10-final-finance-build/debug/.fingerprint/getrandom-9fc1f887621cfc73/lib-getrandom`

Caused by:
    No such file or directory (os error 2)
   0.149045167s  INFO prepare_target{force=false package_id=libc v0.2.186 target="libc"}: cargo::core::compiler::fingerprint: fingerprint error for libc v0.2.186/Build/TargetInner { ..: lib_target("libc", ["lib"], "/Users/huangjiajiang/.cargo/registry/src/rsproxy.cn-e3de039b2554c837/libc-0.2.186/src/lib.rs", Edition2021) }
   0.149047917s  INFO prepare_target{force=false package_id=libc v0.2.186 target="libc"}: cargo::core::compiler::fingerprint:     err: failed to read `/Volumes/Kingston/erp-domain-crate-10-final-finance-build/debug/.fingerprint/libc-f0e3022296e6136c/lib-libc`

Caused by:
    No such file or directory (os error 2)
   0.149208958s  INFO prepare_target{force=false package_id=libc v0.2.186 target="build-script-build"}: cargo::core::compiler::fingerprint: fingerprint error for libc v0.2.186/RunCustomBuild/TargetInner { ..: custom_build_target("build-script-build", "/Users/huangjiajiang/.cargo/registry/src/rsproxy.cn-e3de039b2554c837/libc-0.2.186/build.rs", Edition2021) }
   0.149211833s  INFO prepare_target{force=false package_id=libc v0.2.186 target="build-script-build"}: cargo::core::compiler::fingerprint:     err: failed to read `/Volumes/Kingston/erp-domain-crate-10-final-finance-build/debug/.fingerprint/libc-0f00c10ae474b472/run-build-script-build-script-build`

Caused by:
    No such file or directory (os error 2)
   0.149248500s  INFO prepare_target{force=false package_id=libc v0.2.186 target="build-script-build"}: cargo::core::compiler::fingerprint: fingerprint error for libc v0.2.186/Build/TargetInner { ..: custom_build_target("build-script-build", "/Users/huangjiajiang/.cargo/registry/src/rsproxy.cn-e3de039b2554c837/libc-0.2.186/build.rs", Edition2021) }
   0.149250917s  INFO prepare_target{force=false package_id=libc v0.2.186 target="build-script-build"}: cargo::core::compiler::fingerprint:     err: failed to read `/Volumes/Kingston/erp-domain-crate-10-final-finance-build/debug/.fingerprint/libc-06dfbe696c2ad83b/build-script-build-script-build`

Caused by:
    No such file or directory (os error 2)
   0.149302708s  INFO prepare_target{force=false package_id=once_cell v1.21.4 target="once_cell"}: cargo::core::compiler::fingerprint: fingerprint error for once_cell v1.21.4/Build/TargetInner { ..: lib_target("once_cell", ["lib"], "/Users/huangjiajiang/.cargo/registry/src/rsproxy.cn-e3de039b2554c837/once_cell-1.21.4/src/lib.rs", Edition2021) }
   0.149305542s  INFO prepare_target{force=false package_id=once_cell v1.21.4 target="once_cell"}: cargo::core::compiler::fingerprint:     err: failed to read `/Volumes/Kingston/erp-domain-crate-10-final-finance-build/debug/.fingerprint/once_cell-4fd71f7c9f74d5b5/lib-once_cell`

Caused by:
    No such file or directory (os error 2)
   0.149363208s  INFO prepare_target{force=false package_id=tiny-keccak v2.0.2 target="tiny_keccak"}: cargo::core::compiler::fingerprint: fingerprint error for tiny-keccak v2.0.2/Build/TargetInner { name_inferred: true, ..: lib_target("tiny_keccak", ["lib"], "/Users/huangjiajiang/.cargo/registry/src/rsproxy.cn-e3de039b2554c837/tiny-keccak-2.0.2/src/lib.rs", Edition2018) }
   0.149366125s  INFO prepare_target{force=false package_id=tiny-keccak v2.0.2 target="tiny_keccak"}: cargo::core::compiler::fingerprint:     err: failed to read `/Volumes/Kingston/erp-domain-crate-10-final-finance-build/debug/.fingerprint/tiny-keccak-4902bb3acbc0b67d/lib-tiny_keccak`

Caused by:
    No such file or directory (os error 2)
   0.149424500s  INFO prepare_target{force=false package_id=crunchy v0.2.4 target="crunchy"}: cargo::core::compiler::fingerprint: fingerprint error for crunchy v0.2.4/Build/TargetInner { ..: lib_target("crunchy", ["lib"], "/Users/huangjiajiang/.cargo/registry/src/rsproxy.cn-e3de039b2554c837/crunchy-0.2.4/src/lib.rs", Edition2021) }
   0.149427292s  INFO prepare_target{force=false package_id=crunchy v0.2.4 target="crunchy"}: cargo::core::compiler::fingerprint:     err: failed to read `/Volumes/Kingston/erp-domain-crate-10-final-finance-build/debug/.fingerprint/crunchy-71bed1f4c65dfec5/lib-crunchy`

Caused by:
    No such file or directory (os error 2)
   0.149580875s  INFO prepare_target{force=false package_id=crunchy v0.2.4 target="build-script-build"}: cargo::core::compiler::fingerprint: fingerprint error for crunchy v0.2.4/RunCustomBuild/TargetInner { ..: custom_build_target("build-script-build", "/Users/huangjiajiang/.cargo/registry/src/rsproxy.cn-e3de039b2554c837/crunchy-0.2.4/build.rs", Edition2021) }
   0.149583625s  INFO prepare_target{force=false package_id=crunchy v0.2.4 target="build-script-build"}: cargo::core::compiler::fingerprint:     err: failed to read `/Volumes/Kingston/erp-domain-crate-10-final-finance-build/debug/.fingerprint/crunchy-797949f96b97fdcc/run-build-script-build-script-build`

Caused by:
    No such file or directory (os error 2)
   0.149620667s  INFO prepare_target{force=false package_id=crunchy v0.2.4 target="build-script-build"}: cargo::core::compiler::fingerprint: fingerprint error for crunchy v0.2.4/Build/TargetInner { ..: custom_build_target("build-script-build", "/Users/huangjiajiang/.cargo/registry/src/rsproxy.cn-e3de039b2554c837/crunchy-0.2.4/build.rs", Edition2021) }
   0.149623167s  INFO prepare_target{force=false package_id=crunchy v0.2.4 target="build-script-build"}: cargo::core::compiler::fingerprint:     err: failed to read `/Volumes/Kingston/erp-domain-crate-10-final-finance-build/debug/.fingerprint/crunchy-c34fc9e99fb60557/build-script-build-script-build`

Caused by:
    No such file or directory (os error 2)
   0.149774875s  INFO prepare_target{force=false package_id=tiny-keccak v2.0.2 target="build-script-build"}: cargo::core::compiler::fingerprint: fingerprint error for tiny-keccak v2.0.2/RunCustomBuild/TargetInner { ..: custom_build_target("build-script-build", "/Users/huangjiajiang/.cargo/registry/src/rsproxy.cn-e3de039b2554c837/tiny-keccak-2.0.2/build.rs", Edition2018) }
   0.149777583s  INFO prepare_target{force=false package_id=tiny-keccak v2.0.2 target="build-script-build"}: cargo::core::compiler::fingerprint:     err: failed to read `/Volumes/Kingston/erp-domain-crate-10-final-finance-build/debug/.fingerprint/tiny-keccak-944ae44d50097233/run-build-script-build-script-build`

Caused by:
    No such file or directory (os error 2)
   0.149809750s  INFO prepare_target{force=false package_id=tiny-keccak v2.0.2 target="build-script-build"}: cargo::core::compiler::fingerprint: fingerprint error for tiny-keccak v2.0.2/Build/TargetInner { ..: custom_build_target("build-script-build", "/Users/huangjiajiang/.cargo/registry/src/rsproxy.cn-e3de039b2554c837/tiny-keccak-2.0.2/build.rs", Edition2018) }
   0.149812125s  INFO prepare_target{force=false package_id=tiny-keccak v2.0.2 target="build-script-build"}: cargo::core::compiler::fingerprint:     err: failed to read `/Volumes/Kingston/erp-domain-crate-10-final-finance-build/debug/.fingerprint/tiny-keccak-70354c72d218214d/build-script-build-script-build`

Caused by:
    No such file or directory (os error 2)
   0.149862583s  INFO prepare_target{force=false package_id=getrandom v0.3.4 target="getrandom"}: cargo::core::compiler::fingerprint: fingerprint error for getrandom v0.3.4/Build/TargetInner { ..: lib_target("getrandom", ["lib"], "/Users/huangjiajiang/.cargo/registry/src/rsproxy.cn-e3de039b2554c837/getrandom-0.3.4/src/lib.rs", Edition2021) }
   0.149865375s  INFO prepare_target{force=false package_id=getrandom v0.3.4 target="getrandom"}: cargo::core::compiler::fingerprint:     err: failed to read `/Volumes/Kingston/erp-domain-crate-10-final-finance-build/debug/.fingerprint/getrandom-586aeba0840a3072/lib-getrandom`

Caused by:
    No such file or directory (os error 2)
   0.150016375s  INFO prepare_target{force=false package_id=getrandom v0.3.4 target="build-script-build"}: cargo::core::compiler::fingerprint: fingerprint error for getrandom v0.3.4/RunCustomBuild/TargetInner { ..: custom_build_target("build-script-build", "/Users/huangjiajiang/.cargo/registry/src/rsproxy.cn-e3de039b2554c837/getrandom-0.3.4/build.rs", Edition2021) }
   0.150019167s  INFO prepare_target{force=false package_id=getrandom v0.3.4 target="build-script-build"}: cargo::core::compiler::fingerprint:     err: failed to read `/Volumes/Kingston/erp-domain-crate-10-final-finance-build/debug/.fingerprint/getrandom-52c587487bc47582/run-build-script-build-script-build`

Caused by:
    No such file or directory (os error 2)
   0.150053667s  INFO prepare_target{force=false package_id=getrandom v0.3.4 target="build-script-build"}: cargo::core::compiler::fingerprint: fingerprint error for getrandom v0.3.4/Build/TargetInner { ..: custom_build_target("build-script-build", "/Users/huangjiajiang/.cargo/registry/src/rsproxy.cn-e3de039b2554c837/getrandom-0.3.4/build.rs", Edition2021) }
   0.150056292s  INFO prepare_target{force=false package_id=getrandom v0.3.4 target="build-script-build"}: cargo::core::compiler::fingerprint:     err: failed to read `/Volumes/Kingston/erp-domain-crate-10-final-finance-build/debug/.fingerprint/getrandom-a9ebccb38d2b8051/build-script-build-script-build`

Caused by:
    No such file or directory (os error 2)
   0.150102042s  INFO prepare_target{force=false package_id=once_cell v1.21.4 target="once_cell"}: cargo::core::compiler::fingerprint: fingerprint error for once_cell v1.21.4/Build/TargetInner { ..: lib_target("once_cell", ["lib"], "/Users/huangjiajiang/.cargo/registry/src/rsproxy.cn-e3de039b2554c837/once_cell-1.21.4/src/lib.rs", Edition2021) }
   0.150104625s  INFO prepare_target{force=false package_id=once_cell v1.21.4 target="once_cell"}: cargo::core::compiler::fingerprint:     err: failed to read `/Volumes/Kingston/erp-domain-crate-10-final-finance-build/debug/.fingerprint/once_cell-5d9feeefd2e03772/lib-once_cell`

Caused by:
    No such file or directory (os error 2)
   0.150154708s  INFO prepare_target{force=false package_id=critical-section v1.2.0 target="critical_section"}: cargo::core::compiler::fingerprint: fingerprint error for critical-section v1.2.0/Build/TargetInner { ..: lib_target("critical_section", ["lib"], "/Users/huangjiajiang/.cargo/registry/src/rsproxy.cn-e3de039b2554c837/critical-section-1.2.0/src/lib.rs", Edition2018) }
   0.150157458s  INFO prepare_target{force=false package_id=critical-section v1.2.0 target="critical_section"}: cargo::core::compiler::fingerprint:     err: failed to read `/Volumes/Kingston/erp-domain-crate-10-final-finance-build/debug/.fingerprint/critical-section-8550dd6e574418b0/lib-critical_section`

Caused by:
    No such file or directory (os error 2)
   0.150202042s  INFO prepare_target{force=false package_id=portable-atomic v1.13.1 target="portable_atomic"}: cargo::core::compiler::fingerprint: fingerprint error for portable-atomic v1.13.1/Build/TargetInner { doc_scrape_examples: Disabled, ..: lib_target("portable_atomic", ["lib"], "/Users/huangjiajiang/.cargo/registry/src/rsproxy.cn-e3de039b2554c837/portable-atomic-1.13.1/src/lib.rs", Edition2018) }
   0.150205125s  INFO prepare_target{force=false package_id=portable-atomic v1.13.1 target="portable_atomic"}: cargo::core::compiler::fingerprint:     err: failed to read `/Volumes/Kingston/erp-domain-crate-10-final-finance-build/debug/.fingerprint/portable-atomic-97397597ec9654cc/lib-portable_atomic`

Caused by:
    No such file or directory (os error 2)
   0.150355417s  INFO prepare_target{force=false package_id=portable-atomic v1.13.1 target="build-script-build"}: cargo::core::compiler::fingerprint: fingerprint error for portable-atomic v1.13.1/RunCustomBuild/TargetInner { ..: custom_build_target("build-script-build", "/Users/huangjiajiang/.cargo/registry/src/rsproxy.cn-e3de039b2554c837/portable-atomic-1.13.1/build.rs", Edition2018) }
   0.150358167s  INFO prepare_target{force=false package_id=portable-atomic v1.13.1 target="build-script-build"}: cargo::core::compiler::fingerprint:     err: failed to read `/Volumes/Kingston/erp-domain-crate-10-final-finance-build/debug/.fingerprint/portable-atomic-6806d6c07b011d33/run-build-script-build-script-build`

Caused by:
    No such file or directory (os error 2)
   0.150392583s  INFO prepare_target{force=false package_id=portable-atomic v1.13.1 target="build-script-build"}: cargo::core::compiler::fingerprint: fingerprint error for portable-atomic v1.13.1/Build/TargetInner { ..: custom_build_target("build-script-build", "/Users/huangjiajiang/.cargo/registry/src/rsproxy.cn-e3de039b2554c837/portable-atomic-1.13.1/build.rs", Edition2018) }
   0.150395208s  INFO prepare_target{force=false package_id=portable-atomic v1.13.1 target="build-script-build"}: cargo::core::compiler::fingerprint:     err: failed to read `/Volumes/Kingston/erp-domain-crate-10-final-finance-build/debug/.fingerprint/portable-atomic-7229429750ad87e3/build-script-build-script-build`

Caused by:
    No such file or directory (os error 2)
   0.150442625s  INFO prepare_target{force=false package_id=zerocopy v0.8.48 target="zerocopy"}: cargo::core::compiler::fingerprint: fingerprint error for zerocopy v0.8.48/Build/TargetInner { ..: lib_target("zerocopy", ["lib"], "/Users/huangjiajiang/.cargo/registry/src/rsproxy.cn-e3de039b2554c837/zerocopy-0.8.48/src/lib.rs", Edition2021) }
   0.150445167s  INFO prepare_target{force=false package_id=zerocopy v0.8.48 target="zerocopy"}: cargo::core::compiler::fingerprint:     err: failed to read `/Volumes/Kingston/erp-domain-crate-10-final-finance-build/debug/.fingerprint/zerocopy-2df5f5896da90b3e/lib-zerocopy`

Caused by:
    No such file or directory (os error 2)
   0.150588375s  INFO prepare_target{force=false package_id=zerocopy v0.8.48 target="build-script-build"}: cargo::core::compiler::fingerprint: fingerprint error for zerocopy v0.8.48/RunCustomBuild/TargetInner { ..: custom_build_target("build-script-build", "/Users/huangjiajiang/.cargo/registry/src/rsproxy.cn-e3de039b2554c837/zerocopy-0.8.48/build.rs", Edition2021) }
   0.150591958s  INFO prepare_target{force=false package_id=zerocopy v0.8.48 target="build-script-build"}: cargo::core::compiler::fingerprint:     err: failed to read `/Volumes/Kingston/erp-domain-crate-10-final-finance-build/debug/.fingerprint/zerocopy-aec3dff5605165dd/run-build-script-build-script-build`

Caused by:
    No such file or directory (os error 2)
   0.150639042s  INFO prepare_target{force=false package_id=zerocopy v0.8.48 target="build-script-build"}: cargo::core::compiler::fingerprint: fingerprint error for zerocopy v0.8.48/Build/TargetInner { ..: custom_build_target("build-script-build", "/Users/huangjiajiang/.cargo/registry/src/rsproxy.cn-e3de039b2554c837/zerocopy-0.8.48/build.rs", Edition2021) }
   0.150641667s  INFO prepare_target{force=false package_id=zerocopy v0.8.48 target="build-script-build"}: cargo::core::compiler::fingerprint:     err: failed to read `/Volumes/Kingston/erp-domain-crate-10-final-finance-build/debug/.fingerprint/zerocopy-0975b118574e8201/build-script-build-script-build`

Caused by:
    No such file or directory (os error 2)
   0.150689375s  INFO prepare_target{force=false package_id=base64 v0.22.1 target="base64"}: cargo::core::compiler::fingerprint: fingerprint error for base64 v0.22.1/Build/TargetInner { name_inferred: true, ..: lib_target("base64", ["lib"], "/Users/huangjiajiang/.cargo/registry/src/rsproxy.cn-e3de039b2554c837/base64-0.22.1/src/lib.rs", Edition2018) }
   0.150693792s  INFO prepare_target{force=false package_id=base64 v0.22.1 target="base64"}: cargo::core::compiler::fingerprint:     err: failed to read `/Volumes/Kingston/erp-domain-crate-10-final-finance-build/debug/.fingerprint/base64-50db3eecb9d4de45/lib-base64`

Caused by:
    No such file or directory (os error 2)
   0.150741458s  INFO prepare_target{force=false package_id=bitvec v1.0.1 target="bitvec"}: cargo::core::compiler::fingerprint: fingerprint error for bitvec v1.0.1/Build/TargetInner { name_inferred: true, ..: lib_target("bitvec", ["lib"], "/Users/huangjiajiang/.cargo/registry/src/rsproxy.cn-e3de039b2554c837/bitvec-1.0.1/src/lib.rs", Edition2021) }
   0.150747000s  INFO prepare_target{force=false package_id=bitvec v1.0.1 target="bitvec"}: cargo::core::compiler::fingerprint:     err: failed to read `/Volumes/Kingston/erp-domain-crate-10-final-finance-build/debug/.fingerprint/bitvec-e73fc4c8390e6dac/lib-bitvec`

Caused by:
    No such file or directory (os error 2)
   0.150797833s  INFO prepare_target{force=false package_id=funty v2.0.0 target="funty"}: cargo::core::compiler::fingerprint: fingerprint error for funty v2.0.0/Build/TargetInner { name_inferred: true, ..: lib_target("funty", ["lib"], "/Users/huangjiajiang/.cargo/registry/src/rsproxy.cn-e3de039b2554c837/funty-2.0.0/src/lib.rs", Edition2018) }
   0.150801292s  INFO prepare_target{force=false package_id=funty v2.0.0 target="funty"}: cargo::core::compiler::fingerprint:     err: failed to read `/Volumes/Kingston/erp-domain-crate-10-final-finance-build/debug/.fingerprint/funty-bdacf016605e5289/lib-funty`

Caused by:
    No such file or directory (os error 2)
   0.150845167s  INFO prepare_target{force=false package_id=radium v0.7.0 target="radium"}: cargo::core::compiler::fingerprint: fingerprint error for radium v0.7.0/Build/TargetInner { name_inferred: true, ..: lib_target("radium", ["lib"], "/Users/huangjiajiang/.cargo/registry/src/rsproxy.cn-e3de039b2554c837/radium-0.7.0/src/lib.rs", Edition2018) }
   0.150847667s  INFO prepare_target{force=false package_id=radium v0.7.0 target="radium"}: cargo::core::compiler::fingerprint:     err: failed to read `/Volumes/Kingston/erp-domain-crate-10-final-finance-build/debug/.fingerprint/radium-c9e284ba255d79f8/lib-radium`

Caused by:
    No such file or directory (os error 2)
   0.150993208s  INFO prepare_target{force=false package_id=radium v0.7.0 target="build-script-build"}: cargo::core::compiler::fingerprint: fingerprint error for radium v0.7.0/RunCustomBuild/TargetInner { ..: custom_build_target("build-script-build", "/Users/huangjiajiang/.cargo/registry/src/rsproxy.cn-e3de039b2554c837/radium-0.7.0/build.rs", Edition2018) }
   0.150996458s  INFO prepare_target{force=false package_id=radium v0.7.0 target="build-script-build"}: cargo::core::compiler::fingerprint:     err: failed to read `/Volumes/Kingston/erp-domain-crate-10-final-finance-build/debug/.fingerprint/radium-23c17828f26bdd7c/run-build-script-build-script-build`

Caused by:
    No such file or directory (os error 2)
   0.151030167s  INFO prepare_target{force=false package_id=radium v0.7.0 target="build-script-build"}: cargo::core::compiler::fingerprint: fingerprint error for radium v0.7.0/Build/TargetInner { ..: custom_build_target("build-script-build", "/Users/huangjiajiang/.cargo/registry/src/rsproxy.cn-e3de039b2554c837/radium-0.7.0/build.rs", Edition2018) }
   0.151033958s  INFO prepare_target{force=false package_id=radium v0.7.0 target="build-script-build"}: cargo::core::compiler::fingerprint:     err: failed to read `/Volumes/Kingston/erp-domain-crate-10-final-finance-build/debug/.fingerprint/radium-7cf3cc013f5e7cf3/build-script-build-script-build`

Caused by:
    No such file or directory (os error 2)
   0.151077917s  INFO prepare_target{force=false package_id=tap v1.0.1 target="tap"}: cargo::core::compiler::fingerprint: fingerprint error for tap v1.0.1/Build/TargetInner { name_inferred: true, ..: lib_target("tap", ["lib"], "/Users/huangjiajiang/.cargo/registry/src/rsproxy.cn-e3de039b2554c837/tap-1.0.1/src/lib.rs", Edition2015) }
   0.151082000s  INFO prepare_target{force=false package_id=tap v1.0.1 target="tap"}: cargo::core::compiler::fingerprint:     err: failed to read `/Volumes/Kingston/erp-domain-crate-10-final-finance-build/debug/.fingerprint/tap-0d07b5c45e96492c/lib-tap`

Caused by:
    No such file or directory (os error 2)
   0.151127208s  INFO prepare_target{force=false package_id=wyz v0.5.1 target="wyz"}: cargo::core::compiler::fingerprint: fingerprint error for wyz v0.5.1/Build/TargetInner { name_inferred: true, ..: lib_target("wyz", ["lib"], "/Users/huangjiajiang/.cargo/registry/src/rsproxy.cn-e3de039b2554c837/wyz-0.5.1/src/lib.rs", Edition2018) }
   0.151131208s  INFO prepare_target{force=false package_id=wyz v0.5.1 target="wyz"}: cargo::core::compiler::fingerprint:     err: failed to read `/Volumes/Kingston/erp-domain-crate-10-final-finance-build/debug/.fingerprint/wyz-7b9c1cf2552d8099/lib-wyz`

Caused by:
    No such file or directory (os error 2)
   0.151177042s  INFO prepare_target{force=false package_id=hex v0.4.3 target="hex"}: cargo::core::compiler::fingerprint: fingerprint error for hex v0.4.3/Build/TargetInner { name_inferred: true, ..: lib_target("hex", ["lib"], "/Users/huangjiajiang/.cargo/registry/src/rsproxy.cn-e3de039b2554c837/hex-0.4.3/src/lib.rs", Edition2018) }
   0.151180958s  INFO prepare_target{force=false package_id=hex v0.4.3 target="hex"}: cargo::core::compiler::fingerprint:     err: failed to read `/Volumes/Kingston/erp-domain-crate-10-final-finance-build/debug/.fingerprint/hex-dc1d1635d566f2e1/lib-hex`

Caused by:
    No such file or directory (os error 2)
   0.151228000s  INFO prepare_target{force=false package_id=indexmap v2.14.0 target="indexmap"}: cargo::core::compiler::fingerprint: fingerprint error for indexmap v2.14.0/Build/TargetInner { benched: false, ..: lib_target("indexmap", ["lib"], "/Users/huangjiajiang/.cargo/registry/src/rsproxy.cn-e3de039b2554c837/indexmap-2.14.0/src/lib.rs", Edition2024) }
   0.151231917s  INFO prepare_target{force=false package_id=indexmap v2.14.0 target="indexmap"}: cargo::core::compiler::fingerprint:     err: failed to read `/Volumes/Kingston/erp-domain-crate-10-final-finance-build/debug/.fingerprint/indexmap-04189faf5bbded96/lib-indexmap`

Caused by:
    No such file or directory (os error 2)
   0.151281250s  INFO prepare_target{force=false package_id=equivalent v1.0.2 target="equivalent"}: cargo::core::compiler::fingerprint: fingerprint error for equivalent v1.0.2/Build/TargetInner { ..: lib_target("equivalent", ["lib"], "/Users/huangjiajiang/.cargo/registry/src/rsproxy.cn-e3de039b2554c837/equivalent-1.0.2/src/lib.rs", Edition2015) }
   0.151285000s  INFO prepare_target{force=false package_id=equivalent v1.0.2 target="equivalent"}: cargo::core::compiler::fingerprint:     err: failed to read `/Volumes/Kingston/erp-domain-crate-10-final-finance-build/debug/.fingerprint/equivalent-f9d538ec8c108bc1/lib-equivalent`

Caused by:
    No such file or directory (os error 2)
   0.151332125s  INFO prepare_target{force=false package_id=hashbrown v0.17.1 target="hashbrown"}: cargo::core::compiler::fingerprint: fingerprint error for hashbrown v0.17.1/Build/TargetInner { ..: lib_target("hashbrown", ["lib"], "/Users/huangjiajiang/.cargo/registry/src/rsproxy.cn-e3de039b2554c837/hashbrown-0.17.1/src/lib.rs", Edition2024) }
   0.151335750s  INFO prepare_target{force=false package_id=hashbrown v0.17.1 target="hashbrown"}: cargo::core::compiler::fingerprint:     err: failed to read `/Volumes/Kingston/erp-domain-crate-10-final-finance-build/debug/.fingerprint/hashbrown-44bdedd9e94f5f7b/lib-hashbrown`

Caused by:
    No such file or directory (os error 2)
   0.151381417s  INFO prepare_target{force=false package_id=rand v0.9.4 target="rand"}: cargo::core::compiler::fingerprint: fingerprint error for rand v0.9.4/Build/TargetInner { ..: lib_target("rand", ["lib"], "/Users/huangjiajiang/.cargo/registry/src/rsproxy.cn-e3de039b2554c837/rand-0.9.4/src/lib.rs", Edition2021) }
   0.151384167s  INFO prepare_target{force=false package_id=rand v0.9.4 target="rand"}: cargo::core::compiler::fingerprint:     err: failed to read `/Volumes/Kingston/erp-domain-crate-10-final-finance-build/debug/.fingerprint/rand-df92d48d5e682433/lib-rand`

Caused by:
    No such file or directory (os error 2)
   0.151441417s  INFO prepare_target{force=false package_id=rand_chacha v0.9.0 target="rand_chacha"}: cargo::core::compiler::fingerprint: fingerprint error for rand_chacha v0.9.0/Build/TargetInner { ..: lib_target("rand_chacha", ["lib"], "/Users/huangjiajiang/.cargo/registry/src/rsproxy.cn-e3de039b2554c837/rand_chacha-0.9.0/src/lib.rs", Edition2021) }
   0.151443833s  INFO prepare_target{force=false package_id=rand_chacha v0.9.0 target="rand_chacha"}: cargo::core::compiler::fingerprint:     err: failed to read `/Volumes/Kingston/erp-domain-crate-10-final-finance-build/debug/.fingerprint/rand_chacha-106c579bd5fab330/lib-rand_chacha`

Caused by:
    No such file or directory (os error 2)
   0.151500792s  INFO prepare_target{force=false package_id=ppv-lite86 v0.2.21 target="ppv_lite86"}: cargo::core::compiler::fingerprint: fingerprint error for ppv-lite86 v0.2.21/Build/TargetInner { ..: lib_target("ppv_lite86", ["lib"], "/Users/huangjiajiang/.cargo/registry/src/rsproxy.cn-e3de039b2554c837/ppv-lite86-0.2.21/src/lib.rs", Edition2021) }
   0.151504625s  INFO prepare_target{force=false package_id=ppv-lite86 v0.2.21 target="ppv_lite86"}: cargo::core::compiler::fingerprint:     err: failed to read `/Volumes/Kingston/erp-domain-crate-10-final-finance-build/debug/.fingerprint/ppv-lite86-22c88e7938345f20/lib-ppv_lite86`

Caused by:
    No such file or directory (os error 2)
   0.151557917s  INFO prepare_target{force=false package_id=rand_core v0.9.5 target="rand_core"}: cargo::core::compiler::fingerprint: fingerprint error for rand_core v0.9.5/Build/TargetInner { ..: lib_target("rand_core", ["lib"], "/Users/huangjiajiang/.cargo/registry/src/rsproxy.cn-e3de039b2554c837/rand_core-0.9.5/src/lib.rs", Edition2021) }
   0.151562042s  INFO prepare_target{force=false package_id=rand_core v0.9.5 target="rand_core"}: cargo::core::compiler::fingerprint:     err: failed to read `/Volumes/Kingston/erp-domain-crate-10-final-finance-build/debug/.fingerprint/rand_core-8443f9dcf71d64c1/lib-rand_core`

Caused by:
    No such file or directory (os error 2)
   0.151616208s  INFO prepare_target{force=false package_id=serde v1.0.229 target="serde"}: cargo::core::compiler::fingerprint: fingerprint error for serde v1.0.229/Build/TargetInner { ..: lib_target("serde", ["lib"], "/Users/huangjiajiang/.cargo/registry/src/rsproxy.cn-e3de039b2554c837/serde-1.0.229/src/lib.rs", Edition2021) }
   0.151619833s  INFO prepare_target{force=false package_id=serde v1.0.229 target="serde"}: cargo::core::compiler::fingerprint:     err: failed to read `/Volumes/Kingston/erp-domain-crate-10-final-finance-build/debug/.fingerprint/serde-87024c00d44ee0fd/lib-serde`

Caused by:
    No such file or directory (os error 2)
   0.151784625s  INFO prepare_target{force=false package_id=serde v1.0.229 target="build-script-build"}: cargo::core::compiler::fingerprint: fingerprint error for serde v1.0.229/RunCustomBuild/TargetInner { ..: custom_build_target("build-script-build", "/Users/huangjiajiang/.cargo/registry/src/rsproxy.cn-e3de039b2554c837/serde-1.0.229/build.rs", Edition2021) }
   0.151788792s  INFO prepare_target{force=false package_id=serde v1.0.229 target="build-script-build"}: cargo::core::compiler::fingerprint:     err: failed to read `/Volumes/Kingston/erp-domain-crate-10-final-finance-build/debug/.fingerprint/serde-0fdb47b65082dd55/run-build-script-build-script-build`

Caused by:
    No such file or directory (os error 2)
   0.151823458s  INFO prepare_target{force=false package_id=serde v1.0.229 target="build-script-build"}: cargo::core::compiler::fingerprint: fingerprint error for serde v1.0.229/Build/TargetInner { ..: custom_build_target("build-script-build", "/Users/huangjiajiang/.cargo/registry/src/rsproxy.cn-e3de039b2554c837/serde-1.0.229/build.rs", Edition2021) }
   0.151827208s  INFO prepare_target{force=false package_id=serde v1.0.229 target="build-script-build"}: cargo::core::compiler::fingerprint:     err: failed to read `/Volumes/Kingston/erp-domain-crate-10-final-finance-build/debug/.fingerprint/serde-da783c5ed74a2d84/build-script-build-script-build`

Caused by:
    No such file or directory (os error 2)
   0.151872167s  INFO prepare_target{force=false package_id=serde_core v1.0.229 target="serde_core"}: cargo::core::compiler::fingerprint: fingerprint error for serde_core v1.0.229/Build/TargetInner { ..: lib_target("serde_core", ["lib"], "/Users/huangjiajiang/.cargo/registry/src/rsproxy.cn-e3de039b2554c837/serde_core-1.0.229/src/lib.rs", Edition2021) }
   0.151875917s  INFO prepare_target{force=false package_id=serde_core v1.0.229 target="serde_core"}: cargo::core::compiler::fingerprint:     err: failed to read `/Volumes/Kingston/erp-domain-crate-10-final-finance-build/debug/.fingerprint/serde_core-c0eb37de6bbd1d0c/lib-serde_core`

Caused by:
    No such file or directory (os error 2)
   0.152020250s  INFO prepare_target{force=false package_id=serde_core v1.0.229 target="build-script-build"}: cargo::core::compiler::fingerprint: fingerprint error for serde_core v1.0.229/RunCustomBuild/TargetInner { ..: custom_build_target("build-script-build", "/Users/huangjiajiang/.cargo/registry/src/rsproxy.cn-e3de039b2554c837/serde_core-1.0.229/build.rs", Edition2021) }
   0.152024500s  INFO prepare_target{force=false package_id=serde_core v1.0.229 target="build-script-build"}: cargo::core::compiler::fingerprint:     err: failed to read `/Volumes/Kingston/erp-domain-crate-10-final-finance-build/debug/.fingerprint/serde_core-8a9e79860d0fac71/run-build-script-build-script-build`

Caused by:
    No such file or directory (os error 2)
   0.152057250s  INFO prepare_target{force=false package_id=serde_core v1.0.229 target="build-script-build"}: cargo::core::compiler::fingerprint: fingerprint error for serde_core v1.0.229/Build/TargetInner { ..: custom_build_target("build-script-build", "/Users/huangjiajiang/.cargo/registry/src/rsproxy.cn-e3de039b2554c837/serde_core-1.0.229/build.rs", Edition2021) }
   0.152061167s  INFO prepare_target{force=false package_id=serde_core v1.0.229 target="build-script-build"}: cargo::core::compiler::fingerprint:     err: failed to read `/Volumes/Kingston/erp-domain-crate-10-final-finance-build/debug/.fingerprint/serde_core-04177891ca0bc17d/build-script-build-script-build`

Caused by:
    No such file or directory (os error 2)
   0.152122625s  INFO prepare_target{force=false package_id=serde_derive v1.0.229 target="serde_derive"}: cargo::core::compiler::fingerprint: fingerprint error for serde_derive v1.0.229/Build/TargetInner { for_host: true, proc_macro: true, ..: lib_target("serde_derive", ["proc-macro"], "/Users/huangjiajiang/.cargo/registry/src/rsproxy.cn-e3de039b2554c837/serde_derive-1.0.229/src/lib.rs", Edition2021) }
   0.152126750s  INFO prepare_target{force=false package_id=serde_derive v1.0.229 target="serde_derive"}: cargo::core::compiler::fingerprint:     err: failed to read `/Volumes/Kingston/erp-domain-crate-10-final-finance-build/debug/.fingerprint/serde_derive-470bd6e98d0f0908/lib-serde_derive`

Caused by:
    No such file or directory (os error 2)
   0.152182500s  INFO prepare_target{force=false package_id=proc-macro2 v1.0.107 target="proc_macro2"}: cargo::core::compiler::fingerprint: fingerprint error for proc-macro2 v1.0.107/Build/TargetInner { ..: lib_target("proc_macro2", ["lib"], "/Users/huangjiajiang/.cargo/registry/src/rsproxy.cn-e3de039b2554c837/proc-macro2-1.0.107/src/lib.rs", Edition2021) }
   0.152186500s  INFO prepare_target{force=false package_id=proc-macro2 v1.0.107 target="proc_macro2"}: cargo::core::compiler::fingerprint:     err: failed to read `/Volumes/Kingston/erp-domain-crate-10-final-finance-build/debug/.fingerprint/proc-macro2-d2bce17f27137de0/lib-proc_macro2`

Caused by:
    No such file or directory (os error 2)
   0.152331792s  INFO prepare_target{force=false package_id=proc-macro2 v1.0.107 target="build-script-build"}: cargo::core::compiler::fingerprint: fingerprint error for proc-macro2 v1.0.107/RunCustomBuild/TargetInner { ..: custom_build_target("build-script-build", "/Users/huangjiajiang/.cargo/registry/src/rsproxy.cn-e3de039b2554c837/proc-macro2-1.0.107/build.rs", Edition2021) }
   0.152335417s  INFO prepare_target{force=false package_id=proc-macro2 v1.0.107 target="build-script-build"}: cargo::core::compiler::fingerprint:     err: failed to read `/Volumes/Kingston/erp-domain-crate-10-final-finance-build/debug/.fingerprint/proc-macro2-b966186ffcaaa40d/run-build-script-build-script-build`

Caused by:
    No such file or directory (os error 2)
   0.152374583s  INFO prepare_target{force=false package_id=proc-macro2 v1.0.107 target="build-script-build"}: cargo::core::compiler::fingerprint: fingerprint error for proc-macro2 v1.0.107/Build/TargetInner { ..: custom_build_target("build-script-build", "/Users/huangjiajiang/.cargo/registry/src/rsproxy.cn-e3de039b2554c837/proc-macro2-1.0.107/build.rs", Edition2021) }
   0.152378583s  INFO prepare_target{force=false package_id=proc-macro2 v1.0.107 target="build-script-build"}: cargo::core::compiler::fingerprint:     err: failed to read `/Volumes/Kingston/erp-domain-crate-10-final-finance-build/debug/.fingerprint/proc-macro2-24221562c122967f/build-script-build-script-build`

Caused by:
    No such file or directory (os error 2)
   0.152440333s  INFO prepare_target{force=false package_id=unicode-ident v1.0.24 target="unicode_ident"}: cargo::core::compiler::fingerprint: fingerprint error for unicode-ident v1.0.24/Build/TargetInner { ..: lib_target("unicode_ident", ["lib"], "/Users/huangjiajiang/.cargo/registry/src/rsproxy.cn-e3de039b2554c837/unicode-ident-1.0.24/src/lib.rs", Edition2021) }
   0.152444708s  INFO prepare_target{force=false package_id=unicode-ident v1.0.24 target="unicode_ident"}: cargo::core::compiler::fingerprint:     err: failed to read `/Volumes/Kingston/erp-domain-crate-10-final-finance-build/debug/.fingerprint/unicode-ident-c85aa9a2ac3e2ab2/lib-unicode_ident`

Caused by:
    No such file or directory (os error 2)
   0.152495958s  INFO prepare_target{force=false package_id=quote v1.0.47 target="quote"}: cargo::core::compiler::fingerprint: fingerprint error for quote v1.0.47/Build/TargetInner { ..: lib_target("quote", ["lib"], "/Users/huangjiajiang/.cargo/registry/src/rsproxy.cn-e3de039b2554c837/quote-1.0.47/src/lib.rs", Edition2021) }
   0.152499875s  INFO prepare_target{force=false package_id=quote v1.0.47 target="quote"}: cargo::core::compiler::fingerprint:     err: failed to read `/Volumes/Kingston/erp-domain-crate-10-final-finance-build/debug/.fingerprint/quote-25522a724a5a27fc/lib-quote`

Caused by:
    No such file or directory (os error 2)
   0.152741083s  INFO prepare_target{force=false package_id=quote v1.0.47 target="build-script-build"}: cargo::core::compiler::fingerprint: fingerprint error for quote v1.0.47/RunCustomBuild/TargetInner { ..: custom_build_target("build-script-build", "/Users/huangjiajiang/.cargo/registry/src/rsproxy.cn-e3de039b2554c837/quote-1.0.47/build.rs", Edition2021) }
   0.152748125s  INFO prepare_target{force=false package_id=quote v1.0.47 target="build-script-build"}: cargo::core::compiler::fingerprint:     err: failed to read `/Volumes/Kingston/erp-domain-crate-10-final-finance-build/debug/.fingerprint/quote-e833fcbb2f8acd51/run-build-script-build-script-build`

Caused by:
    No such file or directory (os error 2)
   0.152785708s  INFO prepare_target{force=false package_id=quote v1.0.47 target="build-script-build"}: cargo::core::compiler::fingerprint: fingerprint error for quote v1.0.47/Build/TargetInner { ..: custom_build_target("build-script-build", "/Users/huangjiajiang/.cargo/registry/src/rsproxy.cn-e3de039b2554c837/quote-1.0.47/build.rs", Edition2021) }
   0.152789875s  INFO prepare_target{force=false package_id=quote v1.0.47 target="build-script-build"}: cargo::core::compiler::fingerprint:     err: failed to read `/Volumes/Kingston/erp-domain-crate-10-final-finance-build/debug/.fingerprint/quote-cc2ffe520447ec9e/build-script-build-script-build`

Caused by:
    No such file or directory (os error 2)
   0.152845208s  INFO prepare_target{force=false package_id=syn v3.0.4 target="syn"}: cargo::core::compiler::fingerprint: fingerprint error for syn v3.0.4/Build/TargetInner { ..: lib_target("syn", ["lib"], "/Users/huangjiajiang/.cargo/registry/src/rsproxy.cn-e3de039b2554c837/syn-3.0.4/src/lib.rs", Edition2021) }
   0.152849750s  INFO prepare_target{force=false package_id=syn v3.0.4 target="syn"}: cargo::core::compiler::fingerprint:     err: failed to read `/Volumes/Kingston/erp-domain-crate-10-final-finance-build/debug/.fingerprint/syn-f8a4c6771abc6f89/lib-syn`

Caused by:
    No such file or directory (os error 2)
   0.152909458s  INFO prepare_target{force=false package_id=serde_bytes v0.11.19 target="serde_bytes"}: cargo::core::compiler::fingerprint: fingerprint error for serde_bytes v0.11.19/Build/TargetInner { ..: lib_target("serde_bytes", ["lib"], "/Users/huangjiajiang/.cargo/registry/src/rsproxy.cn-e3de039b2554c837/serde_bytes-0.11.19/src/lib.rs", Edition2018) }
   0.152913625s  INFO prepare_target{force=false package_id=serde_bytes v0.11.19 target="serde_bytes"}: cargo::core::compiler::fingerprint:     err: failed to read `/Volumes/Kingston/erp-domain-crate-10-final-finance-build/debug/.fingerprint/serde_bytes-7f3633c3705c7402/lib-serde_bytes`

Caused by:
    No such file or directory (os error 2)
   0.152970167s  INFO prepare_target{force=false package_id=simdutf8 v0.1.5 target="simdutf8"}: cargo::core::compiler::fingerprint: fingerprint error for simdutf8 v0.1.5/Build/TargetInner { ..: lib_target("simdutf8", ["lib"], "/Users/huangjiajiang/.cargo/registry/src/rsproxy.cn-e3de039b2554c837/simdutf8-0.1.5/src/lib.rs", Edition2018) }
   0.152973792s  INFO prepare_target{force=false package_id=simdutf8 v0.1.5 target="simdutf8"}: cargo::core::compiler::fingerprint:     err: failed to read `/Volumes/Kingston/erp-domain-crate-10-final-finance-build/debug/.fingerprint/simdutf8-2752af6fbf30eef7/lib-simdutf8`

Caused by:
    No such file or directory (os error 2)
   0.153028167s  INFO prepare_target{force=false package_id=thiserror v2.0.20 target="thiserror"}: cargo::core::compiler::fingerprint: fingerprint error for thiserror v2.0.20/Build/TargetInner { ..: lib_target("thiserror", ["lib"], "/Users/huangjiajiang/.cargo/registry/src/rsproxy.cn-e3de039b2554c837/thiserror-2.0.20/src/lib.rs", Edition2021) }
   0.153031708s  INFO prepare_target{force=false package_id=thiserror v2.0.20 target="thiserror"}: cargo::core::compiler::fingerprint:     err: failed to read `/Volumes/Kingston/erp-domain-crate-10-final-finance-build/debug/.fingerprint/thiserror-2734d5ebf2afde26/lib-thiserror`

Caused by:
    No such file or directory (os error 2)
   0.153179375s  INFO prepare_target{force=false package_id=thiserror v2.0.20 target="build-script-build"}: cargo::core::compiler::fingerprint: fingerprint error for thiserror v2.0.20/RunCustomBuild/TargetInner { ..: custom_build_target("build-script-build", "/Users/huangjiajiang/.cargo/registry/src/rsproxy.cn-e3de039b2554c837/thiserror-2.0.20/build.rs", Edition2021) }
   0.153183417s  INFO prepare_target{force=false package_id=thiserror v2.0.20 target="build-script-build"}: cargo::core::compiler::fingerprint:     err: failed to read `/Volumes/Kingston/erp-domain-crate-10-final-finance-build/debug/.fingerprint/thiserror-3ba20e333d506bcf/run-build-script-build-script-build`

Caused by:
    No such file or directory (os error 2)
   0.153223333s  INFO prepare_target{force=false package_id=thiserror v2.0.20 target="build-script-build"}: cargo::core::compiler::fingerprint: fingerprint error for thiserror v2.0.20/Build/TargetInner { ..: custom_build_target("build-script-build", "/Users/huangjiajiang/.cargo/registry/src/rsproxy.cn-e3de039b2554c837/thiserror-2.0.20/build.rs", Edition2021) }
   0.153226833s  INFO prepare_target{force=false package_id=thiserror v2.0.20 target="build-script-build"}: cargo::core::compiler::fingerprint:     err: failed to read `/Volumes/Kingston/erp-domain-crate-10-final-finance-build/debug/.fingerprint/thiserror-632ab313668e3fd3/build-script-build-script-build`

Caused by:
    No such file or directory (os error 2)
   0.153280375s  INFO prepare_target{force=false package_id=thiserror-impl v2.0.20 target="thiserror_impl"}: cargo::core::compiler::fingerprint: fingerprint error for thiserror-impl v2.0.20/Build/TargetInner { for_host: true, proc_macro: true, ..: lib_target("thiserror_impl", ["proc-macro"], "/Users/huangjiajiang/.cargo/registry/src/rsproxy.cn-e3de039b2554c837/thiserror-impl-2.0.20/src/lib.rs", Edition2021) }
   0.153284833s  INFO prepare_target{force=false package_id=thiserror-impl v2.0.20 target="thiserror_impl"}: cargo::core::compiler::fingerprint:     err: failed to read `/Volumes/Kingston/erp-domain-crate-10-final-finance-build/debug/.fingerprint/thiserror-impl-87c56193b15d608a/lib-thiserror_impl`

Caused by:
    No such file or directory (os error 2)
   0.153343750s  INFO prepare_target{force=false package_id=time v0.3.47 target="time"}: cargo::core::compiler::fingerprint: fingerprint error for time v0.3.47/Build/TargetInner { benched: false, ..: lib_target("time", ["lib"], "/Users/huangjiajiang/.cargo/registry/src/rsproxy.cn-e3de039b2554c837/time-0.3.47/src/lib.rs", Edition2024) }
   0.153347625s  INFO prepare_target{force=false package_id=time v0.3.47 target="time"}: cargo::core::compiler::fingerprint:     err: failed to read `/Volumes/Kingston/erp-domain-crate-10-final-finance-build/debug/.fingerprint/time-6fd9c7a2fbf05f2f/lib-time`

Caused by:
    No such file or directory (os error 2)
   0.153432458s  INFO prepare_target{force=false package_id=deranged v0.5.8 target="deranged"}: cargo::core::compiler::fingerprint: fingerprint error for deranged v0.5.8/Build/TargetInner { ..: lib_target("deranged", ["lib"], "/Users/huangjiajiang/.cargo/registry/src/rsproxy.cn-e3de039b2554c837/deranged-0.5.8/src/lib.rs", Edition2021) }
   0.153441333s  INFO prepare_target{force=false package_id=deranged v0.5.8 target="deranged"}: cargo::core::compiler::fingerprint:     err: failed to read `/Volumes/Kingston/erp-domain-crate-10-final-finance-build/debug/.fingerprint/deranged-5658e3b8f2055099/lib-deranged`

Caused by:
    No such file or directory (os error 2)
   0.153558833s  INFO prepare_target{force=false package_id=powerfmt v0.2.0 target="powerfmt"}: cargo::core::compiler::fingerprint: fingerprint error for powerfmt v0.2.0/Build/TargetInner { name_inferred: true, ..: lib_target("powerfmt", ["lib"], "/Users/huangjiajiang/.cargo/registry/src/rsproxy.cn-e3de039b2554c837/powerfmt-0.2.0/src/lib.rs", Edition2021) }
   0.153568125s  INFO prepare_target{force=false package_id=powerfmt v0.2.0 target="powerfmt"}: cargo::core::compiler::fingerprint:     err: failed to read `/Volumes/Kingston/erp-domain-crate-10-final-finance-build/debug/.fingerprint/powerfmt-b275e87ca9355b53/lib-powerfmt`

Caused by:
    No such file or directory (os error 2)
   0.153642250s  INFO prepare_target{force=false package_id=itoa v1.0.18 target="itoa"}: cargo::core::compiler::fingerprint: fingerprint error for itoa v1.0.18/Build/TargetInner { ..: lib_target("itoa", ["lib"], "/Users/huangjiajiang/.cargo/registry/src/rsproxy.cn-e3de039b2554c837/itoa-1.0.18/src/lib.rs", Edition2021) }
   0.153647292s  INFO prepare_target{force=false package_id=itoa v1.0.18 target="itoa"}: cargo::core::compiler::fingerprint:     err: failed to read `/Volumes/Kingston/erp-domain-crate-10-final-finance-build/debug/.fingerprint/itoa-652ff99808bd925a/lib-itoa`

Caused by:
    No such file or directory (os error 2)
   0.153722333s  INFO prepare_target{force=false package_id=num-conv v0.2.1 target="num_conv"}: cargo::core::compiler::fingerprint: fingerprint error for num-conv v0.2.1/Build/TargetInner { ..: lib_target("num_conv", ["lib"], "/Users/huangjiajiang/.cargo/registry/src/rsproxy.cn-e3de039b2554c837/num-conv-0.2.1/src/lib.rs", Edition2021) }
   0.153726708s  INFO prepare_target{force=false package_id=num-conv v0.2.1 target="num_conv"}: cargo::core::compiler::fingerprint:     err: failed to read `/Volumes/Kingston/erp-domain-crate-10-final-finance-build/debug/.fingerprint/num-conv-6526876c20b68b35/lib-num_conv`

Caused by:
    No such file or directory (os error 2)
   0.153809958s  INFO prepare_target{force=false package_id=time-core v0.1.8 target="time_core"}: cargo::core::compiler::fingerprint: fingerprint error for time-core v0.1.8/Build/TargetInner { ..: lib_target("time_core", ["lib"], "/Users/huangjiajiang/.cargo/registry/src/rsproxy.cn-e3de039b2554c837/time-core-0.1.8/src/lib.rs", Edition2024) }
   0.153814500s  INFO prepare_target{force=false package_id=time-core v0.1.8 target="time_core"}: cargo::core::compiler::fingerprint:     err: failed to read `/Volumes/Kingston/erp-domain-crate-10-final-finance-build/debug/.fingerprint/time-core-b95ef0c2cb642cd6/lib-time_core`

Caused by:
    No such file or directory (os error 2)
   0.153873417s  INFO prepare_target{force=false package_id=time-macros v0.2.27 target="time_macros"}: cargo::core::compiler::fingerprint: fingerprint error for time-macros v0.2.27/Build/TargetInner { for_host: true, proc_macro: true, ..: lib_target("time_macros", ["proc-macro"], "/Users/huangjiajiang/.cargo/registry/src/rsproxy.cn-e3de039b2554c837/time-macros-0.2.27/src/lib.rs", Edition2024) }
   0.153878167s  INFO prepare_target{force=false package_id=time-macros v0.2.27 target="time_macros"}: cargo::core::compiler::fingerprint:     err: failed to read `/Volumes/Kingston/erp-domain-crate-10-final-finance-build/debug/.fingerprint/time-macros-f6f1ba3870d29a50/lib-time_macros`

Caused by:
    No such file or directory (os error 2)
   0.153956167s  INFO prepare_target{force=false package_id=uuid v1.25.0 target="uuid"}: cargo::core::compiler::fingerprint: fingerprint error for uuid v1.25.0/Build/TargetInner { ..: lib_target("uuid", ["lib"], "/Users/huangjiajiang/.cargo/registry/src/rsproxy.cn-e3de039b2554c837/uuid-1.25.0/src/lib.rs", Edition2021) }
   0.153967583s  INFO prepare_target{force=false package_id=uuid v1.25.0 target="uuid"}: cargo::core::compiler::fingerprint:     err: failed to read `/Volumes/Kingston/erp-domain-crate-10-final-finance-build/debug/.fingerprint/uuid-d558f1b7930bcbec/lib-uuid`

Caused by:
    No such file or directory (os error 2)
   0.154075792s  INFO prepare_target{force=false package_id=getrandom v0.4.2 target="getrandom"}: cargo::core::compiler::fingerprint: fingerprint error for getrandom v0.4.2/Build/TargetInner { ..: lib_target("getrandom", ["lib"], "/Users/huangjiajiang/.cargo/registry/src/rsproxy.cn-e3de039b2554c837/getrandom-0.4.2/src/lib.rs", Edition2024) }
   0.154080208s  INFO prepare_target{force=false package_id=getrandom v0.4.2 target="getrandom"}: cargo::core::compiler::fingerprint:     err: failed to read `/Volumes/Kingston/erp-domain-crate-10-final-finance-build/debug/.fingerprint/getrandom-81a1af6432ab018f/lib-getrandom`

Caused by:
    No such file or directory (os error 2)
   0.154359417s  INFO prepare_target{force=false package_id=getrandom v0.4.2 target="build-script-build"}: cargo::core::compiler::fingerprint: fingerprint error for getrandom v0.4.2/RunCustomBuild/TargetInner { ..: custom_build_target("build-script-build", "/Users/huangjiajiang/.cargo/registry/src/rsproxy.cn-e3de039b2554c837/getrandom-0.4.2/build.rs", Edition2024) }
   0.154365000s  INFO prepare_target{force=false package_id=getrandom v0.4.2 target="build-script-build"}: cargo::core::compiler::fingerprint:     err: failed to read `/Volumes/Kingston/erp-domain-crate-10-final-finance-build/debug/.fingerprint/getrandom-ea9bf23c557f4c59/run-build-script-build-script-build`

Caused by:
    No such file or directory (os error 2)
   0.154418292s  INFO prepare_target{force=false package_id=getrandom v0.4.2 target="build-script-build"}: cargo::core::compiler::fingerprint: fingerprint error for getrandom v0.4.2/Build/TargetInner { ..: custom_build_target("build-script-build", "/Users/huangjiajiang/.cargo/registry/src/rsproxy.cn-e3de039b2554c837/getrandom-0.4.2/build.rs", Edition2024) }
   0.154421583s  INFO prepare_target{force=false package_id=getrandom v0.4.2 target="build-script-build"}: cargo::core::compiler::fingerprint:     err: failed to read `/Volumes/Kingston/erp-domain-crate-10-final-finance-build/debug/.fingerprint/getrandom-14c5f2b8cb5806e9/build-script-build-script-build`

Caused by:
    No such file or directory (os error 2)
   0.154485917s  INFO prepare_target{force=false package_id=rand_core v0.10.1 target="rand_core"}: cargo::core::compiler::fingerprint: fingerprint error for rand_core v0.10.1/Build/TargetInner { ..: lib_target("rand_core", ["lib"], "/Users/huangjiajiang/.cargo/registry/src/rsproxy.cn-e3de039b2554c837/rand_core-0.10.1/src/lib.rs", Edition2024) }
   0.154489667s  INFO prepare_target{force=false package_id=rand_core v0.10.1 target="rand_core"}: cargo::core::compiler::fingerprint:     err: failed to read `/Volumes/Kingston/erp-domain-crate-10-final-finance-build/debug/.fingerprint/rand_core-d74e37a7434a5997/lib-rand_core`

Caused by:
    No such file or directory (os error 2)
   0.154546542s  INFO prepare_target{force=false package_id=chrono v0.4.45 target="chrono"}: cargo::core::compiler::fingerprint: fingerprint error for chrono v0.4.45/Build/TargetInner { ..: lib_target("chrono", ["lib"], "/Users/huangjiajiang/.cargo/registry/src/rsproxy.cn-e3de039b2554c837/chrono-0.4.45/src/lib.rs", Edition2021) }
   0.154549625s  INFO prepare_target{force=false package_id=chrono v0.4.45 target="chrono"}: cargo::core::compiler::fingerprint:     err: failed to read `/Volumes/Kingston/erp-domain-crate-10-final-finance-build/debug/.fingerprint/chrono-c985c17413bc123d/lib-chrono`

Caused by:
    No such file or directory (os error 2)
   0.154625000s  INFO prepare_target{force=false package_id=iana-time-zone v0.1.65 target="iana_time_zone"}: cargo::core::compiler::fingerprint: fingerprint error for iana-time-zone v0.1.65/Build/TargetInner { ..: lib_target("iana_time_zone", ["lib"], "/Users/huangjiajiang/.cargo/registry/src/rsproxy.cn-e3de039b2554c837/iana-time-zone-0.1.65/src/lib.rs", Edition2021) }
   0.154628250s  INFO prepare_target{force=false package_id=iana-time-zone v0.1.65 target="iana_time_zone"}: cargo::core::compiler::fingerprint:     err: failed to read `/Volumes/Kingston/erp-domain-crate-10-final-finance-build/debug/.fingerprint/iana-time-zone-d26d78bea4c1a2ea/lib-iana_time_zone`

Caused by:
    No such file or directory (os error 2)
   0.154687875s  INFO prepare_target{force=false package_id=core-foundation-sys v0.8.7 target="core_foundation_sys"}: cargo::core::compiler::fingerprint: fingerprint error for core-foundation-sys v0.8.7/Build/TargetInner { ..: lib_target("core_foundation_sys", ["lib"], "/Users/huangjiajiang/.cargo/registry/src/rsproxy.cn-e3de039b2554c837/core-foundation-sys-0.8.7/src/lib.rs", Edition2018) }
   0.154690792s  INFO prepare_target{force=false package_id=core-foundation-sys v0.8.7 target="core_foundation_sys"}: cargo::core::compiler::fingerprint:     err: failed to read `/Volumes/Kingston/erp-domain-crate-10-final-finance-build/debug/.fingerprint/core-foundation-sys-e06bff4b4565767e/lib-core_foundation_sys`

Caused by:
    No such file or directory (os error 2)
   0.154748208s  INFO prepare_target{force=false package_id=num-traits v0.2.19 target="num_traits"}: cargo::core::compiler::fingerprint: fingerprint error for num-traits v0.2.19/Build/TargetInner { name_inferred: true, ..: lib_target("num_traits", ["lib"], "/Users/huangjiajiang/.cargo/registry/src/rsproxy.cn-e3de039b2554c837/num-traits-0.2.19/src/lib.rs", Edition2021) }
   0.154751125s  INFO prepare_target{force=false package_id=num-traits v0.2.19 target="num_traits"}: cargo::core::compiler::fingerprint:     err: failed to read `/Volumes/Kingston/erp-domain-crate-10-final-finance-build/debug/.fingerprint/num-traits-f04d1d6eb8089f3b/lib-num_traits`

Caused by:
    No such file or directory (os error 2)
   0.154926042s  INFO prepare_target{force=false package_id=num-traits v0.2.19 target="build-script-build"}: cargo::core::compiler::fingerprint: fingerprint error for num-traits v0.2.19/RunCustomBuild/TargetInner { ..: custom_build_target("build-script-build", "/Users/huangjiajiang/.cargo/registry/src/rsproxy.cn-e3de039b2554c837/num-traits-0.2.19/build.rs", Edition2021) }
   0.154928958s  INFO prepare_target{force=false package_id=num-traits v0.2.19 target="build-script-build"}: cargo::core::compiler::fingerprint:     err: failed to read `/Volumes/Kingston/erp-domain-crate-10-final-finance-build/debug/.fingerprint/num-traits-aba976c9123b1f61/run-build-script-build-script-build`

Caused by:
    No such file or directory (os error 2)
   0.154967125s  INFO prepare_target{force=false package_id=num-traits v0.2.19 target="build-script-build"}: cargo::core::compiler::fingerprint: fingerprint error for num-traits v0.2.19/Build/TargetInner { ..: custom_build_target("build-script-build", "/Users/huangjiajiang/.cargo/registry/src/rsproxy.cn-e3de039b2554c837/num-traits-0.2.19/build.rs", Edition2021) }
   0.154969708s  INFO prepare_target{force=false package_id=num-traits v0.2.19 target="build-script-build"}: cargo::core::compiler::fingerprint:     err: failed to read `/Volumes/Kingston/erp-domain-crate-10-final-finance-build/debug/.fingerprint/num-traits-4948cdf84cadfc5b/build-script-build-script-build`

Caused by:
    No such file or directory (os error 2)
   0.155021083s  INFO prepare_target{force=false package_id=autocfg v1.5.0 target="autocfg"}: cargo::core::compiler::fingerprint: fingerprint error for autocfg v1.5.0/Build/TargetInner { ..: lib_target("autocfg", ["lib"], "/Users/huangjiajiang/.cargo/registry/src/rsproxy.cn-e3de039b2554c837/autocfg-1.5.0/src/lib.rs", Edition2015) }
   0.155023792s  INFO prepare_target{force=false package_id=autocfg v1.5.0 target="autocfg"}: cargo::core::compiler::fingerprint:     err: failed to read `/Volumes/Kingston/erp-domain-crate-10-final-finance-build/debug/.fingerprint/autocfg-c61a369f45adbdae/lib-autocfg`

Caused by:
    No such file or directory (os error 2)
   0.155072917s  INFO prepare_target{force=false package_id=entity-core v0.1.0 (/private/tmp/erp-domain-crate-10-sales/backend/crates/entity-core) target="entity_core"}: cargo::core::compiler::fingerprint: fingerprint error for entity-core v0.1.0 (/private/tmp/erp-domain-crate-10-sales/backend/crates/entity-core)/Build/TargetInner { name_inferred: true, ..: lib_target("entity_core", ["lib"], "/private/tmp/erp-domain-crate-10-sales/backend/crates/entity-core/src/lib.rs", Edition2021) }
   0.155076417s  INFO prepare_target{force=false package_id=entity-core v0.1.0 (/private/tmp/erp-domain-crate-10-sales/backend/crates/entity-core) target="entity_core"}: cargo::core::compiler::fingerprint:     err: failed to read `/Volumes/Kingston/erp-domain-crate-10-final-finance-build/debug/.fingerprint/entity-core-f2294d45298dfd4c/lib-entity_core`

Caused by:
    No such file or directory (os error 2)
   0.155149542s  INFO prepare_target{force=false package_id=entity-macros v0.1.0 (/private/tmp/erp-domain-crate-10-sales/backend/crates/entity-macros) target="entity_macros"}: cargo::core::compiler::fingerprint: fingerprint error for entity-macros v0.1.0 (/private/tmp/erp-domain-crate-10-sales/backend/crates/entity-macros)/Build/TargetInner { name_inferred: true, for_host: true, proc_macro: true, ..: lib_target("entity_macros", ["proc-macro"], "/private/tmp/erp-domain-crate-10-sales/backend/crates/entity-macros/src/lib.rs", Edition2021) }
   0.155152708s  INFO prepare_target{force=false package_id=entity-macros v0.1.0 (/private/tmp/erp-domain-crate-10-sales/backend/crates/entity-macros) target="entity_macros"}: cargo::core::compiler::fingerprint:     err: failed to read `/Volumes/Kingston/erp-domain-crate-10-final-finance-build/debug/.fingerprint/entity-macros-174dd80f40cd4ee6/lib-entity_macros`

Caused by:
    No such file or directory (os error 2)
   0.155211208s  INFO prepare_target{force=false package_id=regex v1.13.1 target="regex"}: cargo::core::compiler::fingerprint: fingerprint error for regex v1.13.1/Build/TargetInner { ..: lib_target("regex", ["lib"], "/Users/huangjiajiang/.cargo/registry/src/rsproxy.cn-e3de039b2554c837/regex-1.13.1/src/lib.rs", Edition2021) }
   0.155214042s  INFO prepare_target{force=false package_id=regex v1.13.1 target="regex"}: cargo::core::compiler::fingerprint:     err: failed to read `/Volumes/Kingston/erp-domain-crate-10-final-finance-build/debug/.fingerprint/regex-560c1095f4f22a6b/lib-regex`

Caused by:
    No such file or directory (os error 2)
   0.155287250s  INFO prepare_target{force=false package_id=aho-corasick v1.1.4 target="aho_corasick"}: cargo::core::compiler::fingerprint: fingerprint error for aho-corasick v1.1.4/Build/TargetInner { ..: lib_target("aho_corasick", ["lib"], "/Users/huangjiajiang/.cargo/registry/src/rsproxy.cn-e3de039b2554c837/aho-corasick-1.1.4/src/lib.rs", Edition2021) }
   0.155290042s  INFO prepare_target{force=false package_id=aho-corasick v1.1.4 target="aho_corasick"}: cargo::core::compiler::fingerprint:     err: failed to read `/Volumes/Kingston/erp-domain-crate-10-final-finance-build/debug/.fingerprint/aho-corasick-fdc5c49826298c9a/lib-aho_corasick`

Caused by:
    No such file or directory (os error 2)
   0.155359125s  INFO prepare_target{force=false package_id=memchr v2.8.0 target="memchr"}: cargo::core::compiler::fingerprint: fingerprint error for memchr v2.8.0/Build/TargetInner { benched: false, ..: lib_target("memchr", ["lib"], "/Users/huangjiajiang/.cargo/registry/src/rsproxy.cn-e3de039b2554c837/memchr-2.8.0/src/lib.rs", Edition2021) }
   0.155361667s  INFO prepare_target{force=false package_id=memchr v2.8.0 target="memchr"}: cargo::core::compiler::fingerprint:     err: failed to read `/Volumes/Kingston/erp-domain-crate-10-final-finance-build/debug/.fingerprint/memchr-9eade378f3003c42/lib-memchr`

Caused by:
    No such file or directory (os error 2)
   0.155424292s  INFO prepare_target{force=false package_id=regex-automata v0.4.18 target="regex_automata"}: cargo::core::compiler::fingerprint: fingerprint error for regex-automata v0.4.18/Build/TargetInner { benched: false, ..: lib_target("regex_automata", ["lib"], "/Users/huangjiajiang/.cargo/registry/src/rsproxy.cn-e3de039b2554c837/regex-automata-0.4.18/src/lib.rs", Edition2021) }
   0.155426958s  INFO prepare_target{force=false package_id=regex-automata v0.4.18 target="regex_automata"}: cargo::core::compiler::fingerprint:     err: failed to read `/Volumes/Kingston/erp-domain-crate-10-final-finance-build/debug/.fingerprint/regex-automata-4700928a9367f596/lib-regex_automata`

Caused by:
    No such file or directory (os error 2)
   0.155494208s  INFO prepare_target{force=false package_id=regex-syntax v0.8.11 target="regex_syntax"}: cargo::core::compiler::fingerprint: fingerprint error for regex-syntax v0.8.11/Build/TargetInner { ..: lib_target("regex_syntax", ["lib"], "/Users/huangjiajiang/.cargo/registry/src/rsproxy.cn-e3de039b2554c837/regex-syntax-0.8.11/src/lib.rs", Edition2021) }
   0.155496833s  INFO prepare_target{force=false package_id=regex-syntax v0.8.11 target="regex_syntax"}: cargo::core::compiler::fingerprint:     err: failed to read `/Volumes/Kingston/erp-domain-crate-10-final-finance-build/debug/.fingerprint/regex-syntax-fc37337808dbdec9/lib-regex_syntax`

Caused by:
    No such file or directory (os error 2)
   0.155552375s  INFO prepare_target{force=false package_id=rust_decimal v1.42.1 target="rust_decimal"}: cargo::core::compiler::fingerprint: fingerprint error for rust_decimal v1.42.1/Build/TargetInner { ..: lib_target("rust_decimal", ["lib"], "/Users/huangjiajiang/.cargo/registry/src/rsproxy.cn-e3de039b2554c837/rust_decimal-1.42.1/src/lib.rs", Edition2021) }
   0.155554875s  INFO prepare_target{force=false package_id=rust_decimal v1.42.1 target="rust_decimal"}: cargo::core::compiler::fingerprint:     err: failed to read `/Volumes/Kingston/erp-domain-crate-10-final-finance-build/debug/.fingerprint/rust_decimal-93aaa45b778abab0/lib-rust_decimal`

Caused by:
    No such file or directory (os error 2)
   0.155625333s  INFO prepare_target{force=false package_id=arrayvec v0.7.8 target="arrayvec"}: cargo::core::compiler::fingerprint: fingerprint error for arrayvec v0.7.8/Build/TargetInner { ..: lib_target("arrayvec", ["lib"], "/Users/huangjiajiang/.cargo/registry/src/rsproxy.cn-e3de039b2554c837/arrayvec-0.7.8/src/lib.rs", Edition2018) }
   0.155627792s  INFO prepare_target{force=false package_id=arrayvec v0.7.8 target="arrayvec"}: cargo::core::compiler::fingerprint:     err: failed to read `/Volumes/Kingston/erp-domain-crate-10-final-finance-build/debug/.fingerprint/arrayvec-f485bf6effa04a28/lib-arrayvec`

Caused by:
    No such file or directory (os error 2)
   0.155819250s  INFO prepare_target{force=false package_id=rust_decimal v1.42.1 target="build-script-build"}: cargo::core::compiler::fingerprint: fingerprint error for rust_decimal v1.42.1/RunCustomBuild/TargetInner { ..: custom_build_target("build-script-build", "/Users/huangjiajiang/.cargo/registry/src/rsproxy.cn-e3de039b2554c837/rust_decimal-1.42.1/build.rs", Edition2021) }
   0.155822000s  INFO prepare_target{force=false package_id=rust_decimal v1.42.1 target="build-script-build"}: cargo::core::compiler::fingerprint:     err: failed to read `/Volumes/Kingston/erp-domain-crate-10-final-finance-build/debug/.fingerprint/rust_decimal-e149208f44eba551/run-build-script-build-script-build`

Caused by:
    No such file or directory (os error 2)
   0.155867125s  INFO prepare_target{force=false package_id=rust_decimal v1.42.1 target="build-script-build"}: cargo::core::compiler::fingerprint: fingerprint error for rust_decimal v1.42.1/Build/TargetInner { ..: custom_build_target("build-script-build", "/Users/huangjiajiang/.cargo/registry/src/rsproxy.cn-e3de039b2554c837/rust_decimal-1.42.1/build.rs", Edition2021) }
   0.155869542s  INFO prepare_target{force=false package_id=rust_decimal v1.42.1 target="build-script-build"}: cargo::core::compiler::fingerprint:     err: failed to read `/Volumes/Kingston/erp-domain-crate-10-final-finance-build/debug/.fingerprint/rust_decimal-4699987ced8f5e3e/build-script-build-script-build`

Caused by:
    No such file or directory (os error 2)
   0.155920958s  INFO prepare_target{force=false package_id=serde_json v1.0.151 target="serde_json"}: cargo::core::compiler::fingerprint: fingerprint error for serde_json v1.0.151/Build/TargetInner { ..: lib_target("serde_json", ["lib"], "/Users/huangjiajiang/.cargo/registry/src/rsproxy.cn-e3de039b2554c837/serde_json-1.0.151/src/lib.rs", Edition2021) }
   0.155923500s  INFO prepare_target{force=false package_id=serde_json v1.0.151 target="serde_json"}: cargo::core::compiler::fingerprint:     err: failed to read `/Volumes/Kingston/erp-domain-crate-10-final-finance-build/debug/.fingerprint/serde_json-8e990e9be2d9d491/lib-serde_json`

Caused by:
    No such file or directory (os error 2)
   0.156145750s  INFO prepare_target{force=false package_id=serde_json v1.0.151 target="build-script-build"}: cargo::core::compiler::fingerprint: fingerprint error for serde_json v1.0.151/RunCustomBuild/TargetInner { ..: custom_build_target("build-script-build", "/Users/huangjiajiang/.cargo/registry/src/rsproxy.cn-e3de039b2554c837/serde_json-1.0.151/build.rs", Edition2021) }
   0.156148333s  INFO prepare_target{force=false package_id=serde_json v1.0.151 target="build-script-build"}: cargo::core::compiler::fingerprint:     err: failed to read `/Volumes/Kingston/erp-domain-crate-10-final-finance-build/debug/.fingerprint/serde_json-8e20d213f4557528/run-build-script-build-script-build`

Caused by:
    No such file or directory (os error 2)
   0.156186250s  INFO prepare_target{force=false package_id=serde_json v1.0.151 target="build-script-build"}: cargo::core::compiler::fingerprint: fingerprint error for serde_json v1.0.151/Build/TargetInner { ..: custom_build_target("build-script-build", "/Users/huangjiajiang/.cargo/registry/src/rsproxy.cn-e3de039b2554c837/serde_json-1.0.151/build.rs", Edition2021) }
   0.156188708s  INFO prepare_target{force=false package_id=serde_json v1.0.151 target="build-script-build"}: cargo::core::compiler::fingerprint:     err: failed to read `/Volumes/Kingston/erp-domain-crate-10-final-finance-build/debug/.fingerprint/serde_json-c7c9c731b279998a/build-script-build-script-build`

Caused by:
    No such file or directory (os error 2)
   0.156251042s  INFO prepare_target{force=false package_id=zmij v1.0.21 target="zmij"}: cargo::core::compiler::fingerprint: fingerprint error for zmij v1.0.21/Build/TargetInner { ..: lib_target("zmij", ["lib"], "/Users/huangjiajiang/.cargo/registry/src/rsproxy.cn-e3de039b2554c837/zmij-1.0.21/src/lib.rs", Edition2021) }
   0.156253583s  INFO prepare_target{force=false package_id=zmij v1.0.21 target="zmij"}: cargo::core::compiler::fingerprint:     err: failed to read `/Volumes/Kingston/erp-domain-crate-10-final-finance-build/debug/.fingerprint/zmij-193127f7d53c10e1/lib-zmij`

Caused by:
    No such file or directory (os error 2)
   0.156415375s  INFO prepare_target{force=false package_id=zmij v1.0.21 target="build-script-build"}: cargo::core::compiler::fingerprint: fingerprint error for zmij v1.0.21/RunCustomBuild/TargetInner { ..: custom_build_target("build-script-build", "/Users/huangjiajiang/.cargo/registry/src/rsproxy.cn-e3de039b2554c837/zmij-1.0.21/build.rs", Edition2021) }
   0.156417750s  INFO prepare_target{force=false package_id=zmij v1.0.21 target="build-script-build"}: cargo::core::compiler::fingerprint:     err: failed to read `/Volumes/Kingston/erp-domain-crate-10-final-finance-build/debug/.fingerprint/zmij-8f8efc0ee115de37/run-build-script-build-script-build`

Caused by:
    No such file or directory (os error 2)
   0.156457333s  INFO prepare_target{force=false package_id=zmij v1.0.21 target="build-script-build"}: cargo::core::compiler::fingerprint: fingerprint error for zmij v1.0.21/Build/TargetInner { ..: custom_build_target("build-script-build", "/Users/huangjiajiang/.cargo/registry/src/rsproxy.cn-e3de039b2554c837/zmij-1.0.21/build.rs", Edition2021) }
   0.156459625s  INFO prepare_target{force=false package_id=zmij v1.0.21 target="build-script-build"}: cargo::core::compiler::fingerprint:     err: failed to read `/Volumes/Kingston/erp-domain-crate-10-final-finance-build/debug/.fingerprint/zmij-93ee4849f2e0113d/build-script-build-script-build`

Caused by:
    No such file or directory (os error 2)
   0.156513042s  INFO prepare_target{force=false package_id=validator v0.21.0 target="validator"}: cargo::core::compiler::fingerprint: fingerprint error for validator v0.21.0/Build/TargetInner { ..: lib_target("validator", ["lib"], "/Users/huangjiajiang/.cargo/registry/src/rsproxy.cn-e3de039b2554c837/validator-0.21.0/src/lib.rs", Edition2021) }
   0.156515583s  INFO prepare_target{force=false package_id=validator v0.21.0 target="validator"}: cargo::core::compiler::fingerprint:     err: failed to read `/Volumes/Kingston/erp-domain-crate-10-final-finance-build/debug/.fingerprint/validator-da1701fca8b540ae/lib-validator`

Caused by:
    No such file or directory (os error 2)
   0.156612000s  INFO prepare_target{force=false package_id=idna v1.1.0 target="idna"}: cargo::core::compiler::fingerprint: fingerprint error for idna v1.1.0/Build/TargetInner { doctest: false, ..: lib_target("idna", ["lib"], "/Users/huangjiajiang/.cargo/registry/src/rsproxy.cn-e3de039b2554c837/idna-1.1.0/src/lib.rs", Edition2018) }
   0.156614625s  INFO prepare_target{force=false package_id=idna v1.1.0 target="idna"}: cargo::core::compiler::fingerprint:     err: failed to read `/Volumes/Kingston/erp-domain-crate-10-final-finance-build/debug/.fingerprint/idna-5dc10407df801cbc/lib-idna`

Caused by:
    No such file or directory (os error 2)
   0.156691000s  INFO prepare_target{force=false package_id=idna_adapter v1.2.2 target="idna_adapter"}: cargo::core::compiler::fingerprint: fingerprint error for idna_adapter v1.2.2/Build/TargetInner { ..: lib_target("idna_adapter", ["lib"], "/Users/huangjiajiang/.cargo/registry/src/rsproxy.cn-e3de039b2554c837/idna_adapter-1.2.2/src/lib.rs", Edition2024) }
   0.156693708s  INFO prepare_target{force=false package_id=idna_adapter v1.2.2 target="idna_adapter"}: cargo::core::compiler::fingerprint:     err: failed to read `/Volumes/Kingston/erp-domain-crate-10-final-finance-build/debug/.fingerprint/idna_adapter-0346f9e384febce5/lib-idna_adapter`

Caused by:
    No such file or directory (os error 2)
   0.156769500s  INFO prepare_target{force=false package_id=icu_normalizer v2.2.0 target="icu_normalizer"}: cargo::core::compiler::fingerprint: fingerprint error for icu_normalizer v2.2.0/Build/TargetInner { ..: lib_target("icu_normalizer", ["lib"], "/Users/huangjiajiang/.cargo/registry/src/rsproxy.cn-e3de039b2554c837/icu_normalizer-2.2.0/src/lib.rs", Edition2021) }
   0.156771958s  INFO prepare_target{force=false package_id=icu_normalizer v2.2.0 target="icu_normalizer"}: cargo::core::compiler::fingerprint:     err: failed to read `/Volumes/Kingston/erp-domain-crate-10-final-finance-build/debug/.fingerprint/icu_normalizer-9a27a5742a1f4088/lib-icu_normalizer`

Caused by:
    No such file or directory (os error 2)
   0.156840250s  INFO prepare_target{force=false package_id=icu_collections v2.2.0 target="icu_collections"}: cargo::core::compiler::fingerprint: fingerprint error for icu_collections v2.2.0/Build/TargetInner { benched: false, ..: lib_target("icu_collections", ["lib"], "/Users/huangjiajiang/.cargo/registry/src/rsproxy.cn-e3de039b2554c837/icu_collections-2.2.0/src/lib.rs", Edition2021) }
   0.156842833s  INFO prepare_target{force=false package_id=icu_collections v2.2.0 target="icu_collections"}: cargo::core::compiler::fingerprint:     err: failed to read `/Volumes/Kingston/erp-domain-crate-10-final-finance-build/debug/.fingerprint/icu_collections-ca438191448fb127/lib-icu_collections`

Caused by:
    No such file or directory (os error 2)
   0.156907042s  INFO prepare_target{force=false package_id=displaydoc v0.2.5 target="displaydoc"}: cargo::core::compiler::fingerprint: fingerprint error for displaydoc v0.2.5/Build/TargetInner { name_inferred: true, for_host: true, proc_macro: true, ..: lib_target("displaydoc", ["proc-macro"], "/Users/huangjiajiang/.cargo/registry/src/rsproxy.cn-e3de039b2554c837/displaydoc-0.2.5/src/lib.rs", Edition2021) }
   0.156909875s  INFO prepare_target{force=false package_id=displaydoc v0.2.5 target="displaydoc"}: cargo::core::compiler::fingerprint:     err: failed to read `/Volumes/Kingston/erp-domain-crate-10-final-finance-build/debug/.fingerprint/displaydoc-a58c2b741e638935/lib-displaydoc`

Caused by:
    No such file or directory (os error 2)
   0.156968500s  INFO prepare_target{force=false package_id=syn v2.0.117 target="syn"}: cargo::core::compiler::fingerprint: fingerprint error for syn v2.0.117/Build/TargetInner { ..: lib_target("syn", ["lib"], "/Users/huangjiajiang/.cargo/registry/src/rsproxy.cn-e3de039b2554c837/syn-2.0.117/src/lib.rs", Edition2021) }
   0.156971167s  INFO prepare_target{force=false package_id=syn v2.0.117 target="syn"}: cargo::core::compiler::fingerprint:     err: failed to read `/Volumes/Kingston/erp-domain-crate-10-final-finance-build/debug/.fingerprint/syn-ce266b6d413788de/lib-syn`

Caused by:
    No such file or directory (os error 2)
   0.157039458s  INFO prepare_target{force=false package_id=potential_utf v0.1.5 target="potential_utf"}: cargo::core::compiler::fingerprint: fingerprint error for potential_utf v0.1.5/Build/TargetInner { ..: lib_target("potential_utf", ["lib"], "/Users/huangjiajiang/.cargo/registry/src/rsproxy.cn-e3de039b2554c837/potential_utf-0.1.5/src/lib.rs", Edition2021) }
   0.157042208s  INFO prepare_target{force=false package_id=potential_utf v0.1.5 target="potential_utf"}: cargo::core::compiler::fingerprint:     err: failed to read `/Volumes/Kingston/erp-domain-crate-10-final-finance-build/debug/.fingerprint/potential_utf-df7871719d9cf86d/lib-potential_utf`

Caused by:
    No such file or directory (os error 2)
   0.157094375s  INFO prepare_target{force=false package_id=zerovec v0.11.6 target="zerovec"}: cargo::core::compiler::fingerprint: fingerprint error for zerovec v0.11.6/Build/TargetInner { benched: false, ..: lib_target("zerovec", ["lib"], "/Users/huangjiajiang/.cargo/registry/src/rsproxy.cn-e3de039b2554c837/zerovec-0.11.6/src/lib.rs", Edition2021) }
   0.157096958s  INFO prepare_target{force=false package_id=zerovec v0.11.6 target="zerovec"}: cargo::core::compiler::fingerprint:     err: failed to read `/Volumes/Kingston/erp-domain-crate-10-final-finance-build/debug/.fingerprint/zerovec-ab04e45bc7e03e08/lib-zerovec`

Caused by:
    No such file or directory (os error 2)
   0.157149375s  INFO prepare_target{force=false package_id=yoke v0.8.2 target="yoke"}: cargo::core::compiler::fingerprint: fingerprint error for yoke v0.8.2/Build/TargetInner { ..: lib_target("yoke", ["lib"], "/Users/huangjiajiang/.cargo/registry/src/rsproxy.cn-e3de039b2554c837/yoke-0.8.2/src/lib.rs", Edition2021) }
   0.157151958s  INFO prepare_target{force=false package_id=yoke v0.8.2 target="yoke"}: cargo::core::compiler::fingerprint:     err: failed to read `/Volumes/Kingston/erp-domain-crate-10-final-finance-build/debug/.fingerprint/yoke-ae43897e4597e0bb/lib-yoke`

Caused by:
    No such file or directory (os error 2)
   0.157219250s  INFO prepare_target{force=false package_id=stable_deref_trait v1.2.1 target="stable_deref_trait"}: cargo::core::compiler::fingerprint: fingerprint error for stable_deref_trait v1.2.1/Build/TargetInner { ..: lib_target("stable_deref_trait", ["lib"], "/Users/huangjiajiang/.cargo/registry/src/rsproxy.cn-e3de039b2554c837/stable_deref_trait-1.2.1/src/lib.rs", Edition2015) }
   0.157222042s  INFO prepare_target{force=false package_id=stable_deref_trait v1.2.1 target="stable_deref_trait"}: cargo::core::compiler::fingerprint:     err: failed to read `/Volumes/Kingston/erp-domain-crate-10-final-finance-build/debug/.fingerprint/stable_deref_trait-6d062694e3687d84/lib-stable_deref_trait`

Caused by:
    No such file or directory (os error 2)
   0.157278292s  INFO prepare_target{force=false package_id=yoke-derive v0.8.2 target="yoke_derive"}: cargo::core::compiler::fingerprint: fingerprint error for yoke-derive v0.8.2/Build/TargetInner { for_host: true, proc_macro: true, ..: lib_target("yoke_derive", ["proc-macro"], "/Users/huangjiajiang/.cargo/registry/src/rsproxy.cn-e3de039b2554c837/yoke-derive-0.8.2/src/lib.rs", Edition2021) }
   0.157280958s  INFO prepare_target{force=false package_id=yoke-derive v0.8.2 target="yoke_derive"}: cargo::core::compiler::fingerprint:     err: failed to read `/Volumes/Kingston/erp-domain-crate-10-final-finance-build/debug/.fingerprint/yoke-derive-92ce07ec41b0a650/lib-yoke_derive`

Caused by:
    No such file or directory (os error 2)
   0.157350167s  INFO prepare_target{force=false package_id=synstructure v0.13.2 target="synstructure"}: cargo::core::compiler::fingerprint: fingerprint error for synstructure v0.13.2/Build/TargetInner { ..: lib_target("synstructure", ["lib"], "/Users/huangjiajiang/.cargo/registry/src/rsproxy.cn-e3de039b2554c837/synstructure-0.13.2/src/lib.rs", Edition2018) }
   0.157353542s  INFO prepare_target{force=false package_id=synstructure v0.13.2 target="synstructure"}: cargo::core::compiler::fingerprint:     err: failed to read `/Volumes/Kingston/erp-domain-crate-10-final-finance-build/debug/.fingerprint/synstructure-10f0c4bcafba9341/lib-synstructure`

Caused by:
    No such file or directory (os error 2)
   0.157406125s  INFO prepare_target{force=false package_id=zerofrom v0.1.8 target="zerofrom"}: cargo::core::compiler::fingerprint: fingerprint error for zerofrom v0.1.8/Build/TargetInner { ..: lib_target("zerofrom", ["lib"], "/Users/huangjiajiang/.cargo/registry/src/rsproxy.cn-e3de039b2554c837/zerofrom-0.1.8/src/lib.rs", Edition2021) }
   0.157408917s  INFO prepare_target{force=false package_id=zerofrom v0.1.8 target="zerofrom"}: cargo::core::compiler::fingerprint:     err: failed to read `/Volumes/Kingston/erp-domain-crate-10-final-finance-build/debug/.fingerprint/zerofrom-f98a3325797270d2/lib-zerofrom`

Caused by:
    No such file or directory (os error 2)
   0.157464125s  INFO prepare_target{force=false package_id=zerofrom-derive v0.1.7 target="zerofrom_derive"}: cargo::core::compiler::fingerprint: fingerprint error for zerofrom-derive v0.1.7/Build/TargetInner { for_host: true, proc_macro: true, ..: lib_target("zerofrom_derive", ["proc-macro"], "/Users/huangjiajiang/.cargo/registry/src/rsproxy.cn-e3de039b2554c837/zerofrom-derive-0.1.7/src/lib.rs", Edition2021) }
   0.157466958s  INFO prepare_target{force=false package_id=zerofrom-derive v0.1.7 target="zerofrom_derive"}: cargo::core::compiler::fingerprint:     err: failed to read `/Volumes/Kingston/erp-domain-crate-10-final-finance-build/debug/.fingerprint/zerofrom-derive-d1954e192c3d9d6f/lib-zerofrom_derive`

Caused by:
    No such file or directory (os error 2)
   0.157524042s  INFO prepare_target{force=false package_id=zerovec-derive v0.11.3 target="zerovec_derive"}: cargo::core::compiler::fingerprint: fingerprint error for zerovec-derive v0.11.3/Build/TargetInner { for_host: true, proc_macro: true, ..: lib_target("zerovec_derive", ["proc-macro"], "/Users/huangjiajiang/.cargo/registry/src/rsproxy.cn-e3de039b2554c837/zerovec-derive-0.11.3/src/lib.rs", Edition2021) }
   0.157526750s  INFO prepare_target{force=false package_id=zerovec-derive v0.11.3 target="zerovec_derive"}: cargo::core::compiler::fingerprint:     err: failed to read `/Volumes/Kingston/erp-domain-crate-10-final-finance-build/debug/.fingerprint/zerovec-derive-7dd031d603e0e592/lib-zerovec_derive`

Caused by:
    No such file or directory (os error 2)
   0.157591583s  INFO prepare_target{force=false package_id=utf8_iter v1.0.4 target="utf8_iter"}: cargo::core::compiler::fingerprint: fingerprint error for utf8_iter v1.0.4/Build/TargetInner { name_inferred: true, ..: lib_target("utf8_iter", ["lib"], "/Users/huangjiajiang/.cargo/registry/src/rsproxy.cn-e3de039b2554c837/utf8_iter-1.0.4/src/lib.rs", Edition2021) }
   0.157594333s  INFO prepare_target{force=false package_id=utf8_iter v1.0.4 target="utf8_iter"}: cargo::core::compiler::fingerprint:     err: failed to read `/Volumes/Kingston/erp-domain-crate-10-final-finance-build/debug/.fingerprint/utf8_iter-c8378c809aa6bedc/lib-utf8_iter`

Caused by:
    No such file or directory (os error 2)
   0.157652833s  INFO prepare_target{force=false package_id=icu_normalizer_data v2.2.0 target="icu_normalizer_data"}: cargo::core::compiler::fingerprint: fingerprint error for icu_normalizer_data v2.2.0/Build/TargetInner { ..: lib_target("icu_normalizer_data", ["lib"], "/Users/huangjiajiang/.cargo/registry/src/rsproxy.cn-e3de039b2554c837/icu_normalizer_data-2.2.0/src/lib.rs", Edition2021) }
   0.157655500s  INFO prepare_target{force=false package_id=icu_normalizer_data v2.2.0 target="icu_normalizer_data"}: cargo::core::compiler::fingerprint:     err: failed to read `/Volumes/Kingston/erp-domain-crate-10-final-finance-build/debug/.fingerprint/icu_normalizer_data-3f02582986a0d3a9/lib-icu_normalizer_data`

Caused by:
    No such file or directory (os error 2)
   0.157851042s  INFO prepare_target{force=false package_id=icu_normalizer_data v2.2.0 target="build-script-build"}: cargo::core::compiler::fingerprint: fingerprint error for icu_normalizer_data v2.2.0/RunCustomBuild/TargetInner { ..: custom_build_target("build-script-build", "/Users/huangjiajiang/.cargo/registry/src/rsproxy.cn-e3de039b2554c837/icu_normalizer_data-2.2.0/build.rs", Edition2021) }
   0.157853583s  INFO prepare_target{force=false package_id=icu_normalizer_data v2.2.0 target="build-script-build"}: cargo::core::compiler::fingerprint:     err: failed to read `/Volumes/Kingston/erp-domain-crate-10-final-finance-build/debug/.fingerprint/icu_normalizer_data-623a2b3545f1bbff/run-build-script-build-script-build`

Caused by:
    No such file or directory (os error 2)
   0.157904292s  INFO prepare_target{force=false package_id=icu_normalizer_data v2.2.0 target="build-script-build"}: cargo::core::compiler::fingerprint: fingerprint error for icu_normalizer_data v2.2.0/Build/TargetInner { ..: custom_build_target("build-script-build", "/Users/huangjiajiang/.cargo/registry/src/rsproxy.cn-e3de039b2554c837/icu_normalizer_data-2.2.0/build.rs", Edition2021) }
   0.157906708s  INFO prepare_target{force=false package_id=icu_normalizer_data v2.2.0 target="build-script-build"}: cargo::core::compiler::fingerprint:     err: failed to read `/Volumes/Kingston/erp-domain-crate-10-final-finance-build/debug/.fingerprint/icu_normalizer_data-02b6f9134ec04b85/build-script-build-script-build`

Caused by:
    No such file or directory (os error 2)
   0.157973750s  INFO prepare_target{force=false package_id=icu_provider v2.2.0 target="icu_provider"}: cargo::core::compiler::fingerprint: fingerprint error for icu_provider v2.2.0/Build/TargetInner { benched: false, ..: lib_target("icu_provider", ["lib"], "/Users/huangjiajiang/.cargo/registry/src/rsproxy.cn-e3de039b2554c837/icu_provider-2.2.0/src/lib.rs", Edition2021) }
   0.157976125s  INFO prepare_target{force=false package_id=icu_provider v2.2.0 target="icu_provider"}: cargo::core::compiler::fingerprint:     err: failed to read `/Volumes/Kingston/erp-domain-crate-10-final-finance-build/debug/.fingerprint/icu_provider-7b812fae23588df0/lib-icu_provider`

Caused by:
    No such file or directory (os error 2)
   0.158041083s  INFO prepare_target{force=false package_id=icu_locale_core v2.2.0 target="icu_locale_core"}: cargo::core::compiler::fingerprint: fingerprint error for icu_locale_core v2.2.0/Build/TargetInner { benched: false, ..: lib_target("icu_locale_core", ["lib"], "/Users/huangjiajiang/.cargo/registry/src/rsproxy.cn-e3de039b2554c837/icu_locale_core-2.2.0/src/lib.rs", Edition2021) }
   0.158043750s  INFO prepare_target{force=false package_id=icu_locale_core v2.2.0 target="icu_locale_core"}: cargo::core::compiler::fingerprint:     err: failed to read `/Volumes/Kingston/erp-domain-crate-10-final-finance-build/debug/.fingerprint/icu_locale_core-da353253b32518d4/lib-icu_locale_core`

Caused by:
    No such file or directory (os error 2)
   0.158104208s  INFO prepare_target{force=false package_id=litemap v0.8.2 target="litemap"}: cargo::core::compiler::fingerprint: fingerprint error for litemap v0.8.2/Build/TargetInner { benched: false, ..: lib_target("litemap", ["lib"], "/Users/huangjiajiang/.cargo/registry/src/rsproxy.cn-e3de039b2554c837/litemap-0.8.2/src/lib.rs", Edition2021) }
   0.158106708s  INFO prepare_target{force=false package_id=litemap v0.8.2 target="litemap"}: cargo::core::compiler::fingerprint:     err: failed to read `/Volumes/Kingston/erp-domain-crate-10-final-finance-build/debug/.fingerprint/litemap-f5e755d05465e288/lib-litemap`

Caused by:
    No such file or directory (os error 2)
   0.158158667s  INFO prepare_target{force=false package_id=tinystr v0.8.3 target="tinystr"}: cargo::core::compiler::fingerprint: fingerprint error for tinystr v0.8.3/Build/TargetInner { benched: false, ..: lib_target("tinystr", ["lib"], "/Users/huangjiajiang/.cargo/registry/src/rsproxy.cn-e3de039b2554c837/tinystr-0.8.3/src/lib.rs", Edition2021) }
   0.158161250s  INFO prepare_target{force=false package_id=tinystr v0.8.3 target="tinystr"}: cargo::core::compiler::fingerprint:     err: failed to read `/Volumes/Kingston/erp-domain-crate-10-final-finance-build/debug/.fingerprint/tinystr-0574d0e6d7e0c862/lib-tinystr`

Caused by:
    No such file or directory (os error 2)
   0.158220750s  INFO prepare_target{force=false package_id=writeable v0.6.3 target="writeable"}: cargo::core::compiler::fingerprint: fingerprint error for writeable v0.6.3/Build/TargetInner { benched: false, ..: lib_target("writeable", ["lib"], "/Users/huangjiajiang/.cargo/registry/src/rsproxy.cn-e3de039b2554c837/writeable-0.6.3/src/lib.rs", Edition2021) }
   0.158223458s  INFO prepare_target{force=false package_id=writeable v0.6.3 target="writeable"}: cargo::core::compiler::fingerprint:     err: failed to read `/Volumes/Kingston/erp-domain-crate-10-final-finance-build/debug/.fingerprint/writeable-45e72b4cc541874f/lib-writeable`

Caused by:
    No such file or directory (os error 2)
   0.158271500s  INFO prepare_target{force=false package_id=zerotrie v0.2.4 target="zerotrie"}: cargo::core::compiler::fingerprint: fingerprint error for zerotrie v0.2.4/Build/TargetInner { benched: false, ..: lib_target("zerotrie", ["lib"], "/Users/huangjiajiang/.cargo/registry/src/rsproxy.cn-e3de039b2554c837/zerotrie-0.2.4/src/lib.rs", Edition2021) }
   0.158274042s  INFO prepare_target{force=false package_id=zerotrie v0.2.4 target="zerotrie"}: cargo::core::compiler::fingerprint:     err: failed to read `/Volumes/Kingston/erp-domain-crate-10-final-finance-build/debug/.fingerprint/zerotrie-9ab19e780bddee25/lib-zerotrie`

Caused by:
    No such file or directory (os error 2)
   0.158375625s  INFO prepare_target{force=false package_id=smallvec v1.15.1 target="smallvec"}: cargo::core::compiler::fingerprint: fingerprint error for smallvec v1.15.1/Build/TargetInner { ..: lib_target("smallvec", ["lib"], "/Users/huangjiajiang/.cargo/registry/src/rsproxy.cn-e3de039b2554c837/smallvec-1.15.1/src/lib.rs", Edition2018) }
   0.158378167s  INFO prepare_target{force=false package_id=smallvec v1.15.1 target="smallvec"}: cargo::core::compiler::fingerprint:     err: failed to read `/Volumes/Kingston/erp-domain-crate-10-final-finance-build/debug/.fingerprint/smallvec-54cec608e1032bec/lib-smallvec`

Caused by:
    No such file or directory (os error 2)
   0.158440542s  INFO prepare_target{force=false package_id=icu_properties v2.2.0 target="icu_properties"}: cargo::core::compiler::fingerprint: fingerprint error for icu_properties v2.2.0/Build/TargetInner { ..: lib_target("icu_properties", ["lib"], "/Users/huangjiajiang/.cargo/registry/src/rsproxy.cn-e3de039b2554c837/icu_properties-2.2.0/src/lib.rs", Edition2021) }
   0.158443167s  INFO prepare_target{force=false package_id=icu_properties v2.2.0 target="icu_properties"}: cargo::core::compiler::fingerprint:     err: failed to read `/Volumes/Kingston/erp-domain-crate-10-final-finance-build/debug/.fingerprint/icu_properties-55354a73d85fa4b1/lib-icu_properties`

Caused by:
    No such file or directory (os error 2)
   0.158504125s  INFO prepare_target{force=false package_id=icu_properties_data v2.2.0 target="icu_properties_data"}: cargo::core::compiler::fingerprint: fingerprint error for icu_properties_data v2.2.0/Build/TargetInner { ..: lib_target("icu_properties_data", ["lib"], "/Users/huangjiajiang/.cargo/registry/src/rsproxy.cn-e3de039b2554c837/icu_properties_data-2.2.0/src/lib.rs", Edition2021) }
   0.158506958s  INFO prepare_target{force=false package_id=icu_properties_data v2.2.0 target="icu_properties_data"}: cargo::core::compiler::fingerprint:     err: failed to read `/Volumes/Kingston/erp-domain-crate-10-final-finance-build/debug/.fingerprint/icu_properties_data-d5af9dca9a7ad7c4/lib-icu_properties_data`

Caused by:
    No such file or directory (os error 2)
   0.158673542s  INFO prepare_target{force=false package_id=icu_properties_data v2.2.0 target="build-script-build"}: cargo::core::compiler::fingerprint: fingerprint error for icu_properties_data v2.2.0/RunCustomBuild/TargetInner { ..: custom_build_target("build-script-build", "/Users/huangjiajiang/.cargo/registry/src/rsproxy.cn-e3de039b2554c837/icu_properties_data-2.2.0/build.rs", Edition2021) }
   0.158676167s  INFO prepare_target{force=false package_id=icu_properties_data v2.2.0 target="build-script-build"}: cargo::core::compiler::fingerprint:     err: failed to read `/Volumes/Kingston/erp-domain-crate-10-final-finance-build/debug/.fingerprint/icu_properties_data-c7ad5052109a7f61/run-build-script-build-script-build`

Caused by:
    No such file or directory (os error 2)
   0.158714375s  INFO prepare_target{force=false package_id=icu_properties_data v2.2.0 target="build-script-build"}: cargo::core::compiler::fingerprint: fingerprint error for icu_properties_data v2.2.0/Build/TargetInner { ..: custom_build_target("build-script-build", "/Users/huangjiajiang/.cargo/registry/src/rsproxy.cn-e3de039b2554c837/icu_properties_data-2.2.0/build.rs", Edition2021) }
   0.158716833s  INFO prepare_target{force=false package_id=icu_properties_data v2.2.0 target="build-script-build"}: cargo::core::compiler::fingerprint:     err: failed to read `/Volumes/Kingston/erp-domain-crate-10-final-finance-build/debug/.fingerprint/icu_properties_data-7737910b004dc04c/build-script-build-script-build`

Caused by:
    No such file or directory (os error 2)
   0.158765917s  INFO prepare_target{force=false package_id=url v2.5.8 target="url"}: cargo::core::compiler::fingerprint: fingerprint error for url v2.5.8/Build/TargetInner { ..: lib_target("url", ["lib"], "/Users/huangjiajiang/.cargo/registry/src/rsproxy.cn-e3de039b2554c837/url-2.5.8/src/lib.rs", Edition2018) }
   0.158768333s  INFO prepare_target{force=false package_id=url v2.5.8 target="url"}: cargo::core::compiler::fingerprint:     err: failed to read `/Volumes/Kingston/erp-domain-crate-10-final-finance-build/debug/.fingerprint/url-1a9ce93c84c7a9d4/lib-url`

Caused by:
    No such file or directory (os error 2)
   0.158835458s  INFO prepare_target{force=false package_id=form_urlencoded v1.2.2 target="form_urlencoded"}: cargo::core::compiler::fingerprint: fingerprint error for form_urlencoded v1.2.2/Build/TargetInner { tested: false, ..: lib_target("form_urlencoded", ["lib"], "/Users/huangjiajiang/.cargo/registry/src/rsproxy.cn-e3de039b2554c837/form_urlencoded-1.2.2/src/lib.rs", Edition2018) }
   0.158838208s  INFO prepare_target{force=false package_id=form_urlencoded v1.2.2 target="form_urlencoded"}: cargo::core::compiler::fingerprint:     err: failed to read `/Volumes/Kingston/erp-domain-crate-10-final-finance-build/debug/.fingerprint/form_urlencoded-66602174975101ff/lib-form_urlencoded`

Caused by:
    No such file or directory (os error 2)
   0.158888083s  INFO prepare_target{force=false package_id=percent-encoding v2.3.2 target="percent_encoding"}: cargo::core::compiler::fingerprint: fingerprint error for percent-encoding v2.3.2/Build/TargetInner { ..: lib_target("percent_encoding", ["lib"], "/Users/huangjiajiang/.cargo/registry/src/rsproxy.cn-e3de039b2554c837/percent-encoding-2.3.2/src/lib.rs", Edition2018) }
   0.158890917s  INFO prepare_target{force=false package_id=percent-encoding v2.3.2 target="percent_encoding"}: cargo::core::compiler::fingerprint:     err: failed to read `/Volumes/Kingston/erp-domain-crate-10-final-finance-build/debug/.fingerprint/percent-encoding-49390b11a751e8de/lib-percent_encoding`

Caused by:
    No such file or directory (os error 2)
   0.159026292s  INFO prepare_target{force=false package_id=validator_derive v0.20.0 target="validator_derive"}: cargo::core::compiler::fingerprint: fingerprint error for validator_derive v0.20.0/Build/TargetInner { for_host: true, proc_macro: true, ..: lib_target("validator_derive", ["proc-macro"], "/Users/huangjiajiang/.cargo/registry/src/rsproxy.cn-e3de039b2554c837/validator_derive-0.20.0/src/lib.rs", Edition2021) }
   0.159031125s  INFO prepare_target{force=false package_id=validator_derive v0.20.0 target="validator_derive"}: cargo::core::compiler::fingerprint:     err: failed to read `/Volumes/Kingston/erp-domain-crate-10-final-finance-build/debug/.fingerprint/validator_derive-16cf6f5242d78a8b/lib-validator_derive`

Caused by:
    No such file or directory (os error 2)
   0.159098417s  INFO prepare_target{force=false package_id=darling v0.20.11 target="darling"}: cargo::core::compiler::fingerprint: fingerprint error for darling v0.20.11/Build/TargetInner { ..: lib_target("darling", ["lib"], "/Users/huangjiajiang/.cargo/registry/src/rsproxy.cn-e3de039b2554c837/darling-0.20.11/src/lib.rs", Edition2021) }
   0.159102208s  INFO prepare_target{force=false package_id=darling v0.20.11 target="darling"}: cargo::core::compiler::fingerprint:     err: failed to read `/Volumes/Kingston/erp-domain-crate-10-final-finance-build/debug/.fingerprint/darling-8643f107f28a387b/lib-darling`

Caused by:
    No such file or directory (os error 2)
   0.159163500s  INFO prepare_target{force=false package_id=darling_core v0.20.11 target="darling_core"}: cargo::core::compiler::fingerprint: fingerprint error for darling_core v0.20.11/Build/TargetInner { ..: lib_target("darling_core", ["lib"], "/Users/huangjiajiang/.cargo/registry/src/rsproxy.cn-e3de039b2554c837/darling_core-0.20.11/src/lib.rs", Edition2021) }
   0.159169125s  INFO prepare_target{force=false package_id=darling_core v0.20.11 target="darling_core"}: cargo::core::compiler::fingerprint:     err: failed to read `/Volumes/Kingston/erp-domain-crate-10-final-finance-build/debug/.fingerprint/darling_core-795117fefa5f7444/lib-darling_core`

Caused by:
    No such file or directory (os error 2)
   0.159233542s  INFO prepare_target{force=false package_id=fnv v1.0.7 target="fnv"}: cargo::core::compiler::fingerprint: fingerprint error for fnv v1.0.7/Build/TargetInner { ..: lib_target("fnv", ["lib"], "/Users/huangjiajiang/.cargo/registry/src/rsproxy.cn-e3de039b2554c837/fnv-1.0.7/lib.rs", Edition2015) }
   0.159237125s  INFO prepare_target{force=false package_id=fnv v1.0.7 target="fnv"}: cargo::core::compiler::fingerprint:     err: failed to read `/Volumes/Kingston/erp-domain-crate-10-final-finance-build/debug/.fingerprint/fnv-298146bfdec75c66/lib-fnv`

Caused by:
    No such file or directory (os error 2)
   0.159295042s  INFO prepare_target{force=false package_id=ident_case v1.0.1 target="ident_case"}: cargo::core::compiler::fingerprint: fingerprint error for ident_case v1.0.1/Build/TargetInner { name_inferred: true, ..: lib_target("ident_case", ["lib"], "/Users/huangjiajiang/.cargo/registry/src/rsproxy.cn-e3de039b2554c837/ident_case-1.0.1/src/lib.rs", Edition2015) }
   0.159299708s  INFO prepare_target{force=false package_id=ident_case v1.0.1 target="ident_case"}: cargo::core::compiler::fingerprint:     err: failed to read `/Volumes/Kingston/erp-domain-crate-10-final-finance-build/debug/.fingerprint/ident_case-33f4af2be658c0cb/lib-ident_case`

Caused by:
    No such file or directory (os error 2)
   0.159361417s  INFO prepare_target{force=false package_id=strsim v0.11.1 target="strsim"}: cargo::core::compiler::fingerprint: fingerprint error for strsim v0.11.1/Build/TargetInner { name_inferred: true, ..: lib_target("strsim", ["lib"], "/Users/huangjiajiang/.cargo/registry/src/rsproxy.cn-e3de039b2554c837/strsim-0.11.1/src/lib.rs", Edition2015) }
   0.159365792s  INFO prepare_target{force=false package_id=strsim v0.11.1 target="strsim"}: cargo::core::compiler::fingerprint:     err: failed to read `/Volumes/Kingston/erp-domain-crate-10-final-finance-build/debug/.fingerprint/strsim-53236417be20a0f8/lib-strsim`

Caused by:
    No such file or directory (os error 2)
   0.159432875s  INFO prepare_target{force=false package_id=darling_macro v0.20.11 target="darling_macro"}: cargo::core::compiler::fingerprint: fingerprint error for darling_macro v0.20.11/Build/TargetInner { for_host: true, proc_macro: true, ..: lib_target("darling_macro", ["proc-macro"], "/Users/huangjiajiang/.cargo/registry/src/rsproxy.cn-e3de039b2554c837/darling_macro-0.20.11/src/lib.rs", Edition2021) }
   0.159436792s  INFO prepare_target{force=false package_id=darling_macro v0.20.11 target="darling_macro"}: cargo::core::compiler::fingerprint:     err: failed to read `/Volumes/Kingston/erp-domain-crate-10-final-finance-build/debug/.fingerprint/darling_macro-6082179b3bce80cf/lib-darling_macro`

Caused by:
    No such file or directory (os error 2)
   0.159500458s  INFO prepare_target{force=false package_id=proc-macro-error2 v2.0.1 target="proc_macro_error2"}: cargo::core::compiler::fingerprint: fingerprint error for proc-macro-error2 v2.0.1/Build/TargetInner { ..: lib_target("proc_macro_error2", ["lib"], "/Users/huangjiajiang/.cargo/registry/src/rsproxy.cn-e3de039b2554c837/proc-macro-error2-2.0.1/src/lib.rs", Edition2021) }
   0.159504625s  INFO prepare_target{force=false package_id=proc-macro-error2 v2.0.1 target="proc_macro_error2"}: cargo::core::compiler::fingerprint:     err: failed to read `/Volumes/Kingston/erp-domain-crate-10-final-finance-build/debug/.fingerprint/proc-macro-error2-5b47d3212d55c498/lib-proc_macro_error2`

Caused by:
    No such file or directory (os error 2)
   0.159572250s  INFO prepare_target{force=false package_id=proc-macro-error-attr2 v2.0.0 target="proc_macro_error_attr2"}: cargo::core::compiler::fingerprint: fingerprint error for proc-macro-error-attr2 v2.0.0/Build/TargetInner { for_host: true, proc_macro: true, ..: lib_target("proc_macro_error_attr2", ["proc-macro"], "/Users/huangjiajiang/.cargo/registry/src/rsproxy.cn-e3de039b2554c837/proc-macro-error-attr2-2.0.0/src/lib.rs", Edition2021) }
   0.159576250s  INFO prepare_target{force=false package_id=proc-macro-error-attr2 v2.0.0 target="proc_macro_error_attr2"}: cargo::core::compiler::fingerprint:     err: failed to read `/Volumes/Kingston/erp-domain-crate-10-final-finance-build/debug/.fingerprint/proc-macro-error-attr2-b9043a2d5e055f1d/lib-proc_macro_error_attr2`

Caused by:
    No such file or directory (os error 2)
   0.159634125s  INFO prepare_target{force=false package_id=sha2 v0.11.0 target="sha2"}: cargo::core::compiler::fingerprint: fingerprint error for sha2 v0.11.0/Build/TargetInner { ..: lib_target("sha2", ["lib"], "/Users/huangjiajiang/.cargo/registry/src/rsproxy.cn-e3de039b2554c837/sha2-0.11.0/src/lib.rs", Edition2024) }
   0.159637833s  INFO prepare_target{force=false package_id=sha2 v0.11.0 target="sha2"}: cargo::core::compiler::fingerprint:     err: failed to read `/Volumes/Kingston/erp-domain-crate-10-final-finance-build/debug/.fingerprint/sha2-62fec27dbab15b2a/lib-sha2`

Caused by:
    No such file or directory (os error 2)
   0.159706167s  INFO prepare_target{force=false package_id=cpufeatures v0.3.0 target="cpufeatures"}: cargo::core::compiler::fingerprint: fingerprint error for cpufeatures v0.3.0/Build/TargetInner { ..: lib_target("cpufeatures", ["lib"], "/Users/huangjiajiang/.cargo/registry/src/rsproxy.cn-e3de039b2554c837/cpufeatures-0.3.0/src/lib.rs", Edition2024) }
   0.159709875s  INFO prepare_target{force=false package_id=cpufeatures v0.3.0 target="cpufeatures"}: cargo::core::compiler::fingerprint:     err: failed to read `/Volumes/Kingston/erp-domain-crate-10-final-finance-build/debug/.fingerprint/cpufeatures-a77f563498e78910/lib-cpufeatures`

Caused by:
    No such file or directory (os error 2)
   0.159767667s  INFO prepare_target{force=false package_id=digest v0.11.3 target="digest"}: cargo::core::compiler::fingerprint: fingerprint error for digest v0.11.3/Build/TargetInner { ..: lib_target("digest", ["lib"], "/Users/huangjiajiang/.cargo/registry/src/rsproxy.cn-e3de039b2554c837/digest-0.11.3/src/lib.rs", Edition2024) }
   0.159771292s  INFO prepare_target{force=false package_id=digest v0.11.3 target="digest"}: cargo::core::compiler::fingerprint:     err: failed to read `/Volumes/Kingston/erp-domain-crate-10-final-finance-build/debug/.fingerprint/digest-02cb5642deb74b50/lib-digest`

Caused by:
    No such file or directory (os error 2)
   0.159837417s  INFO prepare_target{force=false package_id=block-buffer v0.12.1 target="block_buffer"}: cargo::core::compiler::fingerprint: fingerprint error for block-buffer v0.12.1/Build/TargetInner { ..: lib_target("block_buffer", ["lib"], "/Users/huangjiajiang/.cargo/registry/src/rsproxy.cn-e3de039b2554c837/block-buffer-0.12.1/src/lib.rs", Edition2024) }
   0.159841333s  INFO prepare_target{force=false package_id=block-buffer v0.12.1 target="block_buffer"}: cargo::core::compiler::fingerprint:     err: failed to read `/Volumes/Kingston/erp-domain-crate-10-final-finance-build/debug/.fingerprint/block-buffer-2669aa5b43198781/lib-block_buffer`

Caused by:
    No such file or directory (os error 2)
   0.159903125s  INFO prepare_target{force=false package_id=hybrid-array v0.4.14 target="hybrid_array"}: cargo::core::compiler::fingerprint: fingerprint error for hybrid-array v0.4.14/Build/TargetInner { ..: lib_target("hybrid_array", ["lib"], "/Users/huangjiajiang/.cargo/registry/src/rsproxy.cn-e3de039b2554c837/hybrid-array-0.4.14/src/lib.rs", Edition2024) }
   0.159906958s  INFO prepare_target{force=false package_id=hybrid-array v0.4.14 target="hybrid_array"}: cargo::core::compiler::fingerprint:     err: failed to read `/Volumes/Kingston/erp-domain-crate-10-final-finance-build/debug/.fingerprint/hybrid-array-cc9f851a0177e8f5/lib-hybrid_array`

Caused by:
    No such file or directory (os error 2)
   0.159970750s  INFO prepare_target{force=false package_id=typenum v1.20.0 target="typenum"}: cargo::core::compiler::fingerprint: fingerprint error for typenum v1.20.0/Build/TargetInner { ..: lib_target("typenum", ["lib"], "/Users/huangjiajiang/.cargo/registry/src/rsproxy.cn-e3de039b2554c837/typenum-1.20.0/src/lib.rs", Edition2018) }
   0.159974375s  INFO prepare_target{force=false package_id=typenum v1.20.0 target="typenum"}: cargo::core::compiler::fingerprint:     err: failed to read `/Volumes/Kingston/erp-domain-crate-10-final-finance-build/debug/.fingerprint/typenum-5b4d9a17e059d92e/lib-typenum`

Caused by:
    No such file or directory (os error 2)
   0.160029875s  INFO prepare_target{force=false package_id=const-oid v0.10.2 target="const_oid"}: cargo::core::compiler::fingerprint: fingerprint error for const-oid v0.10.2/Build/TargetInner { ..: lib_target("const_oid", ["lib"], "/Users/huangjiajiang/.cargo/registry/src/rsproxy.cn-e3de039b2554c837/const-oid-0.10.2/src/lib.rs", Edition2024) }
   0.160033625s  INFO prepare_target{force=false package_id=const-oid v0.10.2 target="const_oid"}: cargo::core::compiler::fingerprint:     err: failed to read `/Volumes/Kingston/erp-domain-crate-10-final-finance-build/debug/.fingerprint/const-oid-7ab7f38132712007/lib-const_oid`

Caused by:
    No such file or directory (os error 2)
   0.160086417s  INFO prepare_target{force=false package_id=crypto-common v0.2.2 target="crypto_common"}: cargo::core::compiler::fingerprint: fingerprint error for crypto-common v0.2.2/Build/TargetInner { ..: lib_target("crypto_common", ["lib"], "/Users/huangjiajiang/.cargo/registry/src/rsproxy.cn-e3de039b2554c837/crypto-common-0.2.2/src/lib.rs", Edition2024) }
   0.160090333s  INFO prepare_target{force=false package_id=crypto-common v0.2.2 target="crypto_common"}: cargo::core::compiler::fingerprint:     err: failed to read `/Volumes/Kingston/erp-domain-crate-10-final-finance-build/debug/.fingerprint/crypto-common-9f2f981613a8951d/lib-crypto_common`

Caused by:
    No such file or directory (os error 2)
   0.160153958s  INFO prepare_target{force=false package_id=ctutils v0.4.2 target="ctutils"}: cargo::core::compiler::fingerprint: fingerprint error for ctutils v0.4.2/Build/TargetInner { ..: lib_target("ctutils", ["lib"], "/Users/huangjiajiang/.cargo/registry/src/rsproxy.cn-e3de039b2554c837/ctutils-0.4.2/src/lib.rs", Edition2024) }
   0.160157917s  INFO prepare_target{force=false package_id=ctutils v0.4.2 target="ctutils"}: cargo::core::compiler::fingerprint:     err: failed to read `/Volumes/Kingston/erp-domain-crate-10-final-finance-build/debug/.fingerprint/ctutils-9ee7c9272886ca43/lib-ctutils`

Caused by:
    No such file or directory (os error 2)
   0.160214792s  INFO prepare_target{force=false package_id=cmov v0.5.4 target="cmov"}: cargo::core::compiler::fingerprint: fingerprint error for cmov v0.5.4/Build/TargetInner { ..: lib_target("cmov", ["lib"], "/Users/huangjiajiang/.cargo/registry/src/rsproxy.cn-e3de039b2554c837/cmov-0.5.4/src/lib.rs", Edition2024) }
   0.160218417s  INFO prepare_target{force=false package_id=cmov v0.5.4 target="cmov"}: cargo::core::compiler::fingerprint:     err: failed to read `/Volumes/Kingston/erp-domain-crate-10-final-finance-build/debug/.fingerprint/cmov-d40e85f12fcdf90e/lib-cmov`

Caused by:
    No such file or directory (os error 2)
   0.160284833s  INFO prepare_target{force=false package_id=tokio v1.53.1 target="tokio"}: cargo::core::compiler::fingerprint: fingerprint error for tokio v1.53.1/Build/TargetInner { ..: lib_target("tokio", ["lib"], "/Users/huangjiajiang/.cargo/registry/src/rsproxy.cn-e3de039b2554c837/tokio-1.53.1/src/lib.rs", Edition2021) }
   0.160288500s  INFO prepare_target{force=false package_id=tokio v1.53.1 target="tokio"}: cargo::core::compiler::fingerprint:     err: failed to read `/Volumes/Kingston/erp-domain-crate-10-final-finance-build/debug/.fingerprint/tokio-1bc7167b86c2a5cf/lib-tokio`

Caused by:
    No such file or directory (os error 2)
   0.160370833s  INFO prepare_target{force=false package_id=bytes v1.11.1 target="bytes"}: cargo::core::compiler::fingerprint: fingerprint error for bytes v1.11.1/Build/TargetInner { ..: lib_target("bytes", ["lib"], "/Users/huangjiajiang/.cargo/registry/src/rsproxy.cn-e3de039b2554c837/bytes-1.11.1/src/lib.rs", Edition2021) }
   0.160374333s  INFO prepare_target{force=false package_id=bytes v1.11.1 target="bytes"}: cargo::core::compiler::fingerprint:     err: failed to read `/Volumes/Kingston/erp-domain-crate-10-final-finance-build/debug/.fingerprint/bytes-99c790d88a17ff87/lib-bytes`

Caused by:
    No such file or directory (os error 2)
   0.160431708s  INFO prepare_target{force=false package_id=mio v1.2.0 target="mio"}: cargo::core::compiler::fingerprint: fingerprint error for mio v1.2.0/Build/TargetInner { ..: lib_target("mio", ["lib"], "/Users/huangjiajiang/.cargo/registry/src/rsproxy.cn-e3de039b2554c837/mio-1.2.0/src/lib.rs", Edition2021) }
   0.160435208s  INFO prepare_target{force=false package_id=mio v1.2.0 target="mio"}: cargo::core::compiler::fingerprint:     err: failed to read `/Volumes/Kingston/erp-domain-crate-10-final-finance-build/debug/.fingerprint/mio-b1d90035b6622705/lib-mio`

Caused by:
    No such file or directory (os error 2)
   0.160505667s  INFO prepare_target{force=false package_id=pin-project-lite v0.2.17 target="pin_project_lite"}: cargo::core::compiler::fingerprint: fingerprint error for pin-project-lite v0.2.17/Build/TargetInner { doc_scrape_examples: Disabled, ..: lib_target("pin_project_lite", ["lib"], "/Users/huangjiajiang/.cargo/registry/src/rsproxy.cn-e3de039b2554c837/pin-project-lite-0.2.17/src/lib.rs", Edition2018) }
   0.160509667s  INFO prepare_target{force=false package_id=pin-project-lite v0.2.17 target="pin_project_lite"}: cargo::core::compiler::fingerprint:     err: failed to read `/Volumes/Kingston/erp-domain-crate-10-final-finance-build/debug/.fingerprint/pin-project-lite-f44af139956c9615/lib-pin_project_lite`

Caused by:
    No such file or directory (os error 2)
   0.160570458s  INFO prepare_target{force=false package_id=signal-hook-registry v1.4.8 target="signal_hook_registry"}: cargo::core::compiler::fingerprint: fingerprint error for signal-hook-registry v1.4.8/Build/TargetInner { ..: lib_target("signal_hook_registry", ["lib"], "/Users/huangjiajiang/.cargo/registry/src/rsproxy.cn-e3de039b2554c837/signal-hook-registry-1.4.8/src/lib.rs", Edition2015) }
   0.160574250s  INFO prepare_target{force=false package_id=signal-hook-registry v1.4.8 target="signal_hook_registry"}: cargo::core::compiler::fingerprint:     err: failed to read `/Volumes/Kingston/erp-domain-crate-10-final-finance-build/debug/.fingerprint/signal-hook-registry-10a020b4236c5fc1/lib-signal_hook_registry`

Caused by:
    No such file or directory (os error 2)
   0.160635125s  INFO prepare_target{force=false package_id=errno v0.3.14 target="errno"}: cargo::core::compiler::fingerprint: fingerprint error for errno v0.3.14/Build/TargetInner { ..: lib_target("errno", ["lib"], "/Users/huangjiajiang/.cargo/registry/src/rsproxy.cn-e3de039b2554c837/errno-0.3.14/src/lib.rs", Edition2018) }
   0.160638708s  INFO prepare_target{force=false package_id=errno v0.3.14 target="errno"}: cargo::core::compiler::fingerprint:     err: failed to read `/Volumes/Kingston/erp-domain-crate-10-final-finance-build/debug/.fingerprint/errno-90acff3873e9a943/lib-errno`

Caused by:
    No such file or directory (os error 2)
   0.160700750s  INFO prepare_target{force=false package_id=socket2 v0.6.3 target="socket2"}: cargo::core::compiler::fingerprint: fingerprint error for socket2 v0.6.3/Build/TargetInner { ..: lib_target("socket2", ["lib"], "/Users/huangjiajiang/.cargo/registry/src/rsproxy.cn-e3de039b2554c837/socket2-0.6.3/src/lib.rs", Edition2021) }
   0.160704125s  INFO prepare_target{force=false package_id=socket2 v0.6.3 target="socket2"}: cargo::core::compiler::fingerprint:     err: failed to read `/Volumes/Kingston/erp-domain-crate-10-final-finance-build/debug/.fingerprint/socket2-ed16b16ca757d053/lib-socket2`

Caused by:
    No such file or directory (os error 2)
   0.160764833s  INFO prepare_target{force=false package_id=tokio-macros v2.7.0 target="tokio_macros"}: cargo::core::compiler::fingerprint: fingerprint error for tokio-macros v2.7.0/Build/TargetInner { for_host: true, proc_macro: true, ..: lib_target("tokio_macros", ["proc-macro"], "/Users/huangjiajiang/.cargo/registry/src/rsproxy.cn-e3de039b2554c837/tokio-macros-2.7.0/src/lib.rs", Edition2021) }
   0.160768708s  INFO prepare_target{force=false package_id=tokio-macros v2.7.0 target="tokio_macros"}: cargo::core::compiler::fingerprint:     err: failed to read `/Volumes/Kingston/erp-domain-crate-10-final-finance-build/debug/.fingerprint/tokio-macros-ff4342356c0e14f5/lib-tokio_macros`

Caused by:
    No such file or directory (os error 2)
   0.160834583s  INFO prepare_target{force=false package_id=tracing v0.1.44 target="tracing"}: cargo::core::compiler::fingerprint: fingerprint error for tracing v0.1.44/Build/TargetInner { ..: lib_target("tracing", ["lib"], "/Users/huangjiajiang/.cargo/registry/src/rsproxy.cn-e3de039b2554c837/tracing-0.1.44/src/lib.rs", Edition2018) }
   0.160838125s  INFO prepare_target{force=false package_id=tracing v0.1.44 target="tracing"}: cargo::core::compiler::fingerprint:     err: failed to read `/Volumes/Kingston/erp-domain-crate-10-final-finance-build/debug/.fingerprint/tracing-fcbbfff66ae81d3e/lib-tracing`

Caused by:
    No such file or directory (os error 2)
   0.160908792s  INFO prepare_target{force=false package_id=log v0.4.29 target="log"}: cargo::core::compiler::fingerprint: fingerprint error for log v0.4.29/Build/TargetInner { ..: lib_target("log", ["lib"], "/Users/huangjiajiang/.cargo/registry/src/rsproxy.cn-e3de039b2554c837/log-0.4.29/src/lib.rs", Edition2021) }
   0.160912333s  INFO prepare_target{force=false package_id=log v0.4.29 target="log"}: cargo::core::compiler::fingerprint:     err: failed to read `/Volumes/Kingston/erp-domain-crate-10-final-finance-build/debug/.fingerprint/log-b67a14a25ffd56a4/lib-log`

Caused by:
    No such file or directory (os error 2)
   0.160973625s  INFO prepare_target{force=false package_id=tracing-attributes v0.1.31 target="tracing_attributes"}: cargo::core::compiler::fingerprint: fingerprint error for tracing-attributes v0.1.31/Build/TargetInner { for_host: true, proc_macro: true, ..: lib_target("tracing_attributes", ["proc-macro"], "/Users/huangjiajiang/.cargo/registry/src/rsproxy.cn-e3de039b2554c837/tracing-attributes-0.1.31/src/lib.rs", Edition2018) }
   0.160977667s  INFO prepare_target{force=false package_id=tracing-attributes v0.1.31 target="tracing_attributes"}: cargo::core::compiler::fingerprint:     err: failed to read `/Volumes/Kingston/erp-domain-crate-10-final-finance-build/debug/.fingerprint/tracing-attributes-00b9c2331d93faa5/lib-tracing_attributes`

Caused by:
    No such file or directory (os error 2)
   0.161041125s  INFO prepare_target{force=false package_id=tracing-core v0.1.36 target="tracing_core"}: cargo::core::compiler::fingerprint: fingerprint error for tracing-core v0.1.36/Build/TargetInner { ..: lib_target("tracing_core", ["lib"], "/Users/huangjiajiang/.cargo/registry/src/rsproxy.cn-e3de039b2554c837/tracing-core-0.1.36/src/lib.rs", Edition2018) }
   0.161045125s  INFO prepare_target{force=false package_id=tracing-core v0.1.36 target="tracing_core"}: cargo::core::compiler::fingerprint:     err: failed to read `/Volumes/Kingston/erp-domain-crate-10-final-finance-build/debug/.fingerprint/tracing-core-7a89d951b71e1c8c/lib-tracing_core`

Caused by:
    No such file or directory (os error 2)
   0.161113125s  INFO prepare_target{force=false package_id=async-trait v0.1.92 target="async_trait"}: cargo::core::compiler::fingerprint: fingerprint error for async-trait v0.1.92/Build/TargetInner { for_host: true, proc_macro: true, ..: lib_target("async_trait", ["proc-macro"], "/Users/huangjiajiang/.cargo/registry/src/rsproxy.cn-e3de039b2554c837/async-trait-0.1.92/src/lib.rs", Edition2021) }
   0.161116792s  INFO prepare_target{force=false package_id=async-trait v0.1.92 target="async_trait"}: cargo::core::compiler::fingerprint:     err: failed to read `/Volumes/Kingston/erp-domain-crate-10-final-finance-build/debug/.fingerprint/async-trait-8e29fbacdd031605/lib-async_trait`

Caused by:
    No such file or directory (os error 2)
   0.161181458s  INFO prepare_target{force=false package_id=axum v0.8.9 target="axum"}: cargo::core::compiler::fingerprint: fingerprint error for axum v0.8.9/Build/TargetInner { ..: lib_target("axum", ["lib"], "/Users/huangjiajiang/.cargo/registry/src/rsproxy.cn-e3de039b2554c837/axum-0.8.9/src/lib.rs", Edition2021) }
   0.161184792s  INFO prepare_target{force=false package_id=axum v0.8.9 target="axum"}: cargo::core::compiler::fingerprint:     err: failed to read `/Volumes/Kingston/erp-domain-crate-10-final-finance-build/debug/.fingerprint/axum-ee209eceddfd4990/lib-axum`

Caused by:
    No such file or directory (os error 2)
   0.161349917s  INFO prepare_target{force=false package_id=axum-core v0.5.6 target="axum_core"}: cargo::core::compiler::fingerprint: fingerprint error for axum-core v0.5.6/Build/TargetInner { ..: lib_target("axum_core", ["lib"], "/Users/huangjiajiang/.cargo/registry/src/rsproxy.cn-e3de039b2554c837/axum-core-0.5.6/src/lib.rs", Edition2021) }
   0.161353625s  INFO prepare_target{force=false package_id=axum-core v0.5.6 target="axum_core"}: cargo::core::compiler::fingerprint:     err: failed to read `/Volumes/Kingston/erp-domain-crate-10-final-finance-build/debug/.fingerprint/axum-core-37c8aa022637a35a/lib-axum_core`

Caused by:
    No such file or directory (os error 2)
   0.161438583s  INFO prepare_target{force=false package_id=futures-core v0.3.34 target="futures_core"}: cargo::core::compiler::fingerprint: fingerprint error for futures-core v0.3.34/Build/TargetInner { ..: lib_target("futures_core", ["lib"], "/Users/huangjiajiang/.cargo/registry/src/rsproxy.cn-e3de039b2554c837/futures-core-0.3.34/src/lib.rs", Edition2018) }
   0.161442458s  INFO prepare_target{force=false package_id=futures-core v0.3.34 target="futures_core"}: cargo::core::compiler::fingerprint:     err: failed to read `/Volumes/Kingston/erp-domain-crate-10-final-finance-build/debug/.fingerprint/futures-core-5c0a89a6fc69b3a6/lib-futures_core`

Caused by:
    No such file or directory (os error 2)
   0.161500750s  INFO prepare_target{force=false package_id=http v1.4.0 target="http"}: cargo::core::compiler::fingerprint: fingerprint error for http v1.4.0/Build/TargetInner { ..: lib_target("http", ["lib"], "/Users/huangjiajiang/.cargo/registry/src/rsproxy.cn-e3de039b2554c837/http-1.4.0/src/lib.rs", Edition2021) }
   0.161504208s  INFO prepare_target{force=false package_id=http v1.4.0 target="http"}: cargo::core::compiler::fingerprint:     err: failed to read `/Volumes/Kingston/erp-domain-crate-10-final-finance-build/debug/.fingerprint/http-d9d8f8f8fb696bf1/lib-http`

Caused by:
    No such file or directory (os error 2)
   0.161555333s  INFO prepare_target{force=false package_id=http-body v1.0.1 target="http_body"}: cargo::core::compiler::fingerprint: fingerprint error for http-body v1.0.1/Build/TargetInner { ..: lib_target("http_body", ["lib"], "/Users/huangjiajiang/.cargo/registry/src/rsproxy.cn-e3de039b2554c837/http-body-1.0.1/src/lib.rs", Edition2018) }
   0.161558875s  INFO prepare_target{force=false package_id=http-body v1.0.1 target="http_body"}: cargo::core::compiler::fingerprint:     err: failed to read `/Volumes/Kingston/erp-domain-crate-10-final-finance-build/debug/.fingerprint/http-body-5d909804ce867137/lib-http_body`

Caused by:
    No such file or directory (os error 2)
   0.161623208s  INFO prepare_target{force=false package_id=http-body-util v0.1.3 target="http_body_util"}: cargo::core::compiler::fingerprint: fingerprint error for http-body-util v0.1.3/Build/TargetInner { ..: lib_target("http_body_util", ["lib"], "/Users/huangjiajiang/.cargo/registry/src/rsproxy.cn-e3de039b2554c837/http-body-util-0.1.3/src/lib.rs", Edition2018) }
   0.161627042s  INFO prepare_target{force=false package_id=http-body-util v0.1.3 target="http_body_util"}: cargo::core::compiler::fingerprint:     err: failed to read `/Volumes/Kingston/erp-domain-crate-10-final-finance-build/debug/.fingerprint/http-body-util-5267e6e6466b1e0a/lib-http_body_util`

Caused by:
    No such file or directory (os error 2)
   0.161690917s  INFO prepare_target{force=false package_id=mime v0.3.17 target="mime"}: cargo::core::compiler::fingerprint: fingerprint error for mime v0.3.17/Build/TargetInner { name_inferred: true, ..: lib_target("mime", ["lib"], "/Users/huangjiajiang/.cargo/registry/src/rsproxy.cn-e3de039b2554c837/mime-0.3.17/src/lib.rs", Edition2015) }
   0.161694708s  INFO prepare_target{force=false package_id=mime v0.3.17 target="mime"}: cargo::core::compiler::fingerprint:     err: failed to read `/Volumes/Kingston/erp-domain-crate-10-final-finance-build/debug/.fingerprint/mime-859823a140a510f6/lib-mime`

Caused by:
    No such file or directory (os error 2)
   0.161755625s  INFO prepare_target{force=false package_id=sync_wrapper v1.0.2 target="sync_wrapper"}: cargo::core::compiler::fingerprint: fingerprint error for sync_wrapper v1.0.2/Build/TargetInner { name_inferred: true, ..: lib_target("sync_wrapper", ["lib"], "/Users/huangjiajiang/.cargo/registry/src/rsproxy.cn-e3de039b2554c837/sync_wrapper-1.0.2/src/lib.rs", Edition2021) }
   0.161759333s  INFO prepare_target{force=false package_id=sync_wrapper v1.0.2 target="sync_wrapper"}: cargo::core::compiler::fingerprint:     err: failed to read `/Volumes/Kingston/erp-domain-crate-10-final-finance-build/debug/.fingerprint/sync_wrapper-4ff8eb4b4f9e4f34/lib-sync_wrapper`

Caused by:
    No such file or directory (os error 2)
   0.161811208s  INFO prepare_target{force=false package_id=tower-layer v0.3.3 target="tower_layer"}: cargo::core::compiler::fingerprint: fingerprint error for tower-layer v0.3.3/Build/TargetInner { ..: lib_target("tower_layer", ["lib"], "/Users/huangjiajiang/.cargo/registry/src/rsproxy.cn-e3de039b2554c837/tower-layer-0.3.3/src/lib.rs", Edition2018) }
   0.161814958s  INFO prepare_target{force=false package_id=tower-layer v0.3.3 target="tower_layer"}: cargo::core::compiler::fingerprint:     err: failed to read `/Volumes/Kingston/erp-domain-crate-10-final-finance-build/debug/.fingerprint/tower-layer-12a129a1501545e2/lib-tower_layer`

Caused by:
    No such file or directory (os error 2)
   0.161876333s  INFO prepare_target{force=false package_id=tower-service v0.3.3 target="tower_service"}: cargo::core::compiler::fingerprint: fingerprint error for tower-service v0.3.3/Build/TargetInner { ..: lib_target("tower_service", ["lib"], "/Users/huangjiajiang/.cargo/registry/src/rsproxy.cn-e3de039b2554c837/tower-service-0.3.3/src/lib.rs", Edition2018) }
   0.161879917s  INFO prepare_target{force=false package_id=tower-service v0.3.3 target="tower_service"}: cargo::core::compiler::fingerprint:     err: failed to read `/Volumes/Kingston/erp-domain-crate-10-final-finance-build/debug/.fingerprint/tower-service-83e587bbb4f66acb/lib-tower_service`

Caused by:
    No such file or directory (os error 2)
   0.161933167s  INFO prepare_target{force=false package_id=axum-macros v0.5.1 target="axum_macros"}: cargo::core::compiler::fingerprint: fingerprint error for axum-macros v0.5.1/Build/TargetInner { for_host: true, proc_macro: true, ..: lib_target("axum_macros", ["proc-macro"], "/Users/huangjiajiang/.cargo/registry/src/rsproxy.cn-e3de039b2554c837/axum-macros-0.5.1/src/lib.rs", Edition2021) }
   0.161937042s  INFO prepare_target{force=false package_id=axum-macros v0.5.1 target="axum_macros"}: cargo::core::compiler::fingerprint:     err: failed to read `/Volumes/Kingston/erp-domain-crate-10-final-finance-build/debug/.fingerprint/axum-macros-02f7c57dab61a53a/lib-axum_macros`

Caused by:
    No such file or directory (os error 2)
   0.161999958s  INFO prepare_target{force=false package_id=futures-util v0.3.34 target="futures_util"}: cargo::core::compiler::fingerprint: fingerprint error for futures-util v0.3.34/Build/TargetInner { ..: lib_target("futures_util", ["lib"], "/Users/huangjiajiang/.cargo/registry/src/rsproxy.cn-e3de039b2554c837/futures-util-0.3.34/src/lib.rs", Edition2018) }
   0.162003708s  INFO prepare_target{force=false package_id=futures-util v0.3.34 target="futures_util"}: cargo::core::compiler::fingerprint:     err: failed to read `/Volumes/Kingston/erp-domain-crate-10-final-finance-build/debug/.fingerprint/futures-util-320e6aab3d29346b/lib-futures_util`

Caused by:
    No such file or directory (os error 2)
   0.162079833s  INFO prepare_target{force=false package_id=futures-channel v0.3.34 target="futures_channel"}: cargo::core::compiler::fingerprint: fingerprint error for futures-channel v0.3.34/Build/TargetInner { ..: lib_target("futures_channel", ["lib"], "/Users/huangjiajiang/.cargo/registry/src/rsproxy.cn-e3de039b2554c837/futures-channel-0.3.34/src/lib.rs", Edition2018) }
   0.162083417s  INFO prepare_target{force=false package_id=futures-channel v0.3.34 target="futures_channel"}: cargo::core::compiler::fingerprint:     err: failed to read `/Volumes/Kingston/erp-domain-crate-10-final-finance-build/debug/.fingerprint/futures-channel-040d5e6033b34f64/lib-futures_channel`

Caused by:
    No such file or directory (os error 2)
   0.162139792s  INFO prepare_target{force=false package_id=futures-sink v0.3.34 target="futures_sink"}: cargo::core::compiler::fingerprint: fingerprint error for futures-sink v0.3.34/Build/TargetInner { ..: lib_target("futures_sink", ["lib"], "/Users/huangjiajiang/.cargo/registry/src/rsproxy.cn-e3de039b2554c837/futures-sink-0.3.34/src/lib.rs", Edition2018) }
   0.162143250s  INFO prepare_target{force=false package_id=futures-sink v0.3.34 target="futures_sink"}: cargo::core::compiler::fingerprint:     err: failed to read `/Volumes/Kingston/erp-domain-crate-10-final-finance-build/debug/.fingerprint/futures-sink-4fcaab346f1172ae/lib-futures_sink`

Caused by:
    No such file or directory (os error 2)
   0.162197417s  INFO prepare_target{force=false package_id=futures-io v0.3.34 target="futures_io"}: cargo::core::compiler::fingerprint: fingerprint error for futures-io v0.3.34/Build/TargetInner { ..: lib_target("futures_io", ["lib"], "/Users/huangjiajiang/.cargo/registry/src/rsproxy.cn-e3de039b2554c837/futures-io-0.3.34/src/lib.rs", Edition2018) }
   0.162200958s  INFO prepare_target{force=false package_id=futures-io v0.3.34 target="futures_io"}: cargo::core::compiler::fingerprint:     err: failed to read `/Volumes/Kingston/erp-domain-crate-10-final-finance-build/debug/.fingerprint/futures-io-9a5e634b4aa3348c/lib-futures_io`

Caused by:
    No such file or directory (os error 2)
   0.162253583s  INFO prepare_target{force=false package_id=futures-macro v0.3.34 target="futures_macro"}: cargo::core::compiler::fingerprint: fingerprint error for futures-macro v0.3.34/Build/TargetInner { for_host: true, proc_macro: true, ..: lib_target("futures_macro", ["proc-macro"], "/Users/huangjiajiang/.cargo/registry/src/rsproxy.cn-e3de039b2554c837/futures-macro-0.3.34/src/lib.rs", Edition2018) }
   0.162257417s  INFO prepare_target{force=false package_id=futures-macro v0.3.34 target="futures_macro"}: cargo::core::compiler::fingerprint:     err: failed to read `/Volumes/Kingston/erp-domain-crate-10-final-finance-build/debug/.fingerprint/futures-macro-f3b7b7194c15e315/lib-futures_macro`

Caused by:
    No such file or directory (os error 2)
   0.162314250s  INFO prepare_target{force=false package_id=futures-task v0.3.34 target="futures_task"}: cargo::core::compiler::fingerprint: fingerprint error for futures-task v0.3.34/Build/TargetInner { ..: lib_target("futures_task", ["lib"], "/Users/huangjiajiang/.cargo/registry/src/rsproxy.cn-e3de039b2554c837/futures-task-0.3.34/src/lib.rs", Edition2018) }
   0.162317792s  INFO prepare_target{force=false package_id=futures-task v0.3.34 target="futures_task"}: cargo::core::compiler::fingerprint:     err: failed to read `/Volumes/Kingston/erp-domain-crate-10-final-finance-build/debug/.fingerprint/futures-task-f67c5e9258f76c4d/lib-futures_task`

Caused by:
    No such file or directory (os error 2)
   0.162370750s  INFO prepare_target{force=false package_id=slab v0.4.12 target="slab"}: cargo::core::compiler::fingerprint: fingerprint error for slab v0.4.12/Build/TargetInner { ..: lib_target("slab", ["lib"], "/Users/huangjiajiang/.cargo/registry/src/rsproxy.cn-e3de039b2554c837/slab-0.4.12/src/lib.rs", Edition2018) }
   0.162374208s  INFO prepare_target{force=false package_id=slab v0.4.12 target="slab"}: cargo::core::compiler::fingerprint:     err: failed to read `/Volumes/Kingston/erp-domain-crate-10-final-finance-build/debug/.fingerprint/slab-7738b2fc43c392bc/lib-slab`

Caused by:
    No such file or directory (os error 2)
   0.162425625s  INFO prepare_target{force=false package_id=hyper v1.9.0 target="hyper"}: cargo::core::compiler::fingerprint: fingerprint error for hyper v1.9.0/Build/TargetInner { ..: lib_target("hyper", ["lib"], "/Users/huangjiajiang/.cargo/registry/src/rsproxy.cn-e3de039b2554c837/hyper-1.9.0/src/lib.rs", Edition2021) }
   0.162429000s  INFO prepare_target{force=false package_id=hyper v1.9.0 target="hyper"}: cargo::core::compiler::fingerprint:     err: failed to read `/Volumes/Kingston/erp-domain-crate-10-final-finance-build/debug/.fingerprint/hyper-9480750fc9cfb02a/lib-hyper`

Caused by:
    No such file or directory (os error 2)
   0.162515333s  INFO prepare_target{force=false package_id=atomic-waker v1.1.2 target="atomic_waker"}: cargo::core::compiler::fingerprint: fingerprint error for atomic-waker v1.1.2/Build/TargetInner { name_inferred: true, ..: lib_target("atomic_waker", ["lib"], "/Users/huangjiajiang/.cargo/registry/src/rsproxy.cn-e3de039b2554c837/atomic-waker-1.1.2/src/lib.rs", Edition2018) }
   0.162519000s  INFO prepare_target{force=false package_id=atomic-waker v1.1.2 target="atomic_waker"}: cargo::core::compiler::fingerprint:     err: failed to read `/Volumes/Kingston/erp-domain-crate-10-final-finance-build/debug/.fingerprint/atomic-waker-2f37fcfce057da16/lib-atomic_waker`

Caused by:
    No such file or directory (os error 2)
   0.162570750s  INFO prepare_target{force=false package_id=h2 v0.4.14 target="h2"}: cargo::core::compiler::fingerprint: fingerprint error for h2 v0.4.14/Build/TargetInner { ..: lib_target("h2", ["lib"], "/Users/huangjiajiang/.cargo/registry/src/rsproxy.cn-e3de039b2554c837/h2-0.4.14/src/lib.rs", Edition2021) }
   0.162574208s  INFO prepare_target{force=false package_id=h2 v0.4.14 target="h2"}: cargo::core::compiler::fingerprint:     err: failed to read `/Volumes/Kingston/erp-domain-crate-10-final-finance-build/debug/.fingerprint/h2-24fd7a290887812a/lib-h2`

Caused by:
    No such file or directory (os error 2)
   0.162650708s  INFO prepare_target{force=false package_id=tokio-util v0.7.18 target="tokio_util"}: cargo::core::compiler::fingerprint: fingerprint error for tokio-util v0.7.18/Build/TargetInner { ..: lib_target("tokio_util", ["lib"], "/Users/huangjiajiang/.cargo/registry/src/rsproxy.cn-e3de039b2554c837/tokio-util-0.7.18/src/lib.rs", Edition2021) }
   0.162654292s  INFO prepare_target{force=false package_id=tokio-util v0.7.18 target="tokio_util"}: cargo::core::compiler::fingerprint:     err: failed to read `/Volumes/Kingston/erp-domain-crate-10-final-finance-build/debug/.fingerprint/tokio-util-fe6c169ba9cc2ae7/lib-tokio_util`

Caused by:
    No such file or directory (os error 2)
   0.162725000s  INFO prepare_target{force=false package_id=httparse v1.10.1 target="httparse"}: cargo::core::compiler::fingerprint: fingerprint error for httparse v1.10.1/Build/TargetInner { benched: false, ..: lib_target("httparse", ["lib"], "/Users/huangjiajiang/.cargo/registry/src/rsproxy.cn-e3de039b2554c837/httparse-1.10.1/src/lib.rs", Edition2018) }
   0.162728417s  INFO prepare_target{force=false package_id=httparse v1.10.1 target="httparse"}: cargo::core::compiler::fingerprint:     err: failed to read `/Volumes/Kingston/erp-domain-crate-10-final-finance-build/debug/.fingerprint/httparse-fac2c11933c926b5/lib-httparse`

Caused by:
    No such file or directory (os error 2)
   0.162900167s  INFO prepare_target{force=false package_id=httparse v1.10.1 target="build-script-build"}: cargo::core::compiler::fingerprint: fingerprint error for httparse v1.10.1/RunCustomBuild/TargetInner { ..: custom_build_target("build-script-build", "/Users/huangjiajiang/.cargo/registry/src/rsproxy.cn-e3de039b2554c837/httparse-1.10.1/build.rs", Edition2018) }
   0.162903750s  INFO prepare_target{force=false package_id=httparse v1.10.1 target="build-script-build"}: cargo::core::compiler::fingerprint:     err: failed to read `/Volumes/Kingston/erp-domain-crate-10-final-finance-build/debug/.fingerprint/httparse-8b4d1e76e908294b/run-build-script-build-script-build`

Caused by:
    No such file or directory (os error 2)
   0.162943958s  INFO prepare_target{force=false package_id=httparse v1.10.1 target="build-script-build"}: cargo::core::compiler::fingerprint: fingerprint error for httparse v1.10.1/Build/TargetInner { ..: custom_build_target("build-script-build", "/Users/huangjiajiang/.cargo/registry/src/rsproxy.cn-e3de039b2554c837/httparse-1.10.1/build.rs", Edition2018) }
   0.162947667s  INFO prepare_target{force=false package_id=httparse v1.10.1 target="build-script-build"}: cargo::core::compiler::fingerprint:     err: failed to read `/Volumes/Kingston/erp-domain-crate-10-final-finance-build/debug/.fingerprint/httparse-6aeb5cf089a31191/build-script-build-script-build`

Caused by:
    No such file or directory (os error 2)
   0.162994542s  INFO prepare_target{force=false package_id=httpdate v1.0.3 target="httpdate"}: cargo::core::compiler::fingerprint: fingerprint error for httpdate v1.0.3/Build/TargetInner { name_inferred: true, ..: lib_target("httpdate", ["lib"], "/Users/huangjiajiang/.cargo/registry/src/rsproxy.cn-e3de039b2554c837/httpdate-1.0.3/src/lib.rs", Edition2021) }
   0.162998250s  INFO prepare_target{force=false package_id=httpdate v1.0.3 target="httpdate"}: cargo::core::compiler::fingerprint:     err: failed to read `/Volumes/Kingston/erp-domain-crate-10-final-finance-build/debug/.fingerprint/httpdate-a7340b3033fa4f5d/lib-httpdate`

Caused by:
    No such file or directory (os error 2)
   0.163054167s  INFO prepare_target{force=false package_id=want v0.3.1 target="want"}: cargo::core::compiler::fingerprint: fingerprint error for want v0.3.1/Build/TargetInner { name_inferred: true, ..: lib_target("want", ["lib"], "/Users/huangjiajiang/.cargo/registry/src/rsproxy.cn-e3de039b2554c837/want-0.3.1/src/lib.rs", Edition2018) }
   0.163057750s  INFO prepare_target{force=false package_id=want v0.3.1 target="want"}: cargo::core::compiler::fingerprint:     err: failed to read `/Volumes/Kingston/erp-domain-crate-10-final-finance-build/debug/.fingerprint/want-664f4ba2076fabd5/lib-want`

Caused by:
    No such file or directory (os error 2)
   0.163114833s  INFO prepare_target{force=false package_id=try-lock v0.2.5 target="try_lock"}: cargo::core::compiler::fingerprint: fingerprint error for try-lock v0.2.5/Build/TargetInner { name_inferred: true, ..: lib_target("try_lock", ["lib"], "/Users/huangjiajiang/.cargo/registry/src/rsproxy.cn-e3de039b2554c837/try-lock-0.2.5/src/lib.rs", Edition2015) }
   0.163118125s  INFO prepare_target{force=false package_id=try-lock v0.2.5 target="try_lock"}: cargo::core::compiler::fingerprint:     err: failed to read `/Volumes/Kingston/erp-domain-crate-10-final-finance-build/debug/.fingerprint/try-lock-ab05e7a99587d525/lib-try_lock`

Caused by:
    No such file or directory (os error 2)
   0.163185625s  INFO prepare_target{force=false package_id=hyper-util v0.1.20 target="hyper_util"}: cargo::core::compiler::fingerprint: fingerprint error for hyper-util v0.1.20/Build/TargetInner { ..: lib_target("hyper_util", ["lib"], "/Users/huangjiajiang/.cargo/registry/src/rsproxy.cn-e3de039b2554c837/hyper-util-0.1.20/src/lib.rs", Edition2021) }
   0.163189292s  INFO prepare_target{force=false package_id=hyper-util v0.1.20 target="hyper_util"}: cargo::core::compiler::fingerprint:     err: failed to read `/Volumes/Kingston/erp-domain-crate-10-final-finance-build/debug/.fingerprint/hyper-util-fce2ca0e833d9991/lib-hyper_util`

Caused by:
    No such file or directory (os error 2)
   0.163288917s  INFO prepare_target{force=false package_id=ipnet v2.12.0 target="ipnet"}: cargo::core::compiler::fingerprint: fingerprint error for ipnet v2.12.0/Build/TargetInner { ..: lib_target("ipnet", ["lib"], "/Users/huangjiajiang/.cargo/registry/src/rsproxy.cn-e3de039b2554c837/ipnet-2.12.0/src/lib.rs", Edition2018) }
   0.163292375s  INFO prepare_target{force=false package_id=ipnet v2.12.0 target="ipnet"}: cargo::core::compiler::fingerprint:     err: failed to read `/Volumes/Kingston/erp-domain-crate-10-final-finance-build/debug/.fingerprint/ipnet-40e44af4b031b267/lib-ipnet`

Caused by:
    No such file or directory (os error 2)
   0.163363458s  INFO prepare_target{force=false package_id=matchit v0.8.4 target="matchit"}: cargo::core::compiler::fingerprint: fingerprint error for matchit v0.8.4/Build/TargetInner { name_inferred: true, ..: lib_target("matchit", ["lib"], "/Users/huangjiajiang/.cargo/registry/src/rsproxy.cn-e3de039b2554c837/matchit-0.8.4/src/lib.rs", Edition2021) }
   0.163367125s  INFO prepare_target{force=false package_id=matchit v0.8.4 target="matchit"}: cargo::core::compiler::fingerprint:     err: failed to read `/Volumes/Kingston/erp-domain-crate-10-final-finance-build/debug/.fingerprint/matchit-21463c095d1b2a31/lib-matchit`

Caused by:
    No such file or directory (os error 2)
   0.163426333s  INFO prepare_target{force=false package_id=multer v3.1.0 target="multer"}: cargo::core::compiler::fingerprint: fingerprint error for multer v3.1.0/Build/TargetInner { ..: lib_target("multer", ["lib"], "/Users/huangjiajiang/.cargo/registry/src/rsproxy.cn-e3de039b2554c837/multer-3.1.0/src/lib.rs", Edition2018) }
   0.163429708s  INFO prepare_target{force=false package_id=multer v3.1.0 target="multer"}: cargo::core::compiler::fingerprint:     err: failed to read `/Volumes/Kingston/erp-domain-crate-10-final-finance-build/debug/.fingerprint/multer-804db275ac5b7cee/lib-multer`

Caused by:
    No such file or directory (os error 2)
   0.163506667s  INFO prepare_target{force=false package_id=encoding_rs v0.8.35 target="encoding_rs"}: cargo::core::compiler::fingerprint: fingerprint error for encoding_rs v0.8.35/Build/TargetInner { ..: lib_target("encoding_rs", ["lib"], "/Users/huangjiajiang/.cargo/registry/src/rsproxy.cn-e3de039b2554c837/encoding_rs-0.8.35/src/lib.rs", Edition2018) }
   0.163510375s  INFO prepare_target{force=false package_id=encoding_rs v0.8.35 target="encoding_rs"}: cargo::core::compiler::fingerprint:     err: failed to read `/Volumes/Kingston/erp-domain-crate-10-final-finance-build/debug/.fingerprint/encoding_rs-fed4fa0bb5d2135b/lib-encoding_rs`

Caused by:
    No such file or directory (os error 2)
   0.163687625s  INFO prepare_target{force=false package_id=multer v3.1.0 target="build-script-build"}: cargo::core::compiler::fingerprint: fingerprint error for multer v3.1.0/RunCustomBuild/TargetInner { ..: custom_build_target("build-script-build", "/Users/huangjiajiang/.cargo/registry/src/rsproxy.cn-e3de039b2554c837/multer-3.1.0/build.rs", Edition2018) }
   0.163691167s  INFO prepare_target{force=false package_id=multer v3.1.0 target="build-script-build"}: cargo::core::compiler::fingerprint:     err: failed to read `/Volumes/Kingston/erp-domain-crate-10-final-finance-build/debug/.fingerprint/multer-327e9a50cac2604f/run-build-script-build-script-build`

Caused by:
    No such file or directory (os error 2)
   0.163725042s  INFO prepare_target{force=false package_id=multer v3.1.0 target="build-script-build"}: cargo::core::compiler::fingerprint: fingerprint error for multer v3.1.0/Build/TargetInner { ..: custom_build_target("build-script-build", "/Users/huangjiajiang/.cargo/registry/src/rsproxy.cn-e3de039b2554c837/multer-3.1.0/build.rs", Edition2018) }
   0.163728458s  INFO prepare_target{force=false package_id=multer v3.1.0 target="build-script-build"}: cargo::core::compiler::fingerprint:     err: failed to read `/Volumes/Kingston/erp-domain-crate-10-final-finance-build/debug/.fingerprint/multer-521ff5224679afbc/build-script-build-script-build`

Caused by:
    No such file or directory (os error 2)
   0.163775292s  INFO prepare_target{force=false package_id=spin v0.9.8 target="spin"}: cargo::core::compiler::fingerprint: fingerprint error for spin v0.9.8/Build/TargetInner { name_inferred: true, ..: lib_target("spin", ["lib"], "/Users/huangjiajiang/.cargo/registry/src/rsproxy.cn-e3de039b2554c837/spin-0.9.8/src/lib.rs", Edition2015) }
   0.163779250s  INFO prepare_target{force=false package_id=spin v0.9.8 target="spin"}: cargo::core::compiler::fingerprint:     err: failed to read `/Volumes/Kingston/erp-domain-crate-10-final-finance-build/debug/.fingerprint/spin-9a90ab5f77cc3933/lib-spin`

Caused by:
    No such file or directory (os error 2)
   0.163832750s  INFO prepare_target{force=false package_id=serde_path_to_error v0.1.20 target="serde_path_to_error"}: cargo::core::compiler::fingerprint: fingerprint error for serde_path_to_error v0.1.20/Build/TargetInner { ..: lib_target("serde_path_to_error", ["lib"], "/Users/huangjiajiang/.cargo/registry/src/rsproxy.cn-e3de039b2554c837/serde_path_to_error-0.1.20/src/lib.rs", Edition2021) }
   0.163836458s  INFO prepare_target{force=false package_id=serde_path_to_error v0.1.20 target="serde_path_to_error"}: cargo::core::compiler::fingerprint:     err: failed to read `/Volumes/Kingston/erp-domain-crate-10-final-finance-build/debug/.fingerprint/serde_path_to_error-860d46a54c0eef8e/lib-serde_path_to_error`

Caused by:
    No such file or directory (os error 2)
   0.163892292s  INFO prepare_target{force=false package_id=serde_urlencoded v0.7.1 target="serde_urlencoded"}: cargo::core::compiler::fingerprint: fingerprint error for serde_urlencoded v0.7.1/Build/TargetInner { name_inferred: true, tested: false, ..: lib_target("serde_urlencoded", ["lib"], "/Users/huangjiajiang/.cargo/registry/src/rsproxy.cn-e3de039b2554c837/serde_urlencoded-0.7.1/src/lib.rs", Edition2018) }
   0.163896250s  INFO prepare_target{force=false package_id=serde_urlencoded v0.7.1 target="serde_urlencoded"}: cargo::core::compiler::fingerprint:     err: failed to read `/Volumes/Kingston/erp-domain-crate-10-final-finance-build/debug/.fingerprint/serde_urlencoded-c59f682f8a7a2469/lib-serde_urlencoded`

Caused by:
    No such file or directory (os error 2)
   0.163949417s  INFO prepare_target{force=false package_id=ryu v1.0.23 target="ryu"}: cargo::core::compiler::fingerprint: fingerprint error for ryu v1.0.23/Build/TargetInner { ..: lib_target("ryu", ["lib"], "/Users/huangjiajiang/.cargo/registry/src/rsproxy.cn-e3de039b2554c837/ryu-1.0.23/src/lib.rs", Edition2021) }
   0.163952875s  INFO prepare_target{force=false package_id=ryu v1.0.23 target="ryu"}: cargo::core::compiler::fingerprint:     err: failed to read `/Volumes/Kingston/erp-domain-crate-10-final-finance-build/debug/.fingerprint/ryu-ce9133734e745692/lib-ryu`

Caused by:
    No such file or directory (os error 2)
   0.164000208s  INFO prepare_target{force=false package_id=tower v0.5.3 target="tower"}: cargo::core::compiler::fingerprint: fingerprint error for tower v0.5.3/Build/TargetInner { ..: lib_target("tower", ["lib"], "/Users/huangjiajiang/.cargo/registry/src/rsproxy.cn-e3de039b2554c837/tower-0.5.3/src/lib.rs", Edition2018) }
   0.164003667s  INFO prepare_target{force=false package_id=tower v0.5.3 target="tower"}: cargo::core::compiler::fingerprint:     err: failed to read `/Volumes/Kingston/erp-domain-crate-10-final-finance-build/debug/.fingerprint/tower-d84fd1776fc11c5b/lib-tower`

Caused by:
    No such file or directory (os error 2)
   0.164076583s  INFO prepare_target{force=false package_id=config v0.1.0 (/private/tmp/erp-domain-crate-10-sales/backend/config) target="config"}: cargo::core::compiler::fingerprint: fingerprint error for config v0.1.0 (/private/tmp/erp-domain-crate-10-sales/backend/config)/Build/TargetInner { name_inferred: true, ..: lib_target("config", ["lib"], "/private/tmp/erp-domain-crate-10-sales/backend/config/src/lib.rs", Edition2021) }
   0.164080917s  INFO prepare_target{force=false package_id=config v0.1.0 (/private/tmp/erp-domain-crate-10-sales/backend/config) target="config"}: cargo::core::compiler::fingerprint:     err: failed to read `/Volumes/Kingston/erp-domain-crate-10-final-finance-build/debug/.fingerprint/config-c921fa73f18b22b3/lib-config`

Caused by:
    No such file or directory (os error 2)
   0.164270625s  INFO prepare_target{force=false package_id=clap v4.6.6 target="clap"}: cargo::core::compiler::fingerprint: fingerprint error for clap v4.6.6/Build/TargetInner { benched: false, ..: lib_target("clap", ["lib"], "/Users/huangjiajiang/.cargo/registry/src/rsproxy.cn-e3de039b2554c837/clap-4.6.6/src/lib.rs", Edition2024) }
   0.164274250s  INFO prepare_target{force=false package_id=clap v4.6.6 target="clap"}: cargo::core::compiler::fingerprint:     err: failed to read `/Volumes/Kingston/erp-domain-crate-10-final-finance-build/debug/.fingerprint/clap-73ee2c22fb547967/lib-clap`

Caused by:
    No such file or directory (os error 2)
   0.164330542s  INFO prepare_target{force=false package_id=clap_builder v4.6.6 target="clap_builder"}: cargo::core::compiler::fingerprint: fingerprint error for clap_builder v4.6.6/Build/TargetInner { benched: false, ..: lib_target("clap_builder", ["lib"], "/Users/huangjiajiang/.cargo/registry/src/rsproxy.cn-e3de039b2554c837/clap_builder-4.6.6/src/lib.rs", Edition2024) }
   0.164334125s  INFO prepare_target{force=false package_id=clap_builder v4.6.6 target="clap_builder"}: cargo::core::compiler::fingerprint:     err: failed to read `/Volumes/Kingston/erp-domain-crate-10-final-finance-build/debug/.fingerprint/clap_builder-6b171b54b02bb72b/lib-clap_builder`

Caused by:
    No such file or directory (os error 2)
   0.164384833s  INFO prepare_target{force=false package_id=anstream v1.0.0 target="anstream"}: cargo::core::compiler::fingerprint: fingerprint error for anstream v1.0.0/Build/TargetInner { ..: lib_target("anstream", ["lib"], "/Users/huangjiajiang/.cargo/registry/src/rsproxy.cn-e3de039b2554c837/anstream-1.0.0/src/lib.rs", Edition2021) }
   0.164388375s  INFO prepare_target{force=false package_id=anstream v1.0.0 target="anstream"}: cargo::core::compiler::fingerprint:     err: failed to read `/Volumes/Kingston/erp-domain-crate-10-final-finance-build/debug/.fingerprint/anstream-4a8bbad1afda0034/lib-anstream`

Caused by:
    No such file or directory (os error 2)
   0.164446542s  INFO prepare_target{force=false package_id=anstyle v1.0.14 target="anstyle"}: cargo::core::compiler::fingerprint: fingerprint error for anstyle v1.0.14/Build/TargetInner { ..: lib_target("anstyle", ["lib"], "/Users/huangjiajiang/.cargo/registry/src/rsproxy.cn-e3de039b2554c837/anstyle-1.0.14/src/lib.rs", Edition2021) }
   0.164449958s  INFO prepare_target{force=false package_id=anstyle v1.0.14 target="anstyle"}: cargo::core::compiler::fingerprint:     err: failed to read `/Volumes/Kingston/erp-domain-crate-10-final-finance-build/debug/.fingerprint/anstyle-c05140ed97c354e4/lib-anstyle`

Caused by:
    No such file or directory (os error 2)
   0.164498542s  INFO prepare_target{force=false package_id=anstyle-parse v1.0.0 target="anstyle_parse"}: cargo::core::compiler::fingerprint: fingerprint error for anstyle-parse v1.0.0/Build/TargetInner { ..: lib_target("anstyle_parse", ["lib"], "/Users/huangjiajiang/.cargo/registry/src/rsproxy.cn-e3de039b2554c837/anstyle-parse-1.0.0/src/lib.rs", Edition2021) }
   0.164502167s  INFO prepare_target{force=false package_id=anstyle-parse v1.0.0 target="anstyle_parse"}: cargo::core::compiler::fingerprint:     err: failed to read `/Volumes/Kingston/erp-domain-crate-10-final-finance-build/debug/.fingerprint/anstyle-parse-5f422d116daa63a8/lib-anstyle_parse`

Caused by:
    No such file or directory (os error 2)
   0.164546875s  INFO prepare_target{force=false package_id=utf8parse v0.2.2 target="utf8parse"}: cargo::core::compiler::fingerprint: fingerprint error for utf8parse v0.2.2/Build/TargetInner { ..: lib_target("utf8parse", ["lib"], "/Users/huangjiajiang/.cargo/registry/src/rsproxy.cn-e3de039b2554c837/utf8parse-0.2.2/src/lib.rs", Edition2018) }
   0.164550583s  INFO prepare_target{force=false package_id=utf8parse v0.2.2 target="utf8parse"}: cargo::core::compiler::fingerprint:     err: failed to read `/Volumes/Kingston/erp-domain-crate-10-final-finance-build/debug/.fingerprint/utf8parse-2aef16f83161ad2d/lib-utf8parse`

Caused by:
    No such file or directory (os error 2)
   0.164599917s  INFO prepare_target{force=false package_id=anstyle-query v1.1.5 target="anstyle_query"}: cargo::core::compiler::fingerprint: fingerprint error for anstyle-query v1.1.5/Build/TargetInner { ..: lib_target("anstyle_query", ["lib"], "/Users/huangjiajiang/.cargo/registry/src/rsproxy.cn-e3de039b2554c837/anstyle-query-1.1.5/src/lib.rs", Edition2021) }
   0.164603375s  INFO prepare_target{force=false package_id=anstyle-query v1.1.5 target="anstyle_query"}: cargo::core::compiler::fingerprint:     err: failed to read `/Volumes/Kingston/erp-domain-crate-10-final-finance-build/debug/.fingerprint/anstyle-query-7acfef719b5a8f1b/lib-anstyle_query`

Caused by:
    No such file or directory (os error 2)
   0.164655000s  INFO prepare_target{force=false package_id=colorchoice v1.0.5 target="colorchoice"}: cargo::core::compiler::fingerprint: fingerprint error for colorchoice v1.0.5/Build/TargetInner { ..: lib_target("colorchoice", ["lib"], "/Users/huangjiajiang/.cargo/registry/src/rsproxy.cn-e3de039b2554c837/colorchoice-1.0.5/src/lib.rs", Edition2021) }
   0.164658542s  INFO prepare_target{force=false package_id=colorchoice v1.0.5 target="colorchoice"}: cargo::core::compiler::fingerprint:     err: failed to read `/Volumes/Kingston/erp-domain-crate-10-final-finance-build/debug/.fingerprint/colorchoice-aa7b5e2a3b7f8a26/lib-colorchoice`

Caused by:
    No such file or directory (os error 2)
   0.164710333s  INFO prepare_target{force=false package_id=is_terminal_polyfill v1.70.2 target="is_terminal_polyfill"}: cargo::core::compiler::fingerprint: fingerprint error for is_terminal_polyfill v1.70.2/Build/TargetInner { ..: lib_target("is_terminal_polyfill", ["lib"], "/Users/huangjiajiang/.cargo/registry/src/rsproxy.cn-e3de039b2554c837/is_terminal_polyfill-1.70.2/src/lib.rs", Edition2021) }
   0.164714167s  INFO prepare_target{force=false package_id=is_terminal_polyfill v1.70.2 target="is_terminal_polyfill"}: cargo::core::compiler::fingerprint:     err: failed to read `/Volumes/Kingston/erp-domain-crate-10-final-finance-build/debug/.fingerprint/is_terminal_polyfill-2e887f262dfa01ba/lib-is_terminal_polyfill`

Caused by:
    No such file or directory (os error 2)
   0.164756500s  INFO prepare_target{force=false package_id=clap_lex v1.1.0 target="clap_lex"}: cargo::core::compiler::fingerprint: fingerprint error for clap_lex v1.1.0/Build/TargetInner { benched: false, ..: lib_target("clap_lex", ["lib"], "/Users/huangjiajiang/.cargo/registry/src/rsproxy.cn-e3de039b2554c837/clap_lex-1.1.0/src/lib.rs", Edition2024) }
   0.164760208s  INFO prepare_target{force=false package_id=clap_lex v1.1.0 target="clap_lex"}: cargo::core::compiler::fingerprint:     err: failed to read `/Volumes/Kingston/erp-domain-crate-10-final-finance-build/debug/.fingerprint/clap_lex-3febc85eb07f68a5/lib-clap_lex`

Caused by:
    No such file or directory (os error 2)
   0.164809208s  INFO prepare_target{force=false package_id=clap_derive v4.6.4 target="clap_derive"}: cargo::core::compiler::fingerprint: fingerprint error for clap_derive v4.6.4/Build/TargetInner { benched: false, for_host: true, proc_macro: true, ..: lib_target("clap_derive", ["proc-macro"], "/Users/huangjiajiang/.cargo/registry/src/rsproxy.cn-e3de039b2554c837/clap_derive-4.6.4/src/lib.rs", Edition2024) }
   0.164813083s  INFO prepare_target{force=false package_id=clap_derive v4.6.4 target="clap_derive"}: cargo::core::compiler::fingerprint:     err: failed to read `/Volumes/Kingston/erp-domain-crate-10-final-finance-build/debug/.fingerprint/clap_derive-69d356f684897ace/lib-clap_derive`

Caused by:
    No such file or directory (os error 2)
   0.164861250s  INFO prepare_target{force=false package_id=heck v0.5.0 target="heck"}: cargo::core::compiler::fingerprint: fingerprint error for heck v0.5.0/Build/TargetInner { name_inferred: true, ..: lib_target("heck", ["lib"], "/Users/huangjiajiang/.cargo/registry/src/rsproxy.cn-e3de039b2554c837/heck-0.5.0/src/lib.rs", Edition2021) }
   0.164864833s  INFO prepare_target{force=false package_id=heck v0.5.0 target="heck"}: cargo::core::compiler::fingerprint:     err: failed to read `/Volumes/Kingston/erp-domain-crate-10-final-finance-build/debug/.fingerprint/heck-2e9a630e4b9d0856/lib-heck`

Caused by:
    No such file or directory (os error 2)
   0.164913625s  INFO prepare_target{force=false package_id=nacos-sdk v0.8.0 target="nacos_sdk"}: cargo::core::compiler::fingerprint: fingerprint error for nacos-sdk v0.8.0/Build/TargetInner { ..: lib_target("nacos_sdk", ["lib"], "/Users/huangjiajiang/.cargo/registry/src/rsproxy.cn-e3de039b2554c837/nacos-sdk-0.8.0/src/lib.rs", Edition2024) }
   0.164916833s  INFO prepare_target{force=false package_id=nacos-sdk v0.8.0 target="nacos_sdk"}: cargo::core::compiler::fingerprint:     err: failed to read `/Volumes/Kingston/erp-domain-crate-10-final-finance-build/debug/.fingerprint/nacos-sdk-d9852ba6bcf94489/lib-nacos_sdk`

Caused by:
    No such file or directory (os error 2)
   0.165068542s  INFO prepare_target{force=false package_id=arc-swap v1.9.1 target="arc_swap"}: cargo::core::compiler::fingerprint: fingerprint error for arc-swap v1.9.1/Build/TargetInner { ..: lib_target("arc_swap", ["lib"], "/Users/huangjiajiang/.cargo/registry/src/rsproxy.cn-e3de039b2554c837/arc-swap-1.9.1/src/lib.rs", Edition2018) }
   0.165071708s  INFO prepare_target{force=false package_id=arc-swap v1.9.1 target="arc_swap"}: cargo::core::compiler::fingerprint:     err: failed to read `/Volumes/Kingston/erp-domain-crate-10-final-finance-build/debug/.fingerprint/arc-swap-ab8a69cee26994b0/lib-arc_swap`

Caused by:
    No such file or directory (os error 2)
   0.165125208s  INFO prepare_target{force=false package_id=rustversion v1.0.22 target="rustversion"}: cargo::core::compiler::fingerprint: fingerprint error for rustversion v1.0.22/Build/TargetInner { for_host: true, proc_macro: true, ..: lib_target("rustversion", ["proc-macro"], "/Users/huangjiajiang/.cargo/registry/src/rsproxy.cn-e3de039b2554c837/rustversion-1.0.22/src/lib.rs", Edition2018) }
   0.165128833s  INFO prepare_target{force=false package_id=rustversion v1.0.22 target="rustversion"}: cargo::core::compiler::fingerprint:     err: failed to read `/Volumes/Kingston/erp-domain-crate-10-final-finance-build/debug/.fingerprint/rustversion-8b35a27c85034222/lib-rustversion`

Caused by:
    No such file or directory (os error 2)
   0.165300542s  INFO prepare_target{force=false package_id=rustversion v1.0.22 target="build-script-build"}: cargo::core::compiler::fingerprint: fingerprint error for rustversion v1.0.22/RunCustomBuild/TargetInner { ..: custom_build_target("build-script-build", "/Users/huangjiajiang/.cargo/registry/src/rsproxy.cn-e3de039b2554c837/rustversion-1.0.22/build/build.rs", Edition2018) }
   0.165304083s  INFO prepare_target{force=false package_id=rustversion v1.0.22 target="build-script-build"}: cargo::core::compiler::fingerprint:     err: failed to read `/Volumes/Kingston/erp-domain-crate-10-final-finance-build/debug/.fingerprint/rustversion-22daa1692706349c/run-build-script-build-script-build`

Caused by:
    No such file or directory (os error 2)
   0.165348583s  INFO prepare_target{force=false package_id=rustversion v1.0.22 target="build-script-build"}: cargo::core::compiler::fingerprint: fingerprint error for rustversion v1.0.22/Build/TargetInner { ..: custom_build_target("build-script-build", "/Users/huangjiajiang/.cargo/registry/src/rsproxy.cn-e3de039b2554c837/rustversion-1.0.22/build/build.rs", Edition2018) }
   0.165352167s  INFO prepare_target{force=false package_id=rustversion v1.0.22 target="build-script-build"}: cargo::core::compiler::fingerprint:     err: failed to read `/Volumes/Kingston/erp-domain-crate-10-final-finance-build/debug/.fingerprint/rustversion-87ca687be4d365a6/build-script-build-script-build`

Caused by:
    No such file or directory (os error 2)
   0.165396250s  INFO prepare_target{force=false package_id=async-stream v0.3.6 target="async_stream"}: cargo::core::compiler::fingerprint: fingerprint error for async-stream v0.3.6/Build/TargetInner { ..: lib_target("async_stream", ["lib"], "/Users/huangjiajiang/.cargo/registry/src/rsproxy.cn-e3de039b2554c837/async-stream-0.3.6/src/lib.rs", Edition2021) }
   0.165399958s  INFO prepare_target{force=false package_id=async-stream v0.3.6 target="async_stream"}: cargo::core::compiler::fingerprint:     err: failed to read `/Volumes/Kingston/erp-domain-crate-10-final-finance-build/debug/.fingerprint/async-stream-7ca052a15cca8a4c/lib-async_stream`

Caused by:
    No such file or directory (os error 2)
   0.165454583s  INFO prepare_target{force=false package_id=async-stream-impl v0.3.6 target="async_stream_impl"}: cargo::core::compiler::fingerprint: fingerprint error for async-stream-impl v0.3.6/Build/TargetInner { for_host: true, proc_macro: true, ..: lib_target("async_stream_impl", ["proc-macro"], "/Users/huangjiajiang/.cargo/registry/src/rsproxy.cn-e3de039b2554c837/async-stream-impl-0.3.6/src/lib.rs", Edition2021) }
   0.165458375s  INFO prepare_target{force=false package_id=async-stream-impl v0.3.6 target="async_stream_impl"}: cargo::core::compiler::fingerprint:     err: failed to read `/Volumes/Kingston/erp-domain-crate-10-final-finance-build/debug/.fingerprint/async-stream-impl-be426e95c7db76dc/lib-async_stream_impl`

Caused by:
    No such file or directory (os error 2)
   0.165511125s  INFO prepare_target{force=false package_id=dashmap v6.1.0 target="dashmap"}: cargo::core::compiler::fingerprint: fingerprint error for dashmap v6.1.0/Build/TargetInner { name_inferred: true, ..: lib_target("dashmap", ["lib"], "/Users/huangjiajiang/.cargo/registry/src/rsproxy.cn-e3de039b2554c837/dashmap-6.1.0/src/lib.rs", Edition2018) }
   0.165514792s  INFO prepare_target{force=false package_id=dashmap v6.1.0 target="dashmap"}: cargo::core::compiler::fingerprint:     err: failed to read `/Volumes/Kingston/erp-domain-crate-10-final-finance-build/debug/.fingerprint/dashmap-6089b829c497c467/lib-dashmap`

Caused by:
    No such file or directory (os error 2)
   0.165593708s  INFO prepare_target{force=false package_id=crossbeam-utils v0.8.21 target="crossbeam_utils"}: cargo::core::compiler::fingerprint: fingerprint error for crossbeam-utils v0.8.21/Build/TargetInner { ..: lib_target("crossbeam_utils", ["lib"], "/Users/huangjiajiang/.cargo/registry/src/rsproxy.cn-e3de039b2554c837/crossbeam-utils-0.8.21/src/lib.rs", Edition2021) }
   0.165597458s  INFO prepare_target{force=false package_id=crossbeam-utils v0.8.21 target="crossbeam_utils"}: cargo::core::compiler::fingerprint:     err: failed to read `/Volumes/Kingston/erp-domain-crate-10-final-finance-build/debug/.fingerprint/crossbeam-utils-8b404c829ba516cd/lib-crossbeam_utils`

Caused by:
    No such file or directory (os error 2)
   0.165746708s  INFO prepare_target{force=false package_id=crossbeam-utils v0.8.21 target="build-script-build"}: cargo::core::compiler::fingerprint: fingerprint error for crossbeam-utils v0.8.21/RunCustomBuild/TargetInner { ..: custom_build_target("build-script-build", "/Users/huangjiajiang/.cargo/registry/src/rsproxy.cn-e3de039b2554c837/crossbeam-utils-0.8.21/build.rs", Edition2021) }
   0.165750375s  INFO prepare_target{force=false package_id=crossbeam-utils v0.8.21 target="build-script-build"}: cargo::core::compiler::fingerprint:     err: failed to read `/Volumes/Kingston/erp-domain-crate-10-final-finance-build/debug/.fingerprint/crossbeam-utils-f1eb98d37ab8c5c0/run-build-script-build-script-build`

Caused by:
    No such file or directory (os error 2)
   0.165783375s  INFO prepare_target{force=false package_id=crossbeam-utils v0.8.21 target="build-script-build"}: cargo::core::compiler::fingerprint: fingerprint error for crossbeam-utils v0.8.21/Build/TargetInner { ..: custom_build_target("build-script-build", "/Users/huangjiajiang/.cargo/registry/src/rsproxy.cn-e3de039b2554c837/crossbeam-utils-0.8.21/build.rs", Edition2021) }
   0.165787083s  INFO prepare_target{force=false package_id=crossbeam-utils v0.8.21 target="build-script-build"}: cargo::core::compiler::fingerprint:     err: failed to read `/Volumes/Kingston/erp-domain-crate-10-final-finance-build/debug/.fingerprint/crossbeam-utils-cacf3a565b6dc120/build-script-build-script-build`

Caused by:
    No such file or directory (os error 2)
   0.165830625s  INFO prepare_target{force=false package_id=hashbrown v0.14.5 target="hashbrown"}: cargo::core::compiler::fingerprint: fingerprint error for hashbrown v0.14.5/Build/TargetInner { name_inferred: true, ..: lib_target("hashbrown", ["lib"], "/Users/huangjiajiang/.cargo/registry/src/rsproxy.cn-e3de039b2554c837/hashbrown-0.14.5/src/lib.rs", Edition2021) }
   0.165834167s  INFO prepare_target{force=false package_id=hashbrown v0.14.5 target="hashbrown"}: cargo::core::compiler::fingerprint:     err: failed to read `/Volumes/Kingston/erp-domain-crate-10-final-finance-build/debug/.fingerprint/hashbrown-9b38d7502cd43539/lib-hashbrown`

Caused by:
    No such file or directory (os error 2)
   0.165891042s  INFO prepare_target{force=false package_id=lock_api v0.4.14 target="lock_api"}: cargo::core::compiler::fingerprint: fingerprint error for lock_api v0.4.14/Build/TargetInner { ..: lib_target("lock_api", ["lib"], "/Users/huangjiajiang/.cargo/registry/src/rsproxy.cn-e3de039b2554c837/lock_api-0.4.14/src/lib.rs", Edition2021) }
   0.165894625s  INFO prepare_target{force=false package_id=lock_api v0.4.14 target="lock_api"}: cargo::core::compiler::fingerprint:     err: failed to read `/Volumes/Kingston/erp-domain-crate-10-final-finance-build/debug/.fingerprint/lock_api-39d2bd15860a0132/lib-lock_api`

Caused by:
    No such file or directory (os error 2)
   0.165943750s  INFO prepare_target{force=false package_id=scopeguard v1.2.0 target="scopeguard"}: cargo::core::compiler::fingerprint: fingerprint error for scopeguard v1.2.0/Build/TargetInner { name_inferred: true, ..: lib_target("scopeguard", ["lib"], "/Users/huangjiajiang/.cargo/registry/src/rsproxy.cn-e3de039b2554c837/scopeguard-1.2.0/src/lib.rs", Edition2015) }
   0.165947458s  INFO prepare_target{force=false package_id=scopeguard v1.2.0 target="scopeguard"}: cargo::core::compiler::fingerprint:     err: failed to read `/Volumes/Kingston/erp-domain-crate-10-final-finance-build/debug/.fingerprint/scopeguard-748fddedd7abc6b4/lib-scopeguard`

Caused by:
    No such file or directory (os error 2)
   0.165994208s  INFO prepare_target{force=false package_id=parking_lot_core v0.9.12 target="parking_lot_core"}: cargo::core::compiler::fingerprint: fingerprint error for parking_lot_core v0.9.12/Build/TargetInner { ..: lib_target("parking_lot_core", ["lib"], "/Users/huangjiajiang/.cargo/registry/src/rsproxy.cn-e3de039b2554c837/parking_lot_core-0.9.12/src/lib.rs", Edition2021) }
   0.165998083s  INFO prepare_target{force=false package_id=parking_lot_core v0.9.12 target="parking_lot_core"}: cargo::core::compiler::fingerprint:     err: failed to read `/Volumes/Kingston/erp-domain-crate-10-final-finance-build/debug/.fingerprint/parking_lot_core-1136bce843fdd9dc/lib-parking_lot_core`

Caused by:
    No such file or directory (os error 2)
   0.166146000s  INFO prepare_target{force=false package_id=parking_lot_core v0.9.12 target="build-script-build"}: cargo::core::compiler::fingerprint: fingerprint error for parking_lot_core v0.9.12/RunCustomBuild/TargetInner { ..: custom_build_target("build-script-build", "/Users/huangjiajiang/.cargo/registry/src/rsproxy.cn-e3de039b2554c837/parking_lot_core-0.9.12/build.rs", Edition2021) }
   0.166149792s  INFO prepare_target{force=false package_id=parking_lot_core v0.9.12 target="build-script-build"}: cargo::core::compiler::fingerprint:     err: failed to read `/Volumes/Kingston/erp-domain-crate-10-final-finance-build/debug/.fingerprint/parking_lot_core-4be98e5aa2f2a13c/run-build-script-build-script-build`

Caused by:
    No such file or directory (os error 2)
   0.166186708s  INFO prepare_target{force=false package_id=parking_lot_core v0.9.12 target="build-script-build"}: cargo::core::compiler::fingerprint: fingerprint error for parking_lot_core v0.9.12/Build/TargetInner { ..: custom_build_target("build-script-build", "/Users/huangjiajiang/.cargo/registry/src/rsproxy.cn-e3de039b2554c837/parking_lot_core-0.9.12/build.rs", Edition2021) }
   0.166190250s  INFO prepare_target{force=false package_id=parking_lot_core v0.9.12 target="build-script-build"}: cargo::core::compiler::fingerprint:     err: failed to read `/Volumes/Kingston/erp-domain-crate-10-final-finance-build/debug/.fingerprint/parking_lot_core-71426b343f5ce9c3/build-script-build-script-build`

Caused by:
    No such file or directory (os error 2)
   0.166233125s  INFO prepare_target{force=false package_id=dotenvy v0.15.7 target="dotenvy"}: cargo::core::compiler::fingerprint: fingerprint error for dotenvy v0.15.7/Build/TargetInner { name_inferred: true, ..: lib_target("dotenvy", ["lib"], "/Users/huangjiajiang/.cargo/registry/src/rsproxy.cn-e3de039b2554c837/dotenvy-0.15.7/src/lib.rs", Edition2018) }
   0.166236542s  INFO prepare_target{force=false package_id=dotenvy v0.15.7 target="dotenvy"}: cargo::core::compiler::fingerprint:     err: failed to read `/Volumes/Kingston/erp-domain-crate-10-final-finance-build/debug/.fingerprint/dotenvy-aff35183a3bd81dc/lib-dotenvy`

Caused by:
    No such file or directory (os error 2)
   0.166281542s  INFO prepare_target{force=false package_id=futures v0.3.32 target="futures"}: cargo::core::compiler::fingerprint: fingerprint error for futures v0.3.32/Build/TargetInner { ..: lib_target("futures", ["lib"], "/Users/huangjiajiang/.cargo/registry/src/rsproxy.cn-e3de039b2554c837/futures-0.3.32/src/lib.rs", Edition2018) }
   0.166285000s  INFO prepare_target{force=false package_id=futures v0.3.32 target="futures"}: cargo::core::compiler::fingerprint:     err: failed to read `/Volumes/Kingston/erp-domain-crate-10-final-finance-build/debug/.fingerprint/futures-a8891171c835b107/lib-futures`

Caused by:
    No such file or directory (os error 2)
   0.166346625s  INFO prepare_target{force=false package_id=futures-executor v0.3.32 target="futures_executor"}: cargo::core::compiler::fingerprint: fingerprint error for futures-executor v0.3.32/Build/TargetInner { ..: lib_target("futures_executor", ["lib"], "/Users/huangjiajiang/.cargo/registry/src/rsproxy.cn-e3de039b2554c837/futures-executor-0.3.32/src/lib.rs", Edition2018) }
   0.166350292s  INFO prepare_target{force=false package_id=futures-executor v0.3.32 target="futures_executor"}: cargo::core::compiler::fingerprint:     err: failed to read `/Volumes/Kingston/erp-domain-crate-10-final-finance-build/debug/.fingerprint/futures-executor-75abc36cafb54a7c/lib-futures_executor`

Caused by:
    No such file or directory (os error 2)
   0.166408375s  INFO prepare_target{force=false package_id=local_ipaddress v0.1.3 target="local_ipaddress"}: cargo::core::compiler::fingerprint: fingerprint error for local_ipaddress v0.1.3/Build/TargetInner { name_inferred: true, ..: lib_target("local_ipaddress", ["lib"], "/Users/huangjiajiang/.cargo/registry/src/rsproxy.cn-e3de039b2554c837/local_ipaddress-0.1.3/src/lib.rs", Edition2018) }
   0.166412167s  INFO prepare_target{force=false package_id=local_ipaddress v0.1.3 target="local_ipaddress"}: cargo::core::compiler::fingerprint:     err: failed to read `/Volumes/Kingston/erp-domain-crate-10-final-finance-build/debug/.fingerprint/local_ipaddress-e542a3cfb89ba867/lib-local_ipaddress`

Caused by:
    No such file or directory (os error 2)
   0.166458625s  INFO prepare_target{force=false package_id=nacos-macro v0.3.0 target="nacos_macro"}: cargo::core::compiler::fingerprint: fingerprint error for nacos-macro v0.3.0/Build/TargetInner { for_host: true, proc_macro: true, ..: lib_target("nacos_macro", ["proc-macro"], "/Users/huangjiajiang/.cargo/registry/src/rsproxy.cn-e3de039b2554c837/nacos-macro-0.3.0/src/lib.rs", Edition2024) }
   0.166462167s  INFO prepare_target{force=false package_id=nacos-macro v0.3.0 target="nacos_macro"}: cargo::core::compiler::fingerprint:     err: failed to read `/Volumes/Kingston/erp-domain-crate-10-final-finance-build/debug/.fingerprint/nacos-macro-e4c2d7d1741bc846/lib-nacos_macro`

Caused by:
    No such file or directory (os error 2)
   0.166513583s  INFO prepare_target{force=false package_id=darling v0.23.0 target="darling"}: cargo::core::compiler::fingerprint: fingerprint error for darling v0.23.0/Build/TargetInner { ..: lib_target("darling", ["lib"], "/Users/huangjiajiang/.cargo/registry/src/rsproxy.cn-e3de039b2554c837/darling-0.23.0/src/lib.rs", Edition2021) }
   0.166517083s  INFO prepare_target{force=false package_id=darling v0.23.0 target="darling"}: cargo::core::compiler::fingerprint:     err: failed to read `/Volumes/Kingston/erp-domain-crate-10-final-finance-build/debug/.fingerprint/darling-b34025604db9466b/lib-darling`

Caused by:
    No such file or directory (os error 2)
   0.166568958s  INFO prepare_target{force=false package_id=darling_core v0.23.0 target="darling_core"}: cargo::core::compiler::fingerprint: fingerprint error for darling_core v0.23.0/Build/TargetInner { ..: lib_target("darling_core", ["lib"], "/Users/huangjiajiang/.cargo/registry/src/rsproxy.cn-e3de039b2554c837/darling_core-0.23.0/src/lib.rs", Edition2021) }
   0.166572792s  INFO prepare_target{force=false package_id=darling_core v0.23.0 target="darling_core"}: cargo::core::compiler::fingerprint:     err: failed to read `/Volumes/Kingston/erp-domain-crate-10-final-finance-build/debug/.fingerprint/darling_core-21f56d254c895953/lib-darling_core`

Caused by:
    No such file or directory (os error 2)
   0.166624417s  INFO prepare_target{force=false package_id=darling_macro v0.23.0 target="darling_macro"}: cargo::core::compiler::fingerprint: fingerprint error for darling_macro v0.23.0/Build/TargetInner { for_host: true, proc_macro: true, ..: lib_target("darling_macro", ["proc-macro"], "/Users/huangjiajiang/.cargo/registry/src/rsproxy.cn-e3de039b2554c837/darling_macro-0.23.0/src/lib.rs", Edition2021) }
   0.166629583s  INFO prepare_target{force=false package_id=darling_macro v0.23.0 target="darling_macro"}: cargo::core::compiler::fingerprint:     err: failed to read `/Volumes/Kingston/erp-domain-crate-10-final-finance-build/debug/.fingerprint/darling_macro-4d69aec7d6ce787f/lib-darling_macro`

Caused by:
    No such file or directory (os error 2)
   0.166679625s  INFO prepare_target{force=false package_id=prost v0.14.3 target="prost"}: cargo::core::compiler::fingerprint: fingerprint error for prost v0.14.3/Build/TargetInner { benched: false, ..: lib_target("prost", ["lib"], "/Users/huangjiajiang/.cargo/registry/src/rsproxy.cn-e3de039b2554c837/prost-0.14.3/src/lib.rs", Edition2021) }
   0.166683125s  INFO prepare_target{force=false package_id=prost v0.14.3 target="prost"}: cargo::core::compiler::fingerprint:     err: failed to read `/Volumes/Kingston/erp-domain-crate-10-final-finance-build/debug/.fingerprint/prost-9fff2d476e269f20/lib-prost`

Caused by:
    No such file or directory (os error 2)
   0.166735167s  INFO prepare_target{force=false package_id=prost-derive v0.14.3 target="prost_derive"}: cargo::core::compiler::fingerprint: fingerprint error for prost-derive v0.14.3/Build/TargetInner { for_host: true, proc_macro: true, ..: lib_target("prost_derive", ["proc-macro"], "/Users/huangjiajiang/.cargo/registry/src/rsproxy.cn-e3de039b2554c837/prost-derive-0.14.3/src/lib.rs", Edition2021) }
   0.166739000s  INFO prepare_target{force=false package_id=prost-derive v0.14.3 target="prost_derive"}: cargo::core::compiler::fingerprint:     err: failed to read `/Volumes/Kingston/erp-domain-crate-10-final-finance-build/debug/.fingerprint/prost-derive-5ca091fd4c248191/lib-prost_derive`

Caused by:
    No such file or directory (os error 2)
   0.166791458s  INFO prepare_target{force=false package_id=anyhow v1.0.102 target="anyhow"}: cargo::core::compiler::fingerprint: fingerprint error for anyhow v1.0.102/Build/TargetInner { ..: lib_target("anyhow", ["lib"], "/Users/huangjiajiang/.cargo/registry/src/rsproxy.cn-e3de039b2554c837/anyhow-1.0.102/src/lib.rs", Edition2021) }
   0.166794958s  INFO prepare_target{force=false package_id=anyhow v1.0.102 target="anyhow"}: cargo::core::compiler::fingerprint:     err: failed to read `/Volumes/Kingston/erp-domain-crate-10-final-finance-build/debug/.fingerprint/anyhow-27ae345a97caa1c6/lib-anyhow`

Caused by:
    No such file or directory (os error 2)
   0.166945667s  INFO prepare_target{force=false package_id=anyhow v1.0.102 target="build-script-build"}: cargo::core::compiler::fingerprint: fingerprint error for anyhow v1.0.102/RunCustomBuild/TargetInner { ..: custom_build_target("build-script-build", "/Users/huangjiajiang/.cargo/registry/src/rsproxy.cn-e3de039b2554c837/anyhow-1.0.102/build.rs", Edition2021) }
   0.166949250s  INFO prepare_target{force=false package_id=anyhow v1.0.102 target="build-script-build"}: cargo::core::compiler::fingerprint:     err: failed to read `/Volumes/Kingston/erp-domain-crate-10-final-finance-build/debug/.fingerprint/anyhow-be628a16be792946/run-build-script-build-script-build`

Caused by:
    No such file or directory (os error 2)
   0.166982583s  INFO prepare_target{force=false package_id=anyhow v1.0.102 target="build-script-build"}: cargo::core::compiler::fingerprint: fingerprint error for anyhow v1.0.102/Build/TargetInner { ..: custom_build_target("build-script-build", "/Users/huangjiajiang/.cargo/registry/src/rsproxy.cn-e3de039b2554c837/anyhow-1.0.102/build.rs", Edition2021) }
   0.166985625s  INFO prepare_target{force=false package_id=anyhow v1.0.102 target="build-script-build"}: cargo::core::compiler::fingerprint:     err: failed to read `/Volumes/Kingston/erp-domain-crate-10-final-finance-build/debug/.fingerprint/anyhow-44db6f752febda59/build-script-build-script-build`

Caused by:
    No such file or directory (os error 2)
   0.167033042s  INFO prepare_target{force=false package_id=itertools v0.14.0 target="itertools"}: cargo::core::compiler::fingerprint: fingerprint error for itertools v0.14.0/Build/TargetInner { tested: false, benched: false, ..: lib_target("itertools", ["lib"], "/Users/huangjiajiang/.cargo/registry/src/rsproxy.cn-e3de039b2554c837/itertools-0.14.0/src/lib.rs", Edition2018) }
   0.167036667s  INFO prepare_target{force=false package_id=itertools v0.14.0 target="itertools"}: cargo::core::compiler::fingerprint:     err: failed to read `/Volumes/Kingston/erp-domain-crate-10-final-finance-build/debug/.fingerprint/itertools-1a6f77c7d1701108/lib-itertools`

Caused by:
    No such file or directory (os error 2)
   0.167085750s  INFO prepare_target{force=false package_id=either v1.15.0 target="either"}: cargo::core::compiler::fingerprint: fingerprint error for either v1.15.0/Build/TargetInner { ..: lib_target("either", ["lib"], "/Users/huangjiajiang/.cargo/registry/src/rsproxy.cn-e3de039b2554c837/either-1.15.0/src/lib.rs", Edition2021) }
   0.167089292s  INFO prepare_target{force=false package_id=either v1.15.0 target="either"}: cargo::core::compiler::fingerprint:     err: failed to read `/Volumes/Kingston/erp-domain-crate-10-final-finance-build/debug/.fingerprint/either-ec17cd35b5d8aa48/lib-either`

Caused by:
    No such file or directory (os error 2)
   0.167144750s  INFO prepare_target{force=false package_id=prost-types v0.14.3 target="prost_types"}: cargo::core::compiler::fingerprint: fingerprint error for prost-types v0.14.3/Build/TargetInner { doctest: false, ..: lib_target("prost_types", ["lib"], "/Users/huangjiajiang/.cargo/registry/src/rsproxy.cn-e3de039b2554c837/prost-types-0.14.3/src/lib.rs", Edition2021) }
   0.167148458s  INFO prepare_target{force=false package_id=prost-types v0.14.3 target="prost_types"}: cargo::core::compiler::fingerprint:     err: failed to read `/Volumes/Kingston/erp-domain-crate-10-final-finance-build/debug/.fingerprint/prost-types-9a2ae95967fe422d/lib-prost_types`

Caused by:
    No such file or directory (os error 2)
   0.167204125s  INFO prepare_target{force=false package_id=rand v0.10.1 target="rand"}: cargo::core::compiler::fingerprint: fingerprint error for rand v0.10.1/Build/TargetInner { ..: lib_target("rand", ["lib"], "/Users/huangjiajiang/.cargo/registry/src/rsproxy.cn-e3de039b2554c837/rand-0.10.1/src/lib.rs", Edition2024) }
   0.167207583s  INFO prepare_target{force=false package_id=rand v0.10.1 target="rand"}: cargo::core::compiler::fingerprint:     err: failed to read `/Volumes/Kingston/erp-domain-crate-10-final-finance-build/debug/.fingerprint/rand-5046eb4fe5abe447/lib-rand`

Caused by:
    No such file or directory (os error 2)
   0.167261167s  INFO prepare_target{force=false package_id=chacha20 v0.10.0 target="chacha20"}: cargo::core::compiler::fingerprint: fingerprint error for chacha20 v0.10.0/Build/TargetInner { ..: lib_target("chacha20", ["lib"], "/Users/huangjiajiang/.cargo/registry/src/rsproxy.cn-e3de039b2554c837/chacha20-0.10.0/src/lib.rs", Edition2024) }
   0.167264583s  INFO prepare_target{force=false package_id=chacha20 v0.10.0 target="chacha20"}: cargo::core::compiler::fingerprint:     err: failed to read `/Volumes/Kingston/erp-domain-crate-10-final-finance-build/debug/.fingerprint/chacha20-57f0278c80a825f4/lib-chacha20`

Caused by:
    No such file or directory (os error 2)
   0.167308250s  INFO prepare_target{force=false package_id=reqwest v0.12.28 target="reqwest"}: cargo::core::compiler::fingerprint: fingerprint error for reqwest v0.12.28/Build/TargetInner { ..: lib_target("reqwest", ["lib"], "/Users/huangjiajiang/.cargo/registry/src/rsproxy.cn-e3de039b2554c837/reqwest-0.12.28/src/lib.rs", Edition2021) }
   0.167311583s  INFO prepare_target{force=false package_id=reqwest v0.12.28 target="reqwest"}: cargo::core::compiler::fingerprint:     err: failed to read `/Volumes/Kingston/erp-domain-crate-10-final-finance-build/debug/.fingerprint/reqwest-fcdd9151ee427e9c/lib-reqwest`

Caused by:
    No such file or directory (os error 2)
   0.167413417s  INFO prepare_target{force=false package_id=tower-http v0.6.10 target="tower_http"}: cargo::core::compiler::fingerprint: fingerprint error for tower-http v0.6.10/Build/TargetInner { ..: lib_target("tower_http", ["lib"], "/Users/huangjiajiang/.cargo/registry/src/rsproxy.cn-e3de039b2554c837/tower-http-0.6.10/src/lib.rs", Edition2018) }
   0.167416958s  INFO prepare_target{force=false package_id=tower-http v0.6.10 target="tower_http"}: cargo::core::compiler::fingerprint:     err: failed to read `/Volumes/Kingston/erp-domain-crate-10-final-finance-build/debug/.fingerprint/tower-http-0266146ede9073c1/lib-tower_http`

Caused by:
    No such file or directory (os error 2)
   0.167502250s  INFO prepare_target{force=false package_id=bitflags v2.11.1 target="bitflags"}: cargo::core::compiler::fingerprint: fingerprint error for bitflags v2.11.1/Build/TargetInner { ..: lib_target("bitflags", ["lib"], "/Users/huangjiajiang/.cargo/registry/src/rsproxy.cn-e3de039b2554c837/bitflags-2.11.1/src/lib.rs", Edition2021) }
   0.167505833s  INFO prepare_target{force=false package_id=bitflags v2.11.1 target="bitflags"}: cargo::core::compiler::fingerprint:     err: failed to read `/Volumes/Kingston/erp-domain-crate-10-final-finance-build/debug/.fingerprint/bitflags-360de16def716eaf/lib-bitflags`

Caused by:
    No such file or directory (os error 2)
   0.167551458s  INFO prepare_target{force=false package_id=tonic v0.14.6 target="tonic"}: cargo::core::compiler::fingerprint: fingerprint error for tonic v0.14.6/Build/TargetInner { ..: lib_target("tonic", ["lib"], "/Users/huangjiajiang/.cargo/registry/src/rsproxy.cn-e3de039b2554c837/tonic-0.14.6/src/lib.rs", Edition2024) }
   0.167554917s  INFO prepare_target{force=false package_id=tonic v0.14.6 target="tonic"}: cargo::core::compiler::fingerprint:     err: failed to read `/Volumes/Kingston/erp-domain-crate-10-final-finance-build/debug/.fingerprint/tonic-3f837feb07c68b67/lib-tonic`

Caused by:
    No such file or directory (os error 2)
   0.167668667s  INFO prepare_target{force=false package_id=hyper-timeout v0.5.2 target="hyper_timeout"}: cargo::core::compiler::fingerprint: fingerprint error for hyper-timeout v0.5.2/Build/TargetInner { ..: lib_target("hyper_timeout", ["lib"], "/Users/huangjiajiang/.cargo/registry/src/rsproxy.cn-e3de039b2554c837/hyper-timeout-0.5.2/src/lib.rs", Edition2018) }
   0.167672167s  INFO prepare_target{force=false package_id=hyper-timeout v0.5.2 target="hyper_timeout"}: cargo::core::compiler::fingerprint:     err: failed to read `/Volumes/Kingston/erp-domain-crate-10-final-finance-build/debug/.fingerprint/hyper-timeout-2c63f7c58a5a9256/lib-hyper_timeout`

Caused by:
    No such file or directory (os error 2)
   0.167743958s  INFO prepare_target{force=false package_id=pin-project v1.1.13 target="pin_project"}: cargo::core::compiler::fingerprint: fingerprint error for pin-project v1.1.13/Build/TargetInner { doc_scrape_examples: Disabled, ..: lib_target("pin_project", ["lib"], "/Users/huangjiajiang/.cargo/registry/src/rsproxy.cn-e3de039b2554c837/pin-project-1.1.13/src/lib.rs", Edition2021) }
   0.167747458s  INFO prepare_target{force=false package_id=pin-project v1.1.13 target="pin_project"}: cargo::core::compiler::fingerprint:     err: failed to read `/Volumes/Kingston/erp-domain-crate-10-final-finance-build/debug/.fingerprint/pin-project-88488b076a509730/lib-pin_project`

Caused by:
    No such file or directory (os error 2)
   0.167795625s  INFO prepare_target{force=false package_id=pin-project-internal v1.1.13 target="pin_project_internal"}: cargo::core::compiler::fingerprint: fingerprint error for pin-project-internal v1.1.13/Build/TargetInner { for_host: true, proc_macro: true, ..: lib_target("pin_project_internal", ["proc-macro"], "/Users/huangjiajiang/.cargo/registry/src/rsproxy.cn-e3de039b2554c837/pin-project-internal-1.1.13/src/lib.rs", Edition2021) }
   0.167799583s  INFO prepare_target{force=false package_id=pin-project-internal v1.1.13 target="pin_project_internal"}: cargo::core::compiler::fingerprint:     err: failed to read `/Volumes/Kingston/erp-domain-crate-10-final-finance-build/debug/.fingerprint/pin-project-internal-a6e7c4322eca7453/lib-pin_project_internal`

Caused by:
    No such file or directory (os error 2)
   0.167854542s  INFO prepare_target{force=false package_id=rustls-native-certs v0.8.4 target="rustls_native_certs"}: cargo::core::compiler::fingerprint: fingerprint error for rustls-native-certs v0.8.4/Build/TargetInner { ..: lib_target("rustls_native_certs", ["lib"], "/Users/huangjiajiang/.cargo/registry/src/rsproxy.cn-e3de039b2554c837/rustls-native-certs-0.8.4/src/lib.rs", Edition2021) }
   0.167858375s  INFO prepare_target{force=false package_id=rustls-native-certs v0.8.4 target="rustls_native_certs"}: cargo::core::compiler::fingerprint:     err: failed to read `/Volumes/Kingston/erp-domain-crate-10-final-finance-build/debug/.fingerprint/rustls-native-certs-3dcd2595e4a9cb86/lib-rustls_native_certs`

Caused by:
    No such file or directory (os error 2)
   0.167913208s  INFO prepare_target{force=false package_id=rustls-pki-types v1.14.1 target="rustls_pki_types"}: cargo::core::compiler::fingerprint: fingerprint error for rustls-pki-types v1.14.1/Build/TargetInner { ..: lib_target("rustls_pki_types", ["lib"], "/Users/huangjiajiang/.cargo/registry/src/rsproxy.cn-e3de039b2554c837/rustls-pki-types-1.14.1/src/lib.rs", Edition2021) }
   0.167917375s  INFO prepare_target{force=false package_id=rustls-pki-types v1.14.1 target="rustls_pki_types"}: cargo::core::compiler::fingerprint:     err: failed to read `/Volumes/Kingston/erp-domain-crate-10-final-finance-build/debug/.fingerprint/rustls-pki-types-98e31c3eecc0490b/lib-rustls_pki_types`

Caused by:
    No such file or directory (os error 2)
   0.167960292s  INFO prepare_target{force=false package_id=zeroize v1.8.2 target="zeroize"}: cargo::core::compiler::fingerprint: fingerprint error for zeroize v1.8.2/Build/TargetInner { ..: lib_target("zeroize", ["lib"], "/Users/huangjiajiang/.cargo/registry/src/rsproxy.cn-e3de039b2554c837/zeroize-1.8.2/src/lib.rs", Edition2021) }
   0.167963458s  INFO prepare_target{force=false package_id=zeroize v1.8.2 target="zeroize"}: cargo::core::compiler::fingerprint:     err: failed to read `/Volumes/Kingston/erp-domain-crate-10-final-finance-build/debug/.fingerprint/zeroize-2494f7aa3b055407/lib-zeroize`

Caused by:
    No such file or directory (os error 2)
   0.168012750s  INFO prepare_target{force=false package_id=security-framework v3.7.0 target="security_framework"}: cargo::core::compiler::fingerprint: fingerprint error for security-framework v3.7.0/Build/TargetInner { ..: lib_target("security_framework", ["lib"], "/Users/huangjiajiang/.cargo/registry/src/rsproxy.cn-e3de039b2554c837/security-framework-3.7.0/src/lib.rs", Edition2024) }
   0.168016292s  INFO prepare_target{force=false package_id=security-framework v3.7.0 target="security_framework"}: cargo::core::compiler::fingerprint:     err: failed to read `/Volumes/Kingston/erp-domain-crate-10-final-finance-build/debug/.fingerprint/security-framework-b0ade4504775764c/lib-security_framework`

Caused by:
    No such file or directory (os error 2)
   0.168072542s  INFO prepare_target{force=false package_id=core-foundation v0.10.1 target="core_foundation"}: cargo::core::compiler::fingerprint: fingerprint error for core-foundation v0.10.1/Build/TargetInner { ..: lib_target("core_foundation", ["lib"], "/Users/huangjiajiang/.cargo/registry/src/rsproxy.cn-e3de039b2554c837/core-foundation-0.10.1/src/lib.rs", Edition2021) }
   0.168076000s  INFO prepare_target{force=false package_id=core-foundation v0.10.1 target="core_foundation"}: cargo::core::compiler::fingerprint:     err: failed to read `/Volumes/Kingston/erp-domain-crate-10-final-finance-build/debug/.fingerprint/core-foundation-ba8e397f6b606862/lib-core_foundation`

Caused by:
    No such file or directory (os error 2)
   0.168132625s  INFO prepare_target{force=false package_id=security-framework-sys v2.17.0 target="security_framework_sys"}: cargo::core::compiler::fingerprint: fingerprint error for security-framework-sys v2.17.0/Build/TargetInner { ..: lib_target("security_framework_sys", ["lib"], "/Users/huangjiajiang/.cargo/registry/src/rsproxy.cn-e3de039b2554c837/security-framework-sys-2.17.0/src/lib.rs", Edition2021) }
   0.168135833s  INFO prepare_target{force=false package_id=security-framework-sys v2.17.0 target="security_framework_sys"}: cargo::core::compiler::fingerprint:     err: failed to read `/Volumes/Kingston/erp-domain-crate-10-final-finance-build/debug/.fingerprint/security-framework-sys-54b94d7d80ee05ff/lib-security_framework_sys`

Caused by:
    No such file or directory (os error 2)
   0.168190167s  INFO prepare_target{force=false package_id=tokio-rustls v0.26.4 target="tokio_rustls"}: cargo::core::compiler::fingerprint: fingerprint error for tokio-rustls v0.26.4/Build/TargetInner { ..: lib_target("tokio_rustls", ["lib"], "/Users/huangjiajiang/.cargo/registry/src/rsproxy.cn-e3de039b2554c837/tokio-rustls-0.26.4/src/lib.rs", Edition2021) }
   0.168193750s  INFO prepare_target{force=false package_id=tokio-rustls v0.26.4 target="tokio_rustls"}: cargo::core::compiler::fingerprint:     err: failed to read `/Volumes/Kingston/erp-domain-crate-10-final-finance-build/debug/.fingerprint/tokio-rustls-aec0fd9f51a6a7e2/lib-tokio_rustls`

Caused by:
    No such file or directory (os error 2)
   0.168256875s  INFO prepare_target{force=false package_id=rustls v0.23.40 target="rustls"}: cargo::core::compiler::fingerprint: fingerprint error for rustls v0.23.40/Build/TargetInner { ..: lib_target("rustls", ["lib"], "/Users/huangjiajiang/.cargo/registry/src/rsproxy.cn-e3de039b2554c837/rustls-0.23.40/src/lib.rs", Edition2021) }
   0.168260333s  INFO prepare_target{force=false package_id=rustls v0.23.40 target="rustls"}: cargo::core::compiler::fingerprint:     err: failed to read `/Volumes/Kingston/erp-domain-crate-10-final-finance-build/debug/.fingerprint/rustls-33bed65dd18374a9/lib-rustls`

Caused by:
    No such file or directory (os error 2)
   0.168320875s  INFO prepare_target{force=false package_id=aws-lc-rs v1.17.3 target="aws_lc_rs"}: cargo::core::compiler::fingerprint: fingerprint error for aws-lc-rs v1.17.3/Build/TargetInner { ..: lib_target("aws_lc_rs", ["lib"], "/Users/huangjiajiang/.cargo/registry/src/rsproxy.cn-e3de039b2554c837/aws-lc-rs-1.17.3/src/lib.rs", Edition2021) }
   0.168324500s  INFO prepare_target{force=false package_id=aws-lc-rs v1.17.3 target="aws_lc_rs"}: cargo::core::compiler::fingerprint:     err: failed to read `/Volumes/Kingston/erp-domain-crate-10-final-finance-build/debug/.fingerprint/aws-lc-rs-a56ae5b2914d55d0/lib-aws_lc_rs`

Caused by:
    No such file or directory (os error 2)
   0.168471917s  INFO prepare_target{force=false package_id=aws-lc-rs v1.17.3 target="build-script-build"}: cargo::core::compiler::fingerprint: fingerprint error for aws-lc-rs v1.17.3/RunCustomBuild/TargetInner { ..: custom_build_target("build-script-build", "/Users/huangjiajiang/.cargo/registry/src/rsproxy.cn-e3de039b2554c837/aws-lc-rs-1.17.3/build.rs", Edition2021) }
   0.168475583s  INFO prepare_target{force=false package_id=aws-lc-rs v1.17.3 target="build-script-build"}: cargo::core::compiler::fingerprint:     err: failed to read `/Volumes/Kingston/erp-domain-crate-10-final-finance-build/debug/.fingerprint/aws-lc-rs-e5c2a5371196b4f9/run-build-script-build-script-build`

Caused by:
    No such file or directory (os error 2)
   0.168515000s  INFO prepare_target{force=false package_id=aws-lc-rs v1.17.3 target="build-script-build"}: cargo::core::compiler::fingerprint: fingerprint error for aws-lc-rs v1.17.3/Build/TargetInner { ..: custom_build_target("build-script-build", "/Users/huangjiajiang/.cargo/registry/src/rsproxy.cn-e3de039b2554c837/aws-lc-rs-1.17.3/build.rs", Edition2021) }
   0.168518458s  INFO prepare_target{force=false package_id=aws-lc-rs v1.17.3 target="build-script-build"}: cargo::core::compiler::fingerprint:     err: failed to read `/Volumes/Kingston/erp-domain-crate-10-final-finance-build/debug/.fingerprint/aws-lc-rs-e157b3163cf0b468/build-script-build-script-build`

Caused by:
    No such file or directory (os error 2)
   0.168660667s  INFO prepare_target{force=false package_id=aws-lc-sys v0.43.0 target="build-script-main"}: cargo::core::compiler::fingerprint: fingerprint error for aws-lc-sys v0.43.0/RunCustomBuild/TargetInner { ..: custom_build_target("build-script-main", "/Users/huangjiajiang/.cargo/registry/src/rsproxy.cn-e3de039b2554c837/aws-lc-sys-0.43.0/builder/main.rs", Edition2021) }
   0.168664417s  INFO prepare_target{force=false package_id=aws-lc-sys v0.43.0 target="build-script-main"}: cargo::core::compiler::fingerprint:     err: failed to read `/Volumes/Kingston/erp-domain-crate-10-final-finance-build/debug/.fingerprint/aws-lc-sys-ca9206e6fd8cf20c/run-build-script-build-script-main`

Caused by:
    No such file or directory (os error 2)
   0.168699125s  INFO prepare_target{force=false package_id=aws-lc-sys v0.43.0 target="build-script-main"}: cargo::core::compiler::fingerprint: fingerprint error for aws-lc-sys v0.43.0/Build/TargetInner { ..: custom_build_target("build-script-main", "/Users/huangjiajiang/.cargo/registry/src/rsproxy.cn-e3de039b2554c837/aws-lc-sys-0.43.0/builder/main.rs", Edition2021) }
   0.168702458s  INFO prepare_target{force=false package_id=aws-lc-sys v0.43.0 target="build-script-main"}: cargo::core::compiler::fingerprint:     err: failed to read `/Volumes/Kingston/erp-domain-crate-10-final-finance-build/debug/.fingerprint/aws-lc-sys-96979392074d9500/build-script-build-script-main`

Caused by:
    No such file or directory (os error 2)
   0.168757500s  INFO prepare_target{force=false package_id=cc v1.2.62 target="cc"}: cargo::core::compiler::fingerprint: fingerprint error for cc v1.2.62/Build/TargetInner { ..: lib_target("cc", ["lib"], "/Users/huangjiajiang/.cargo/registry/src/rsproxy.cn-e3de039b2554c837/cc-1.2.62/src/lib.rs", Edition2018) }
   0.168761208s  INFO prepare_target{force=false package_id=cc v1.2.62 target="cc"}: cargo::core::compiler::fingerprint:     err: failed to read `/Volumes/Kingston/erp-domain-crate-10-final-finance-build/debug/.fingerprint/cc-3110236d555ccdd2/lib-cc`

Caused by:
    No such file or directory (os error 2)
   0.168817042s  INFO prepare_target{force=false package_id=find-msvc-tools v0.1.9 target="find_msvc_tools"}: cargo::core::compiler::fingerprint: fingerprint error for find-msvc-tools v0.1.9/Build/TargetInner { ..: lib_target("find_msvc_tools", ["lib"], "/Users/huangjiajiang/.cargo/registry/src/rsproxy.cn-e3de039b2554c837/find-msvc-tools-0.1.9/src/lib.rs", Edition2018) }
   0.168820625s  INFO prepare_target{force=false package_id=find-msvc-tools v0.1.9 target="find_msvc_tools"}: cargo::core::compiler::fingerprint:     err: failed to read `/Volumes/Kingston/erp-domain-crate-10-final-finance-build/debug/.fingerprint/find-msvc-tools-c729b9d242d6c237/lib-find_msvc_tools`

Caused by:
    No such file or directory (os error 2)
   0.168867750s  INFO prepare_target{force=false package_id=jobserver v0.1.35 target="jobserver"}: cargo::core::compiler::fingerprint: fingerprint error for jobserver v0.1.35/Build/TargetInner { ..: lib_target("jobserver", ["lib"], "/Users/huangjiajiang/.cargo/registry/src/rsproxy.cn-e3de039b2554c837/jobserver-0.1.35/src/lib.rs", Edition2021) }
   0.168871250s  INFO prepare_target{force=false package_id=jobserver v0.1.35 target="jobserver"}: cargo::core::compiler::fingerprint:     err: failed to read `/Volumes/Kingston/erp-domain-crate-10-final-finance-build/debug/.fingerprint/jobserver-712ecf8d5632b5a6/lib-jobserver`

Caused by:
    No such file or directory (os error 2)
   0.168942833s  INFO prepare_target{force=false package_id=shlex v1.3.0 target="shlex"}: cargo::core::compiler::fingerprint: fingerprint error for shlex v1.3.0/Build/TargetInner { name_inferred: true, ..: lib_target("shlex", ["lib"], "/Users/huangjiajiang/.cargo/registry/src/rsproxy.cn-e3de039b2554c837/shlex-1.3.0/src/lib.rs", Edition2015) }
   0.168949083s  INFO prepare_target{force=false package_id=shlex v1.3.0 target="shlex"}: cargo::core::compiler::fingerprint:     err: failed to read `/Volumes/Kingston/erp-domain-crate-10-final-finance-build/debug/.fingerprint/shlex-5e6779ca81f65094/lib-shlex`

Caused by:
    No such file or directory (os error 2)
   0.169036458s  INFO prepare_target{force=false package_id=cmake v0.1.58 target="cmake"}: cargo::core::compiler::fingerprint: fingerprint error for cmake v0.1.58/Build/TargetInner { ..: lib_target("cmake", ["lib"], "/Users/huangjiajiang/.cargo/registry/src/rsproxy.cn-e3de039b2554c837/cmake-0.1.58/src/lib.rs", Edition2021) }
   0.169039375s  INFO prepare_target{force=false package_id=cmake v0.1.58 target="cmake"}: cargo::core::compiler::fingerprint:     err: failed to read `/Volumes/Kingston/erp-domain-crate-10-final-finance-build/debug/.fingerprint/cmake-ff465a589b5a49bf/lib-cmake`

Caused by:
    No such file or directory (os error 2)
   0.169101125s  INFO prepare_target{force=false package_id=dunce v1.0.5 target="dunce"}: cargo::core::compiler::fingerprint: fingerprint error for dunce v1.0.5/Build/TargetInner { ..: lib_target("dunce", ["lib"], "/Users/huangjiajiang/.cargo/registry/src/rsproxy.cn-e3de039b2554c837/dunce-1.0.5/src/lib.rs", Edition2021) }
   0.169103875s  INFO prepare_target{force=false package_id=dunce v1.0.5 target="dunce"}: cargo::core::compiler::fingerprint:     err: failed to read `/Volumes/Kingston/erp-domain-crate-10-final-finance-build/debug/.fingerprint/dunce-d484147f2f33e754/lib-dunce`

Caused by:
    No such file or directory (os error 2)
   0.169165042s  INFO prepare_target{force=false package_id=fs_extra v1.3.0 target="fs_extra"}: cargo::core::compiler::fingerprint: fingerprint error for fs_extra v1.3.0/Build/TargetInner { name_inferred: true, ..: lib_target("fs_extra", ["lib"], "/Users/huangjiajiang/.cargo/registry/src/rsproxy.cn-e3de039b2554c837/fs_extra-1.3.0/src/lib.rs", Edition2018) }
   0.169167833s  INFO prepare_target{force=false package_id=fs_extra v1.3.0 target="fs_extra"}: cargo::core::compiler::fingerprint:     err: failed to read `/Volumes/Kingston/erp-domain-crate-10-final-finance-build/debug/.fingerprint/fs_extra-48099875dc9f64f3/lib-fs_extra`

Caused by:
    No such file or directory (os error 2)
   0.169219458s  INFO prepare_target{force=false package_id=pkg-config v0.3.33 target="pkg_config"}: cargo::core::compiler::fingerprint: fingerprint error for pkg-config v0.3.33/Build/TargetInner { ..: lib_target("pkg_config", ["lib"], "/Users/huangjiajiang/.cargo/registry/src/rsproxy.cn-e3de039b2554c837/pkg-config-0.3.33/src/lib.rs", Edition2018) }
   0.169222500s  INFO prepare_target{force=false package_id=pkg-config v0.3.33 target="pkg_config"}: cargo::core::compiler::fingerprint:     err: failed to read `/Volumes/Kingston/erp-domain-crate-10-final-finance-build/debug/.fingerprint/pkg-config-c258f00481238ef9/lib-pkg_config`

Caused by:
    No such file or directory (os error 2)
   0.169281875s  INFO prepare_target{force=false package_id=aws-lc-sys v0.43.0 target="aws_lc_sys"}: cargo::core::compiler::fingerprint: fingerprint error for aws-lc-sys v0.43.0/Build/TargetInner { ..: lib_target("aws_lc_sys", ["lib"], "/Users/huangjiajiang/.cargo/registry/src/rsproxy.cn-e3de039b2554c837/aws-lc-sys-0.43.0/src/lib.rs", Edition2021) }
   0.169284458s  INFO prepare_target{force=false package_id=aws-lc-sys v0.43.0 target="aws_lc_sys"}: cargo::core::compiler::fingerprint:     err: failed to read `/Volumes/Kingston/erp-domain-crate-10-final-finance-build/debug/.fingerprint/aws-lc-sys-81a4fe7b45855d4c/lib-aws_lc_sys`

Caused by:
    No such file or directory (os error 2)
   0.169344792s  INFO prepare_target{force=false package_id=ring v0.17.14 target="ring"}: cargo::core::compiler::fingerprint: fingerprint error for ring v0.17.14/Build/TargetInner { ..: lib_target("ring", ["lib"], "/Users/huangjiajiang/.cargo/registry/src/rsproxy.cn-e3de039b2554c837/ring-0.17.14/src/lib.rs", Edition2021) }
   0.169348000s  INFO prepare_target{force=false package_id=ring v0.17.14 target="ring"}: cargo::core::compiler::fingerprint:     err: failed to read `/Volumes/Kingston/erp-domain-crate-10-final-finance-build/debug/.fingerprint/ring-f18c134bf5c2cc15/lib-ring`

Caused by:
    No such file or directory (os error 2)
   0.169414125s  INFO prepare_target{force=false package_id=getrandom v0.2.17 target="getrandom"}: cargo::core::compiler::fingerprint: fingerprint error for getrandom v0.2.17/Build/TargetInner { ..: lib_target("getrandom", ["lib"], "/Users/huangjiajiang/.cargo/registry/src/rsproxy.cn-e3de039b2554c837/getrandom-0.2.17/src/lib.rs", Edition2018) }
   0.169416875s  INFO prepare_target{force=false package_id=getrandom v0.2.17 target="getrandom"}: cargo::core::compiler::fingerprint:     err: failed to read `/Volumes/Kingston/erp-domain-crate-10-final-finance-build/debug/.fingerprint/getrandom-d7afaf5f04f7fae1/lib-getrandom`

Caused by:
    No such file or directory (os error 2)
   0.169581875s  INFO prepare_target{force=false package_id=ring v0.17.14 target="build-script-build"}: cargo::core::compiler::fingerprint: fingerprint error for ring v0.17.14/RunCustomBuild/TargetInner { ..: custom_build_target("build-script-build", "/Users/huangjiajiang/.cargo/registry/src/rsproxy.cn-e3de039b2554c837/ring-0.17.14/build.rs", Edition2021) }
   0.169584750s  INFO prepare_target{force=false package_id=ring v0.17.14 target="build-script-build"}: cargo::core::compiler::fingerprint:     err: failed to read `/Volumes/Kingston/erp-domain-crate-10-final-finance-build/debug/.fingerprint/ring-4ac14b218b43eaaa/run-build-script-build-script-build`

Caused by:
    No such file or directory (os error 2)
   0.169621500s  INFO prepare_target{force=false package_id=ring v0.17.14 target="build-script-build"}: cargo::core::compiler::fingerprint: fingerprint error for ring v0.17.14/Build/TargetInner { ..: custom_build_target("build-script-build", "/Users/huangjiajiang/.cargo/registry/src/rsproxy.cn-e3de039b2554c837/ring-0.17.14/build.rs", Edition2021) }
   0.169624083s  INFO prepare_target{force=false package_id=ring v0.17.14 target="build-script-build"}: cargo::core::compiler::fingerprint:     err: failed to read `/Volumes/Kingston/erp-domain-crate-10-final-finance-build/debug/.fingerprint/ring-cbe6dcd62a90a2e8/build-script-build-script-build`

Caused by:
    No such file or directory (os error 2)
   0.169683083s  INFO prepare_target{force=false package_id=untrusted v0.9.0 target="untrusted"}: cargo::core::compiler::fingerprint: fingerprint error for untrusted v0.9.0/Build/TargetInner { ..: lib_target("untrusted", ["lib"], "/Users/huangjiajiang/.cargo/registry/src/rsproxy.cn-e3de039b2554c837/untrusted-0.9.0/src/lib.rs", Edition2018) }
   0.169685583s  INFO prepare_target{force=false package_id=untrusted v0.9.0 target="untrusted"}: cargo::core::compiler::fingerprint:     err: failed to read `/Volumes/Kingston/erp-domain-crate-10-final-finance-build/debug/.fingerprint/untrusted-ca35c053454d8914/lib-untrusted`

Caused by:
    No such file or directory (os error 2)
   0.169846458s  INFO prepare_target{force=false package_id=rustls v0.23.40 target="build-script-build"}: cargo::core::compiler::fingerprint: fingerprint error for rustls v0.23.40/RunCustomBuild/TargetInner { ..: custom_build_target("build-script-build", "/Users/huangjiajiang/.cargo/registry/src/rsproxy.cn-e3de039b2554c837/rustls-0.23.40/build.rs", Edition2021) }
   0.169848958s  INFO prepare_target{force=false package_id=rustls v0.23.40 target="build-script-build"}: cargo::core::compiler::fingerprint:     err: failed to read `/Volumes/Kingston/erp-domain-crate-10-final-finance-build/debug/.fingerprint/rustls-44693f79d744ef09/run-build-script-build-script-build`

Caused by:
    No such file or directory (os error 2)
   0.169886667s  INFO prepare_target{force=false package_id=rustls v0.23.40 target="build-script-build"}: cargo::core::compiler::fingerprint: fingerprint error for rustls v0.23.40/Build/TargetInner { ..: custom_build_target("build-script-build", "/Users/huangjiajiang/.cargo/registry/src/rsproxy.cn-e3de039b2554c837/rustls-0.23.40/build.rs", Edition2021) }
   0.169889042s  INFO prepare_target{force=false package_id=rustls v0.23.40 target="build-script-build"}: cargo::core::compiler::fingerprint:     err: failed to read `/Volumes/Kingston/erp-domain-crate-10-final-finance-build/debug/.fingerprint/rustls-48efb85bdd7baea0/build-script-build-script-build`

Caused by:
    No such file or directory (os error 2)
   0.169948167s  INFO prepare_target{force=false package_id=rustls-webpki v0.103.13 target="webpki"}: cargo::core::compiler::fingerprint: fingerprint error for rustls-webpki v0.103.13/Build/TargetInner { ..: lib_target("webpki", ["lib"], "/Users/huangjiajiang/.cargo/registry/src/rsproxy.cn-e3de039b2554c837/rustls-webpki-0.103.13/src/lib.rs", Edition2021) }
   0.169950875s  INFO prepare_target{force=false package_id=rustls-webpki v0.103.13 target="webpki"}: cargo::core::compiler::fingerprint:     err: failed to read `/Volumes/Kingston/erp-domain-crate-10-final-finance-build/debug/.fingerprint/rustls-webpki-6e18fea883d6d31f/lib-webpki`

Caused by:
    No such file or directory (os error 2)
   0.170017583s  INFO prepare_target{force=false package_id=subtle v2.6.1 target="subtle"}: cargo::core::compiler::fingerprint: fingerprint error for subtle v2.6.1/Build/TargetInner { ..: lib_target("subtle", ["lib"], "/Users/huangjiajiang/.cargo/registry/src/rsproxy.cn-e3de039b2554c837/subtle-2.6.1/src/lib.rs", Edition2018) }
   0.170020125s  INFO prepare_target{force=false package_id=subtle v2.6.1 target="subtle"}: cargo::core::compiler::fingerprint:     err: failed to read `/Volumes/Kingston/erp-domain-crate-10-final-finance-build/debug/.fingerprint/subtle-09315654bd21fe1c/lib-subtle`

Caused by:
    No such file or directory (os error 2)
   0.170073667s  INFO prepare_target{force=false package_id=tokio-stream v0.1.18 target="tokio_stream"}: cargo::core::compiler::fingerprint: fingerprint error for tokio-stream v0.1.18/Build/TargetInner { ..: lib_target("tokio_stream", ["lib"], "/Users/huangjiajiang/.cargo/registry/src/rsproxy.cn-e3de039b2554c837/tokio-stream-0.1.18/src/lib.rs", Edition2021) }
   0.170076500s  INFO prepare_target{force=false package_id=tokio-stream v0.1.18 target="tokio_stream"}: cargo::core::compiler::fingerprint:     err: failed to read `/Volumes/Kingston/erp-domain-crate-10-final-finance-build/debug/.fingerprint/tokio-stream-2134e2f21f86ba72/lib-tokio_stream`

Caused by:
    No such file or directory (os error 2)
   0.170149542s  INFO prepare_target{force=false package_id=tonic-prost v0.14.6 target="tonic_prost"}: cargo::core::compiler::fingerprint: fingerprint error for tonic-prost v0.14.6/Build/TargetInner { ..: lib_target("tonic_prost", ["lib"], "/Users/huangjiajiang/.cargo/registry/src/rsproxy.cn-e3de039b2554c837/tonic-prost-0.14.6/src/lib.rs", Edition2024) }
   0.170152167s  INFO prepare_target{force=false package_id=tonic-prost v0.14.6 target="tonic_prost"}: cargo::core::compiler::fingerprint:     err: failed to read `/Volumes/Kingston/erp-domain-crate-10-final-finance-build/debug/.fingerprint/tonic-prost-e4c9e285f1eca810/lib-tonic_prost`

Caused by:
    No such file or directory (os error 2)
   0.170295333s  INFO prepare_target{force=false package_id=toml v1.1.4+spec-1.1.0 target="toml"}: cargo::core::compiler::fingerprint: fingerprint error for toml v1.1.4+spec-1.1.0/Build/TargetInner { ..: lib_target("toml", ["lib"], "/Users/huangjiajiang/.cargo/registry/src/rsproxy.cn-e3de039b2554c837/toml-1.1.4+spec-1.1.0/src/lib.rs", Edition2024) }
   0.170298083s  INFO prepare_target{force=false package_id=toml v1.1.4+spec-1.1.0 target="toml"}: cargo::core::compiler::fingerprint:     err: failed to read `/Volumes/Kingston/erp-domain-crate-10-final-finance-build/debug/.fingerprint/toml-6cfed0bfdc332482/lib-toml`

Caused by:
    No such file or directory (os error 2)
   0.170360667s  INFO prepare_target{force=false package_id=serde_spanned v1.1.1 target="serde_spanned"}: cargo::core::compiler::fingerprint: fingerprint error for serde_spanned v1.1.1/Build/TargetInner { ..: lib_target("serde_spanned", ["lib"], "/Users/huangjiajiang/.cargo/registry/src/rsproxy.cn-e3de039b2554c837/serde_spanned-1.1.1/src/lib.rs", Edition2024) }
   0.170363417s  INFO prepare_target{force=false package_id=serde_spanned v1.1.1 target="serde_spanned"}: cargo::core::compiler::fingerprint:     err: failed to read `/Volumes/Kingston/erp-domain-crate-10-final-finance-build/debug/.fingerprint/serde_spanned-c5e3ac2a1a9f36d8/lib-serde_spanned`

Caused by:
    No such file or directory (os error 2)
   0.170417708s  INFO prepare_target{force=false package_id=toml_datetime v1.1.1+spec-1.1.0 target="toml_datetime"}: cargo::core::compiler::fingerprint: fingerprint error for toml_datetime v1.1.1+spec-1.1.0/Build/TargetInner { ..: lib_target("toml_datetime", ["lib"], "/Users/huangjiajiang/.cargo/registry/src/rsproxy.cn-e3de039b2554c837/toml_datetime-1.1.1+spec-1.1.0/src/lib.rs", Edition2024) }
   0.170420375s  INFO prepare_target{force=false package_id=toml_datetime v1.1.1+spec-1.1.0 target="toml_datetime"}: cargo::core::compiler::fingerprint:     err: failed to read `/Volumes/Kingston/erp-domain-crate-10-final-finance-build/debug/.fingerprint/toml_datetime-f9c0c65db157fae1/lib-toml_datetime`

Caused by:
    No such file or directory (os error 2)
   0.170477000s  INFO prepare_target{force=false package_id=toml_parser v1.1.3+spec-1.1.0 target="toml_parser"}: cargo::core::compiler::fingerprint: fingerprint error for toml_parser v1.1.3+spec-1.1.0/Build/TargetInner { ..: lib_target("toml_parser", ["lib"], "/Users/huangjiajiang/.cargo/registry/src/rsproxy.cn-e3de039b2554c837/toml_parser-1.1.3+spec-1.1.0/src/lib.rs", Edition2024) }
   0.170479458s  INFO prepare_target{force=false package_id=toml_parser v1.1.3+spec-1.1.0 target="toml_parser"}: cargo::core::compiler::fingerprint:     err: failed to read `/Volumes/Kingston/erp-domain-crate-10-final-finance-build/debug/.fingerprint/toml_parser-958f5dca5d28f8e6/lib-toml_parser`

Caused by:
    No such file or directory (os error 2)
   0.170532625s  INFO prepare_target{force=false package_id=winnow v1.0.2 target="winnow"}: cargo::core::compiler::fingerprint: fingerprint error for winnow v1.0.2/Build/TargetInner { ..: lib_target("winnow", ["lib"], "/Users/huangjiajiang/.cargo/registry/src/rsproxy.cn-e3de039b2554c837/winnow-1.0.2/src/lib.rs", Edition2021) }
   0.170535167s  INFO prepare_target{force=false package_id=winnow v1.0.2 target="winnow"}: cargo::core::compiler::fingerprint:     err: failed to read `/Volumes/Kingston/erp-domain-crate-10-final-finance-build/debug/.fingerprint/winnow-fc9d25beda66cc3a/lib-winnow`

Caused by:
    No such file or directory (os error 2)
   0.170582958s  INFO prepare_target{force=false package_id=toml_writer v1.1.2+spec-1.1.0 target="toml_writer"}: cargo::core::compiler::fingerprint: fingerprint error for toml_writer v1.1.2+spec-1.1.0/Build/TargetInner { ..: lib_target("toml_writer", ["lib"], "/Users/huangjiajiang/.cargo/registry/src/rsproxy.cn-e3de039b2554c837/toml_writer-1.1.2+spec-1.1.0/src/lib.rs", Edition2024) }
   0.170585833s  INFO prepare_target{force=false package_id=toml_writer v1.1.2+spec-1.1.0 target="toml_writer"}: cargo::core::compiler::fingerprint:     err: failed to read `/Volumes/Kingston/erp-domain-crate-10-final-finance-build/debug/.fingerprint/toml_writer-4e538b264df05611/lib-toml_writer`

Caused by:
    No such file or directory (os error 2)
   0.170637958s  INFO prepare_target{force=false package_id=database v0.1.0 (/private/tmp/erp-domain-crate-10-sales/backend/database) target="database"}: cargo::core::compiler::fingerprint: fingerprint error for database v0.1.0 (/private/tmp/erp-domain-crate-10-sales/backend/database)/Build/TargetInner { name_inferred: true, ..: lib_target("database", ["lib"], "/private/tmp/erp-domain-crate-10-sales/backend/database/src/lib.rs", Edition2021) }
   0.170641333s  INFO prepare_target{force=false package_id=database v0.1.0 (/private/tmp/erp-domain-crate-10-sales/backend/database) target="database"}: cargo::core::compiler::fingerprint:     err: failed to read `/Volumes/Kingston/erp-domain-crate-10-final-finance-build/debug/.fingerprint/database-a138674bd362ddc2/lib-database`

Caused by:
    No such file or directory (os error 2)
   0.170923083s  INFO prepare_target{force=false package_id=bpm v0.1.0 (/private/tmp/erp-domain-crate-10-sales/backend/crates/bpm) target="bpm"}: cargo::core::compiler::fingerprint: fingerprint error for bpm v0.1.0 (/private/tmp/erp-domain-crate-10-sales/backend/crates/bpm)/Build/TargetInner { name_inferred: true, ..: lib_target("bpm", ["lib"], "/private/tmp/erp-domain-crate-10-sales/backend/crates/bpm/src/lib.rs", Edition2021) }
   0.170926375s  INFO prepare_target{force=false package_id=bpm v0.1.0 (/private/tmp/erp-domain-crate-10-sales/backend/crates/bpm) target="bpm"}: cargo::core::compiler::fingerprint:     err: failed to read `/Volumes/Kingston/erp-domain-crate-10-final-finance-build/debug/.fingerprint/bpm-1a217a5477ac8f77/lib-bpm`

Caused by:
    No such file or directory (os error 2)
   0.170993833s  INFO prepare_target{force=false package_id=casbin v2.20.0 target="casbin"}: cargo::core::compiler::fingerprint: fingerprint error for casbin v2.20.0/Build/TargetInner { benched: false, ..: lib_target("casbin", ["lib"], "/Users/huangjiajiang/.cargo/registry/src/rsproxy.cn-e3de039b2554c837/casbin-2.20.0/src/lib.rs", Edition2021) }
   0.170996792s  INFO prepare_target{force=false package_id=casbin v2.20.0 target="casbin"}: cargo::core::compiler::fingerprint:     err: failed to read `/Volumes/Kingston/erp-domain-crate-10-final-finance-build/debug/.fingerprint/casbin-d28078269397d1b9/lib-casbin`

Caused by:
    No such file or directory (os error 2)
   0.171105375s  INFO prepare_target{force=false package_id=fixedbitset v0.4.2 target="fixedbitset"}: cargo::core::compiler::fingerprint: fingerprint error for fixedbitset v0.4.2/Build/TargetInner { name_inferred: true, ..: lib_target("fixedbitset", ["lib"], "/Users/huangjiajiang/.cargo/registry/src/rsproxy.cn-e3de039b2554c837/fixedbitset-0.4.2/src/lib.rs", Edition2015) }
   0.171108250s  INFO prepare_target{force=false package_id=fixedbitset v0.4.2 target="fixedbitset"}: cargo::core::compiler::fingerprint:     err: failed to read `/Volumes/Kingston/erp-domain-crate-10-final-finance-build/debug/.fingerprint/fixedbitset-583f220f3e56d344/lib-fixedbitset`

Caused by:
    No such file or directory (os error 2)
   0.171168042s  INFO prepare_target{force=false package_id=hashlink v0.9.1 target="hashlink"}: cargo::core::compiler::fingerprint: fingerprint error for hashlink v0.9.1/Build/TargetInner { name_inferred: true, ..: lib_target("hashlink", ["lib"], "/Users/huangjiajiang/.cargo/registry/src/rsproxy.cn-e3de039b2554c837/hashlink-0.9.1/src/lib.rs", Edition2018) }
   0.171171000s  INFO prepare_target{force=false package_id=hashlink v0.9.1 target="hashlink"}: cargo::core::compiler::fingerprint:     err: failed to read `/Volumes/Kingston/erp-domain-crate-10-final-finance-build/debug/.fingerprint/hashlink-92aae644b3367d5d/lib-hashlink`

Caused by:
    No such file or directory (os error 2)
   0.171234417s  INFO prepare_target{force=false package_id=parking_lot v0.12.5 target="parking_lot"}: cargo::core::compiler::fingerprint: fingerprint error for parking_lot v0.12.5/Build/TargetInner { ..: lib_target("parking_lot", ["lib"], "/Users/huangjiajiang/.cargo/registry/src/rsproxy.cn-e3de039b2554c837/parking_lot-0.12.5/src/lib.rs", Edition2021) }
   0.171237042s  INFO prepare_target{force=false package_id=parking_lot v0.12.5 target="parking_lot"}: cargo::core::compiler::fingerprint:     err: failed to read `/Volumes/Kingston/erp-domain-crate-10-final-finance-build/debug/.fingerprint/parking_lot-17d2a9b96d315a4a/lib-parking_lot`

Caused by:
    No such file or directory (os error 2)
   0.171300833s  INFO prepare_target{force=false package_id=petgraph v0.6.5 target="petgraph"}: cargo::core::compiler::fingerprint: fingerprint error for petgraph v0.6.5/Build/TargetInner { benched: false, ..: lib_target("petgraph", ["lib"], "/Users/huangjiajiang/.cargo/registry/src/rsproxy.cn-e3de039b2554c837/petgraph-0.6.5/src/lib.rs", Edition2018) }
   0.171303292s  INFO prepare_target{force=false package_id=petgraph v0.6.5 target="petgraph"}: cargo::core::compiler::fingerprint:     err: failed to read `/Volumes/Kingston/erp-domain-crate-10-final-finance-build/debug/.fingerprint/petgraph-fd6c1051e5c0c37e/lib-petgraph`

Caused by:
    No such file or directory (os error 2)
   0.171356667s  INFO prepare_target{force=false package_id=rhai v1.25.1 target="rhai"}: cargo::core::compiler::fingerprint: fingerprint error for rhai v1.25.1/Build/TargetInner { ..: lib_target("rhai", ["lib"], "/Users/huangjiajiang/.cargo/registry/src/rsproxy.cn-e3de039b2554c837/rhai-1.25.1/src/lib.rs", Edition2018) }
   0.171359167s  INFO prepare_target{force=false package_id=rhai v1.25.1 target="rhai"}: cargo::core::compiler::fingerprint:     err: failed to read `/Volumes/Kingston/erp-domain-crate-10-final-finance-build/debug/.fingerprint/rhai-6b8c25d42f5cd026/lib-rhai`

Caused by:
    No such file or directory (os error 2)
   0.171440417s  INFO prepare_target{force=false package_id=rhai_codegen v3.2.0 target="rhai_codegen"}: cargo::core::compiler::fingerprint: fingerprint error for rhai_codegen v3.2.0/Build/TargetInner { for_host: true, proc_macro: true, ..: lib_target("rhai_codegen", ["proc-macro"], "/Users/huangjiajiang/.cargo/registry/src/rsproxy.cn-e3de039b2554c837/rhai_codegen-3.2.0/src/lib.rs", Edition2018) }
   0.171443417s  INFO prepare_target{force=false package_id=rhai_codegen v3.2.0 target="rhai_codegen"}: cargo::core::compiler::fingerprint:     err: failed to read `/Volumes/Kingston/erp-domain-crate-10-final-finance-build/debug/.fingerprint/rhai_codegen-6746568d6db4320d/lib-rhai_codegen`

Caused by:
    No such file or directory (os error 2)
   0.171504375s  INFO prepare_target{force=false package_id=smartstring v1.0.1 target="smartstring"}: cargo::core::compiler::fingerprint: fingerprint error for smartstring v1.0.1/Build/TargetInner { name_inferred: true, ..: lib_target("smartstring", ["lib"], "/Users/huangjiajiang/.cargo/registry/src/rsproxy.cn-e3de039b2554c837/smartstring-1.0.1/src/lib.rs", Edition2021) }
   0.171506958s  INFO prepare_target{force=false package_id=smartstring v1.0.1 target="smartstring"}: cargo::core::compiler::fingerprint:     err: failed to read `/Volumes/Kingston/erp-domain-crate-10-final-finance-build/debug/.fingerprint/smartstring-74b2a2e0c10b962e/lib-smartstring`

Caused by:
    No such file or directory (os error 2)
   0.171702625s  INFO prepare_target{force=false package_id=smartstring v1.0.1 target="build-script-build"}: cargo::core::compiler::fingerprint: fingerprint error for smartstring v1.0.1/RunCustomBuild/TargetInner { ..: custom_build_target("build-script-build", "/Users/huangjiajiang/.cargo/registry/src/rsproxy.cn-e3de039b2554c837/smartstring-1.0.1/build.rs", Edition2021) }
   0.171705167s  INFO prepare_target{force=false package_id=smartstring v1.0.1 target="build-script-build"}: cargo::core::compiler::fingerprint:     err: failed to read `/Volumes/Kingston/erp-domain-crate-10-final-finance-build/debug/.fingerprint/smartstring-562a2ad211c45795/run-build-script-build-script-build`

Caused by:
    No such file or directory (os error 2)
   0.171746500s  INFO prepare_target{force=false package_id=smartstring v1.0.1 target="build-script-build"}: cargo::core::compiler::fingerprint: fingerprint error for smartstring v1.0.1/Build/TargetInner { ..: custom_build_target("build-script-build", "/Users/huangjiajiang/.cargo/registry/src/rsproxy.cn-e3de039b2554c837/smartstring-1.0.1/build.rs", Edition2021) }
   0.171748917s  INFO prepare_target{force=false package_id=smartstring v1.0.1 target="build-script-build"}: cargo::core::compiler::fingerprint:     err: failed to read `/Volumes/Kingston/erp-domain-crate-10-final-finance-build/debug/.fingerprint/smartstring-056b1a1bebbe2128/build-script-build-script-build`

Caused by:
    No such file or directory (os error 2)
   0.171803458s  INFO prepare_target{force=false package_id=static_assertions v1.1.0 target="static_assertions"}: cargo::core::compiler::fingerprint: fingerprint error for static_assertions v1.1.0/Build/TargetInner { name_inferred: true, ..: lib_target("static_assertions", ["lib"], "/Users/huangjiajiang/.cargo/registry/src/rsproxy.cn-e3de039b2554c837/static_assertions-1.1.0/src/lib.rs", Edition2015) }
   0.171806292s  INFO prepare_target{force=false package_id=static_assertions v1.1.0 target="static_assertions"}: cargo::core::compiler::fingerprint:     err: failed to read `/Volumes/Kingston/erp-domain-crate-10-final-finance-build/debug/.fingerprint/static_assertions-ad3411558963059d/lib-static_assertions`

Caused by:
    No such file or directory (os error 2)
   0.171878458s  INFO prepare_target{force=false package_id=thin-vec v0.2.19 target="thin_vec"}: cargo::core::compiler::fingerprint: fingerprint error for thin-vec v0.2.19/Build/TargetInner { ..: lib_target("thin_vec", ["lib"], "/Users/huangjiajiang/.cargo/registry/src/rsproxy.cn-e3de039b2554c837/thin-vec-0.2.19/src/lib.rs", Edition2018) }
   0.171880833s  INFO prepare_target{force=false package_id=thin-vec v0.2.19 target="thin_vec"}: cargo::core::compiler::fingerprint:     err: failed to read `/Volumes/Kingston/erp-domain-crate-10-final-finance-build/debug/.fingerprint/thin-vec-85bddb24f26bf4c0/lib-thin_vec`

Caused by:
    No such file or directory (os error 2)
   0.171944500s  INFO prepare_target{force=false package_id=thiserror v1.0.69 target="thiserror"}: cargo::core::compiler::fingerprint: fingerprint error for thiserror v1.0.69/Build/TargetInner { ..: lib_target("thiserror", ["lib"], "/Users/huangjiajiang/.cargo/registry/src/rsproxy.cn-e3de039b2554c837/thiserror-1.0.69/src/lib.rs", Edition2021) }
   0.171946917s  INFO prepare_target{force=false package_id=thiserror v1.0.69 target="thiserror"}: cargo::core::compiler::fingerprint:     err: failed to read `/Volumes/Kingston/erp-domain-crate-10-final-finance-build/debug/.fingerprint/thiserror-343c6bd5d1f53bc1/lib-thiserror`

Caused by:
    No such file or directory (os error 2)
   0.172111792s  INFO prepare_target{force=false package_id=thiserror v1.0.69 target="build-script-build"}: cargo::core::compiler::fingerprint: fingerprint error for thiserror v1.0.69/RunCustomBuild/TargetInner { ..: custom_build_target("build-script-build", "/Users/huangjiajiang/.cargo/registry/src/rsproxy.cn-e3de039b2554c837/thiserror-1.0.69/build.rs", Edition2021) }
   0.172114500s  INFO prepare_target{force=false package_id=thiserror v1.0.69 target="build-script-build"}: cargo::core::compiler::fingerprint:     err: failed to read `/Volumes/Kingston/erp-domain-crate-10-final-finance-build/debug/.fingerprint/thiserror-0c4fd04958a854c9/run-build-script-build-script-build`

Caused by:
    No such file or directory (os error 2)
   0.172150833s  INFO prepare_target{force=false package_id=thiserror v1.0.69 target="build-script-build"}: cargo::core::compiler::fingerprint: fingerprint error for thiserror v1.0.69/Build/TargetInner { ..: custom_build_target("build-script-build", "/Users/huangjiajiang/.cargo/registry/src/rsproxy.cn-e3de039b2554c837/thiserror-1.0.69/build.rs", Edition2021) }
   0.172153292s  INFO prepare_target{force=false package_id=thiserror v1.0.69 target="build-script-build"}: cargo::core::compiler::fingerprint:     err: failed to read `/Volumes/Kingston/erp-domain-crate-10-final-finance-build/debug/.fingerprint/thiserror-e08b235d1352529e/build-script-build-script-build`

Caused by:
    No such file or directory (os error 2)
   0.172202583s  INFO prepare_target{force=false package_id=thiserror-impl v1.0.69 target="thiserror_impl"}: cargo::core::compiler::fingerprint: fingerprint error for thiserror-impl v1.0.69/Build/TargetInner { for_host: true, proc_macro: true, ..: lib_target("thiserror_impl", ["proc-macro"], "/Users/huangjiajiang/.cargo/registry/src/rsproxy.cn-e3de039b2554c837/thiserror-impl-1.0.69/src/lib.rs", Edition2021) }
   0.172205625s  INFO prepare_target{force=false package_id=thiserror-impl v1.0.69 target="thiserror_impl"}: cargo::core::compiler::fingerprint:     err: failed to read `/Volumes/Kingston/erp-domain-crate-10-final-finance-build/debug/.fingerprint/thiserror-impl-3c5639d1676630db/lib-thiserror_impl`

Caused by:
    No such file or directory (os error 2)
   0.172261208s  INFO prepare_target{force=false package_id=entities v0.1.0 (/private/tmp/erp-domain-crate-10-sales/backend/entities) target="entities"}: cargo::core::compiler::fingerprint: fingerprint error for entities v0.1.0 (/private/tmp/erp-domain-crate-10-sales/backend/entities)/Build/TargetInner { name_inferred: true, ..: lib_target("entities", ["lib"], "/private/tmp/erp-domain-crate-10-sales/backend/entities/src/lib.rs", Edition2021) }
   0.172264167s  INFO prepare_target{force=false package_id=entities v0.1.0 (/private/tmp/erp-domain-crate-10-sales/backend/entities) target="entities"}: cargo::core::compiler::fingerprint:     err: failed to read `/Volumes/Kingston/erp-domain-crate-10-final-finance-build/debug/.fingerprint/entities-6c26336eedfb389b/lib-entities`

Caused by:
    No such file or directory (os error 2)
   0.172485875s  INFO prepare_target{force=false package_id=argon2 v0.5.3 target="argon2"}: cargo::core::compiler::fingerprint: fingerprint error for argon2 v0.5.3/Build/TargetInner { name_inferred: true, ..: lib_target("argon2", ["lib"], "/Users/huangjiajiang/.cargo/registry/src/rsproxy.cn-e3de039b2554c837/argon2-0.5.3/src/lib.rs", Edition2021) }
   0.172488417s  INFO prepare_target{force=false package_id=argon2 v0.5.3 target="argon2"}: cargo::core::compiler::fingerprint:     err: failed to read `/Volumes/Kingston/erp-domain-crate-10-final-finance-build/debug/.fingerprint/argon2-52de2ea5acb4c5b8/lib-argon2`

Caused by:
    No such file or directory (os error 2)
   0.172545542s  INFO prepare_target{force=false package_id=base64ct v1.8.3 target="base64ct"}: cargo::core::compiler::fingerprint: fingerprint error for base64ct v1.8.3/Build/TargetInner { ..: lib_target("base64ct", ["lib"], "/Users/huangjiajiang/.cargo/registry/src/rsproxy.cn-e3de039b2554c837/base64ct-1.8.3/src/lib.rs", Edition2024) }
   0.172548042s  INFO prepare_target{force=false package_id=base64ct v1.8.3 target="base64ct"}: cargo::core::compiler::fingerprint:     err: failed to read `/Volumes/Kingston/erp-domain-crate-10-final-finance-build/debug/.fingerprint/base64ct-b2d85c3cfd33a486/lib-base64ct`

Caused by:
    No such file or directory (os error 2)
   0.172620333s  INFO prepare_target{force=false package_id=blake2 v0.10.6 target="blake2"}: cargo::core::compiler::fingerprint: fingerprint error for blake2 v0.10.6/Build/TargetInner { name_inferred: true, ..: lib_target("blake2", ["lib"], "/Users/huangjiajiang/.cargo/registry/src/rsproxy.cn-e3de039b2554c837/blake2-0.10.6/src/lib.rs", Edition2018) }
   0.172622667s  INFO prepare_target{force=false package_id=blake2 v0.10.6 target="blake2"}: cargo::core::compiler::fingerprint:     err: failed to read `/Volumes/Kingston/erp-domain-crate-10-final-finance-build/debug/.fingerprint/blake2-477d139432a9890f/lib-blake2`

Caused by:
    No such file or directory (os error 2)
   0.172683833s  INFO prepare_target{force=false package_id=digest v0.10.7 target="digest"}: cargo::core::compiler::fingerprint: fingerprint error for digest v0.10.7/Build/TargetInner { name_inferred: true, ..: lib_target("digest", ["lib"], "/Users/huangjiajiang/.cargo/registry/src/rsproxy.cn-e3de039b2554c837/digest-0.10.7/src/lib.rs", Edition2018) }
   0.172686125s  INFO prepare_target{force=false package_id=digest v0.10.7 target="digest"}: cargo::core::compiler::fingerprint:     err: failed to read `/Volumes/Kingston/erp-domain-crate-10-final-finance-build/debug/.fingerprint/digest-8f9f34d47bfb271a/lib-digest`

Caused by:
    No such file or directory (os error 2)
   0.172762208s  INFO prepare_target{force=false package_id=block-buffer v0.10.4 target="block_buffer"}: cargo::core::compiler::fingerprint: fingerprint error for block-buffer v0.10.4/Build/TargetInner { name_inferred: true, ..: lib_target("block_buffer", ["lib"], "/Users/huangjiajiang/.cargo/registry/src/rsproxy.cn-e3de039b2554c837/block-buffer-0.10.4/src/lib.rs", Edition2018) }
   0.172764875s  INFO prepare_target{force=false package_id=block-buffer v0.10.4 target="block_buffer"}: cargo::core::compiler::fingerprint:     err: failed to read `/Volumes/Kingston/erp-domain-crate-10-final-finance-build/debug/.fingerprint/block-buffer-eb772c37a761aa5b/lib-block_buffer`

Caused by:
    No such file or directory (os error 2)
   0.172828417s  INFO prepare_target{force=false package_id=generic-array v0.14.7 target="generic_array"}: cargo::core::compiler::fingerprint: fingerprint error for generic-array v0.14.7/Build/TargetInner { ..: lib_target("generic_array", ["lib"], "/Users/huangjiajiang/.cargo/registry/src/rsproxy.cn-e3de039b2554c837/generic-array-0.14.7/src/lib.rs", Edition2015) }
   0.172831000s  INFO prepare_target{force=false package_id=generic-array v0.14.7 target="generic_array"}: cargo::core::compiler::fingerprint:     err: failed to read `/Volumes/Kingston/erp-domain-crate-10-final-finance-build/debug/.fingerprint/generic-array-bbe1e48671a846ad/lib-generic_array`

Caused by:
    No such file or directory (os error 2)
   0.173024667s  INFO prepare_target{force=false package_id=generic-array v0.14.7 target="build-script-build"}: cargo::core::compiler::fingerprint: fingerprint error for generic-array v0.14.7/RunCustomBuild/TargetInner { ..: custom_build_target("build-script-build", "/Users/huangjiajiang/.cargo/registry/src/rsproxy.cn-e3de039b2554c837/generic-array-0.14.7/build.rs", Edition2015) }
   0.173027333s  INFO prepare_target{force=false package_id=generic-array v0.14.7 target="build-script-build"}: cargo::core::compiler::fingerprint:     err: failed to read `/Volumes/Kingston/erp-domain-crate-10-final-finance-build/debug/.fingerprint/generic-array-25e6c99b8479b3af/run-build-script-build-script-build`

Caused by:
    No such file or directory (os error 2)
   0.173082833s  INFO prepare_target{force=false package_id=generic-array v0.14.7 target="build-script-build"}: cargo::core::compiler::fingerprint: fingerprint error for generic-array v0.14.7/Build/TargetInner { ..: custom_build_target("build-script-build", "/Users/huangjiajiang/.cargo/registry/src/rsproxy.cn-e3de039b2554c837/generic-array-0.14.7/build.rs", Edition2015) }
   0.173085417s  INFO prepare_target{force=false package_id=generic-array v0.14.7 target="build-script-build"}: cargo::core::compiler::fingerprint:     err: failed to read `/Volumes/Kingston/erp-domain-crate-10-final-finance-build/debug/.fingerprint/generic-array-8a8374f3bb3b9b68/build-script-build-script-build`

Caused by:
    No such file or directory (os error 2)
   0.173153083s  INFO prepare_target{force=false package_id=const-oid v0.9.6 target="const_oid"}: cargo::core::compiler::fingerprint: fingerprint error for const-oid v0.9.6/Build/TargetInner { name_inferred: true, ..: lib_target("const_oid", ["lib"], "/Users/huangjiajiang/.cargo/registry/src/rsproxy.cn-e3de039b2554c837/const-oid-0.9.6/src/lib.rs", Edition2021) }
   0.173155750s  INFO prepare_target{force=false package_id=const-oid v0.9.6 target="const_oid"}: cargo::core::compiler::fingerprint:     err: failed to read `/Volumes/Kingston/erp-domain-crate-10-final-finance-build/debug/.fingerprint/const-oid-a0b1426e56e61696/lib-const_oid`

Caused by:
    No such file or directory (os error 2)
   0.173220875s  INFO prepare_target{force=false package_id=crypto-common v0.1.7 target="crypto_common"}: cargo::core::compiler::fingerprint: fingerprint error for crypto-common v0.1.7/Build/TargetInner { ..: lib_target("crypto_common", ["lib"], "/Users/huangjiajiang/.cargo/registry/src/rsproxy.cn-e3de039b2554c837/crypto-common-0.1.7/src/lib.rs", Edition2018) }
   0.173223542s  INFO prepare_target{force=false package_id=crypto-common v0.1.7 target="crypto_common"}: cargo::core::compiler::fingerprint:     err: failed to read `/Volumes/Kingston/erp-domain-crate-10-final-finance-build/debug/.fingerprint/crypto-common-1f9b7f8e609dd655/lib-crypto_common`

Caused by:
    No such file or directory (os error 2)
   0.173286000s  INFO prepare_target{force=false package_id=password-hash v0.5.0 target="password_hash"}: cargo::core::compiler::fingerprint: fingerprint error for password-hash v0.5.0/Build/TargetInner { name_inferred: true, ..: lib_target("password_hash", ["lib"], "/Users/huangjiajiang/.cargo/registry/src/rsproxy.cn-e3de039b2554c837/password-hash-0.5.0/src/lib.rs", Edition2021) }
   0.173288542s  INFO prepare_target{force=false package_id=password-hash v0.5.0 target="password_hash"}: cargo::core::compiler::fingerprint:     err: failed to read `/Volumes/Kingston/erp-domain-crate-10-final-finance-build/debug/.fingerprint/password-hash-52d801a5f75a3584/lib-password_hash`

Caused by:
    No such file or directory (os error 2)
   0.173357000s  INFO prepare_target{force=false package_id=rand_core v0.6.4 target="rand_core"}: cargo::core::compiler::fingerprint: fingerprint error for rand_core v0.6.4/Build/TargetInner { name_inferred: true, ..: lib_target("rand_core", ["lib"], "/Users/huangjiajiang/.cargo/registry/src/rsproxy.cn-e3de039b2554c837/rand_core-0.6.4/src/lib.rs", Edition2018) }
   0.173359583s  INFO prepare_target{force=false package_id=rand_core v0.6.4 target="rand_core"}: cargo::core::compiler::fingerprint:     err: failed to read `/Volumes/Kingston/erp-domain-crate-10-final-finance-build/debug/.fingerprint/rand_core-0eae3f1c10f41def/lib-rand_core`

Caused by:
    No such file or directory (os error 2)
   0.173423042s  INFO prepare_target{force=false package_id=erp-audit v0.1.0 (/private/tmp/erp-domain-crate-10-sales/backend/crates/erp-audit) target="erp_audit"}: cargo::core::compiler::fingerprint: fingerprint error for erp-audit v0.1.0 (/private/tmp/erp-domain-crate-10-sales/backend/crates/erp-audit)/Build/TargetInner { name_inferred: true, ..: lib_target("erp_audit", ["lib"], "/private/tmp/erp-domain-crate-10-sales/backend/crates/erp-audit/src/lib.rs", Edition2021) }
   0.173426083s  INFO prepare_target{force=false package_id=erp-audit v0.1.0 (/private/tmp/erp-domain-crate-10-sales/backend/crates/erp-audit) target="erp_audit"}: cargo::core::compiler::fingerprint:     err: failed to read `/Volumes/Kingston/erp-domain-crate-10-final-finance-build/debug/.fingerprint/erp-audit-6e4902747122f777/lib-erp_audit`

Caused by:
    No such file or directory (os error 2)
   0.173607750s  INFO prepare_target{force=false package_id=id-generator v0.1.0 (/private/tmp/erp-domain-crate-10-sales/backend/crates/id-generator) target="id_generator"}: cargo::core::compiler::fingerprint: fingerprint error for id-generator v0.1.0 (/private/tmp/erp-domain-crate-10-sales/backend/crates/id-generator)/Build/TargetInner { name_inferred: true, ..: lib_target("id_generator", ["lib"], "/private/tmp/erp-domain-crate-10-sales/backend/crates/id-generator/src/lib.rs", Edition2021) }
   0.173610625s  INFO prepare_target{force=false package_id=id-generator v0.1.0 (/private/tmp/erp-domain-crate-10-sales/backend/crates/id-generator) target="id_generator"}: cargo::core::compiler::fingerprint:     err: failed to read `/Volumes/Kingston/erp-domain-crate-10-final-finance-build/debug/.fingerprint/id-generator-8212f548e5bf9ee3/lib-id_generator`

Caused by:
    No such file or directory (os error 2)
   0.173785750s  INFO prepare_target{force=false package_id=mongodb v3.8.1 target="mongodb"}: cargo::core::compiler::fingerprint: fingerprint error for mongodb v3.8.1/Build/TargetInner { ..: lib_target("mongodb", ["lib"], "/Users/huangjiajiang/.cargo/registry/src/rsproxy.cn-e3de039b2554c837/mongodb-3.8.1/src/lib.rs", Edition2021) }
   0.173789042s  INFO prepare_target{force=false package_id=mongodb v3.8.1 target="mongodb"}: cargo::core::compiler::fingerprint:     err: failed to read `/Volumes/Kingston/erp-domain-crate-10-final-finance-build/debug/.fingerprint/mongodb-a187297a589011a0/lib-mongodb`

Caused by:
    No such file or directory (os error 2)
   0.173960167s  INFO prepare_target{force=false package_id=derive-where v1.6.1 target="derive_where"}: cargo::core::compiler::fingerprint: fingerprint error for derive-where v1.6.1/Build/TargetInner { for_host: true, proc_macro: true, ..: lib_target("derive_where", ["proc-macro"], "/Users/huangjiajiang/.cargo/registry/src/rsproxy.cn-e3de039b2554c837/derive-where-1.6.1/src/lib.rs", Edition2021) }
   0.173963375s  INFO prepare_target{force=false package_id=derive-where v1.6.1 target="derive_where"}: cargo::core::compiler::fingerprint:     err: failed to read `/Volumes/Kingston/erp-domain-crate-10-final-finance-build/debug/.fingerprint/derive-where-9ce9e2e453510096/lib-derive_where`

Caused by:
    No such file or directory (os error 2)
   0.174020083s  INFO prepare_target{force=false package_id=derive_more v2.1.1 target="derive_more"}: cargo::core::compiler::fingerprint: fingerprint error for derive_more v2.1.1/Build/TargetInner { ..: lib_target("derive_more", ["lib"], "/Users/huangjiajiang/.cargo/registry/src/rsproxy.cn-e3de039b2554c837/derive_more-2.1.1/src/lib.rs", Edition2021) }
   0.174023750s  INFO prepare_target{force=false package_id=derive_more v2.1.1 target="derive_more"}: cargo::core::compiler::fingerprint:     err: failed to read `/Volumes/Kingston/erp-domain-crate-10-final-finance-build/debug/.fingerprint/derive_more-96d757db7f024225/lib-derive_more`

Caused by:
    No such file or directory (os error 2)
   0.174094958s  INFO prepare_target{force=false package_id=derive_more-impl v2.1.1 target="derive_more_impl"}: cargo::core::compiler::fingerprint: fingerprint error for derive_more-impl v2.1.1/Build/TargetInner { for_host: true, proc_macro: true, ..: lib_target("derive_more_impl", ["proc-macro"], "/Users/huangjiajiang/.cargo/registry/src/rsproxy.cn-e3de039b2554c837/derive_more-impl-2.1.1/src/lib.rs", Edition2021) }
   0.174098667s  INFO prepare_target{force=false package_id=derive_more-impl v2.1.1 target="derive_more_impl"}: cargo::core::compiler::fingerprint:     err: failed to read `/Volumes/Kingston/erp-domain-crate-10-final-finance-build/debug/.fingerprint/derive_more-impl-40dce36c6d5c352c/lib-derive_more_impl`

Caused by:
    No such file or directory (os error 2)
   0.174209667s  INFO prepare_target{force=false package_id=convert_case v0.10.0 target="convert_case"}: cargo::core::compiler::fingerprint: fingerprint error for convert_case v0.10.0/Build/TargetInner { ..: lib_target("convert_case", ["lib"], "/Users/huangjiajiang/.cargo/registry/src/rsproxy.cn-e3de039b2554c837/convert_case-0.10.0/src/lib.rs", Edition2021) }
   0.174216292s  INFO prepare_target{force=false package_id=convert_case v0.10.0 target="convert_case"}: cargo::core::compiler::fingerprint:     err: failed to read `/Volumes/Kingston/erp-domain-crate-10-final-finance-build/debug/.fingerprint/convert_case-f1ae90c4ed8dbfc6/lib-convert_case`

Caused by:
    No such file or directory (os error 2)
   0.174323000s  INFO prepare_target{force=false package_id=unicode-segmentation v1.13.2 target="unicode_segmentation"}: cargo::core::compiler::fingerprint: fingerprint error for unicode-segmentation v1.13.2/Build/TargetInner { ..: lib_target("unicode_segmentation", ["lib"], "/Users/huangjiajiang/.cargo/registry/src/rsproxy.cn-e3de039b2554c837/unicode-segmentation-1.13.2/src/lib.rs", Edition2018) }
   0.174327250s  INFO prepare_target{force=false package_id=unicode-segmentation v1.13.2 target="unicode_segmentation"}: cargo::core::compiler::fingerprint:     err: failed to read `/Volumes/Kingston/erp-domain-crate-10-final-finance-build/debug/.fingerprint/unicode-segmentation-a7f9f5474b888273/lib-unicode_segmentation`

Caused by:
    No such file or directory (os error 2)
   0.174398500s  INFO prepare_target{force=false package_id=unicode-xid v0.2.6 target="unicode_xid"}: cargo::core::compiler::fingerprint: fingerprint error for unicode-xid v0.2.6/Build/TargetInner { ..: lib_target("unicode_xid", ["lib"], "/Users/huangjiajiang/.cargo/registry/src/rsproxy.cn-e3de039b2554c837/unicode-xid-0.2.6/src/lib.rs", Edition2015) }
   0.174402708s  INFO prepare_target{force=false package_id=unicode-xid v0.2.6 target="unicode_xid"}: cargo::core::compiler::fingerprint:     err: failed to read `/Volumes/Kingston/erp-domain-crate-10-final-finance-build/debug/.fingerprint/unicode-xid-2f9c5ed2ea304221/lib-unicode_xid`

Caused by:
    No such file or directory (os error 2)
   0.174466125s  INFO prepare_target{force=false package_id=hickory-net v0.26.1 target="hickory_net"}: cargo::core::compiler::fingerprint: fingerprint error for hickory-net v0.26.1/Build/TargetInner { ..: lib_target("hickory_net", ["lib"], "/Users/huangjiajiang/.cargo/registry/src/rsproxy.cn-e3de039b2554c837/hickory-net-0.26.1/src/lib.rs", Edition2021) }
   0.174469708s  INFO prepare_target{force=false package_id=hickory-net v0.26.1 target="hickory_net"}: cargo::core::compiler::fingerprint:     err: failed to read `/Volumes/Kingston/erp-domain-crate-10-final-finance-build/debug/.fingerprint/hickory-net-9f95bdd44b3a3093/lib-hickory_net`

Caused by:
    No such file or directory (os error 2)
   0.174598750s  INFO prepare_target{force=false package_id=data-encoding v2.11.0 target="data_encoding"}: cargo::core::compiler::fingerprint: fingerprint error for data-encoding v2.11.0/Build/TargetInner { ..: lib_target("data_encoding", ["lib"], "/Users/huangjiajiang/.cargo/registry/src/rsproxy.cn-e3de039b2554c837/data-encoding-2.11.0/src/lib.rs", Edition2018) }
   0.174602333s  INFO prepare_target{force=false package_id=data-encoding v2.11.0 target="data_encoding"}: cargo::core::compiler::fingerprint:     err: failed to read `/Volumes/Kingston/erp-domain-crate-10-final-finance-build/debug/.fingerprint/data-encoding-50fb4bc6d7c5f100/lib-data_encoding`

Caused by:
    No such file or directory (os error 2)
   0.174668167s  INFO prepare_target{force=false package_id=hickory-proto v0.26.1 target="hickory_proto"}: cargo::core::compiler::fingerprint: fingerprint error for hickory-proto v0.26.1/Build/TargetInner { ..: lib_target("hickory_proto", ["lib"], "/Users/huangjiajiang/.cargo/registry/src/rsproxy.cn-e3de039b2554c837/hickory-proto-0.26.1/src/lib.rs", Edition2021) }
   0.174671875s  INFO prepare_target{force=false package_id=hickory-proto v0.26.1 target="hickory_proto"}: cargo::core::compiler::fingerprint:     err: failed to read `/Volumes/Kingston/erp-domain-crate-10-final-finance-build/debug/.fingerprint/hickory-proto-d237657347e69423/lib-hickory_proto`

Caused by:
    No such file or directory (os error 2)
   0.174777542s  INFO prepare_target{force=false package_id=prefix-trie v0.8.4 target="prefix_trie"}: cargo::core::compiler::fingerprint: fingerprint error for prefix-trie v0.8.4/Build/TargetInner { ..: lib_target("prefix_trie", ["lib"], "/Users/huangjiajiang/.cargo/registry/src/rsproxy.cn-e3de039b2554c837/prefix-trie-0.8.4/src/lib.rs", Edition2021) }
   0.174781500s  INFO prepare_target{force=false package_id=prefix-trie v0.8.4 target="prefix_trie"}: cargo::core::compiler::fingerprint:     err: failed to read `/Volumes/Kingston/erp-domain-crate-10-final-finance-build/debug/.fingerprint/prefix-trie-a7f25a8923b5bcc3/lib-prefix_trie`

Caused by:
    No such file or directory (os error 2)
   0.174856833s  INFO prepare_target{force=false package_id=either v1.15.0 target="either"}: cargo::core::compiler::fingerprint: fingerprint error for either v1.15.0/Build/TargetInner { ..: lib_target("either", ["lib"], "/Users/huangjiajiang/.cargo/registry/src/rsproxy.cn-e3de039b2554c837/either-1.15.0/src/lib.rs", Edition2021) }
   0.174860583s  INFO prepare_target{force=false package_id=either v1.15.0 target="either"}: cargo::core::compiler::fingerprint:     err: failed to read `/Volumes/Kingston/erp-domain-crate-10-final-finance-build/debug/.fingerprint/either-a30ec759e7f5635a/lib-either`

Caused by:
    No such file or directory (os error 2)
   0.174919750s  INFO prepare_target{force=false package_id=tinyvec v1.11.0 target="tinyvec"}: cargo::core::compiler::fingerprint: fingerprint error for tinyvec v1.11.0/Build/TargetInner { ..: lib_target("tinyvec", ["lib"], "/Users/huangjiajiang/.cargo/registry/src/rsproxy.cn-e3de039b2554c837/tinyvec-1.11.0/src/lib.rs", Edition2018) }
   0.174923500s  INFO prepare_target{force=false package_id=tinyvec v1.11.0 target="tinyvec"}: cargo::core::compiler::fingerprint:     err: failed to read `/Volumes/Kingston/erp-domain-crate-10-final-finance-build/debug/.fingerprint/tinyvec-05d8a2bbc8954c86/lib-tinyvec`

Caused by:
    No such file or directory (os error 2)
   0.174990417s  INFO prepare_target{force=false package_id=tinyvec_macros v0.1.1 target="tinyvec_macros"}: cargo::core::compiler::fingerprint: fingerprint error for tinyvec_macros v0.1.1/Build/TargetInner { name_inferred: true, ..: lib_target("tinyvec_macros", ["lib"], "/Users/huangjiajiang/.cargo/registry/src/rsproxy.cn-e3de039b2554c837/tinyvec_macros-0.1.1/src/lib.rs", Edition2018) }
   0.174994542s  INFO prepare_target{force=false package_id=tinyvec_macros v0.1.1 target="tinyvec_macros"}: cargo::core::compiler::fingerprint:     err: failed to read `/Volumes/Kingston/erp-domain-crate-10-final-finance-build/debug/.fingerprint/tinyvec_macros-a990b36b26cb709c/lib-tinyvec_macros`

Caused by:
    No such file or directory (os error 2)
   0.175058625s  INFO prepare_target{force=false package_id=hickory-resolver v0.26.1 target="hickory_resolver"}: cargo::core::compiler::fingerprint: fingerprint error for hickory-resolver v0.26.1/Build/TargetInner { ..: lib_target("hickory_resolver", ["lib"], "/Users/huangjiajiang/.cargo/registry/src/rsproxy.cn-e3de039b2554c837/hickory-resolver-0.26.1/src/lib.rs", Edition2021) }
   0.175062208s  INFO prepare_target{force=false package_id=hickory-resolver v0.26.1 target="hickory_resolver"}: cargo::core::compiler::fingerprint:     err: failed to read `/Volumes/Kingston/erp-domain-crate-10-final-finance-build/debug/.fingerprint/hickory-resolver-5d579b463e19455d/lib-hickory_resolver`

Caused by:
    No such file or directory (os error 2)
   0.175187375s  INFO prepare_target{force=false package_id=moka v0.12.15 target="moka"}: cargo::core::compiler::fingerprint: fingerprint error for moka v0.12.15/Build/TargetInner { ..: lib_target("moka", ["lib"], "/Users/huangjiajiang/.cargo/registry/src/rsproxy.cn-e3de039b2554c837/moka-0.12.15/src/lib.rs", Edition2021) }
   0.175191875s  INFO prepare_target{force=false package_id=moka v0.12.15 target="moka"}: cargo::core::compiler::fingerprint:     err: failed to read `/Volumes/Kingston/erp-domain-crate-10-final-finance-build/debug/.fingerprint/moka-1dd471079fd62aae/lib-moka`

Caused by:
    No such file or directory (os error 2)
   0.175269542s  INFO prepare_target{force=false package_id=crossbeam-channel v0.5.15 target="crossbeam_channel"}: cargo::core::compiler::fingerprint: fingerprint error for crossbeam-channel v0.5.15/Build/TargetInner { ..: lib_target("crossbeam_channel", ["lib"], "/Users/huangjiajiang/.cargo/registry/src/rsproxy.cn-e3de039b2554c837/crossbeam-channel-0.5.15/src/lib.rs", Edition2021) }
   0.175272542s  INFO prepare_target{force=false package_id=crossbeam-channel v0.5.15 target="crossbeam_channel"}: cargo::core::compiler::fingerprint:     err: failed to read `/Volumes/Kingston/erp-domain-crate-10-final-finance-build/debug/.fingerprint/crossbeam-channel-07150e6dc200bc59/lib-crossbeam_channel`

Caused by:
    No such file or directory (os error 2)
   0.175338667s  INFO prepare_target{force=false package_id=crossbeam-epoch v0.9.18 target="crossbeam_epoch"}: cargo::core::compiler::fingerprint: fingerprint error for crossbeam-epoch v0.9.18/Build/TargetInner { name_inferred: true, ..: lib_target("crossbeam_epoch", ["lib"], "/Users/huangjiajiang/.cargo/registry/src/rsproxy.cn-e3de039b2554c837/crossbeam-epoch-0.9.18/src/lib.rs", Edition2021) }
   0.175341333s  INFO prepare_target{force=false package_id=crossbeam-epoch v0.9.18 target="crossbeam_epoch"}: cargo::core::compiler::fingerprint:     err: failed to read `/Volumes/Kingston/erp-domain-crate-10-final-finance-build/debug/.fingerprint/crossbeam-epoch-7c8c697645f6015b/lib-crossbeam_epoch`

Caused by:
    No such file or directory (os error 2)
   0.175405500s  INFO prepare_target{force=false package_id=tagptr v0.2.0 target="tagptr"}: cargo::core::compiler::fingerprint: fingerprint error for tagptr v0.2.0/Build/TargetInner { name_inferred: true, ..: lib_target("tagptr", ["lib"], "/Users/huangjiajiang/.cargo/registry/src/rsproxy.cn-e3de039b2554c837/tagptr-0.2.0/src/lib.rs", Edition2018) }
   0.175408875s  INFO prepare_target{force=false package_id=tagptr v0.2.0 target="tagptr"}: cargo::core::compiler::fingerprint:     err: failed to read `/Volumes/Kingston/erp-domain-crate-10-final-finance-build/debug/.fingerprint/tagptr-8e81fb4dafcd5230/lib-tagptr`

Caused by:
    No such file or directory (os error 2)
   0.175467458s  INFO prepare_target{force=false package_id=resolv-conf v0.7.6 target="resolv_conf"}: cargo::core::compiler::fingerprint: fingerprint error for resolv-conf v0.7.6/Build/TargetInner { ..: lib_target("resolv_conf", ["lib"], "/Users/huangjiajiang/.cargo/registry/src/rsproxy.cn-e3de039b2554c837/resolv-conf-0.7.6/src/lib.rs", Edition2021) }
   0.175471125s  INFO prepare_target{force=false package_id=resolv-conf v0.7.6 target="resolv_conf"}: cargo::core::compiler::fingerprint:     err: failed to read `/Volumes/Kingston/erp-domain-crate-10-final-finance-build/debug/.fingerprint/resolv-conf-4d306d634c47c232/lib-resolv_conf`

Caused by:
    No such file or directory (os error 2)
   0.175536875s  INFO prepare_target{force=false package_id=system-configuration v0.7.0 target="system_configuration"}: cargo::core::compiler::fingerprint: fingerprint error for system-configuration v0.7.0/Build/TargetInner { ..: lib_target("system_configuration", ["lib"], "/Users/huangjiajiang/.cargo/registry/src/rsproxy.cn-e3de039b2554c837/system-configuration-0.7.0/src/lib.rs", Edition2021) }
   0.175541458s  INFO prepare_target{force=false package_id=system-configuration v0.7.0 target="system_configuration"}: cargo::core::compiler::fingerprint:     err: failed to read `/Volumes/Kingston/erp-domain-crate-10-final-finance-build/debug/.fingerprint/system-configuration-d45ba95152e7725e/lib-system_configuration`

Caused by:
    No such file or directory (os error 2)
   0.175612208s  INFO prepare_target{force=false package_id=core-foundation v0.9.4 target="core_foundation"}: cargo::core::compiler::fingerprint: fingerprint error for core-foundation v0.9.4/Build/TargetInner { name_inferred: true, ..: lib_target("core_foundation", ["lib"], "/Users/huangjiajiang/.cargo/registry/src/rsproxy.cn-e3de039b2554c837/core-foundation-0.9.4/src/lib.rs", Edition2018) }
   0.175616083s  INFO prepare_target{force=false package_id=core-foundation v0.9.4 target="core_foundation"}: cargo::core::compiler::fingerprint:     err: failed to read `/Volumes/Kingston/erp-domain-crate-10-final-finance-build/debug/.fingerprint/core-foundation-fceb26c518064fbe/lib-core_foundation`

Caused by:
    No such file or directory (os error 2)
   0.175687417s  INFO prepare_target{force=false package_id=system-configuration-sys v0.6.0 target="system_configuration_sys"}: cargo::core::compiler::fingerprint: fingerprint error for system-configuration-sys v0.6.0/Build/TargetInner { name_inferred: true, ..: lib_target("system_configuration_sys", ["lib"], "/Users/huangjiajiang/.cargo/registry/src/rsproxy.cn-e3de039b2554c837/system-configuration-sys-0.6.0/src/lib.rs", Edition2021) }
   0.175691500s  INFO prepare_target{force=false package_id=system-configuration-sys v0.6.0 target="system_configuration_sys"}: cargo::core::compiler::fingerprint:     err: failed to read `/Volumes/Kingston/erp-domain-crate-10-final-finance-build/debug/.fingerprint/system-configuration-sys-902f67bf356b3383/lib-system_configuration_sys`

Caused by:
    No such file or directory (os error 2)
   0.175907125s  INFO prepare_target{force=false package_id=system-configuration-sys v0.6.0 target="build-script-build"}: cargo::core::compiler::fingerprint: fingerprint error for system-configuration-sys v0.6.0/RunCustomBuild/TargetInner { ..: custom_build_target("build-script-build", "/Users/huangjiajiang/.cargo/registry/src/rsproxy.cn-e3de039b2554c837/system-configuration-sys-0.6.0/build.rs", Edition2021) }
   0.175911542s  INFO prepare_target{force=false package_id=system-configuration-sys v0.6.0 target="build-script-build"}: cargo::core::compiler::fingerprint:     err: failed to read `/Volumes/Kingston/erp-domain-crate-10-final-finance-build/debug/.fingerprint/system-configuration-sys-97b9abaf56aefa9b/run-build-script-build-script-build`

Caused by:
    No such file or directory (os error 2)
   0.175966375s  INFO prepare_target{force=false package_id=system-configuration-sys v0.6.0 target="build-script-build"}: cargo::core::compiler::fingerprint: fingerprint error for system-configuration-sys v0.6.0/Build/TargetInner { ..: custom_build_target("build-script-build", "/Users/huangjiajiang/.cargo/registry/src/rsproxy.cn-e3de039b2554c837/system-configuration-sys-0.6.0/build.rs", Edition2021) }
   0.175970333s  INFO prepare_target{force=false package_id=system-configuration-sys v0.6.0 target="build-script-build"}: cargo::core::compiler::fingerprint:     err: failed to read `/Volumes/Kingston/erp-domain-crate-10-final-finance-build/debug/.fingerprint/system-configuration-sys-ec4415eb58479796/build-script-build-script-build`

Caused by:
    No such file or directory (os error 2)
   0.176043500s  INFO prepare_target{force=false package_id=hmac v0.13.0 target="hmac"}: cargo::core::compiler::fingerprint: fingerprint error for hmac v0.13.0/Build/TargetInner { ..: lib_target("hmac", ["lib"], "/Users/huangjiajiang/.cargo/registry/src/rsproxy.cn-e3de039b2554c837/hmac-0.13.0/src/lib.rs", Edition2024) }
   0.176047167s  INFO prepare_target{force=false package_id=hmac v0.13.0 target="hmac"}: cargo::core::compiler::fingerprint:     err: failed to read `/Volumes/Kingston/erp-domain-crate-10-final-finance-build/debug/.fingerprint/hmac-e1bd30cc62d9dd15/lib-hmac`

Caused by:
    No such file or directory (os error 2)
   0.176119458s  INFO prepare_target{force=false package_id=macro_magic v0.5.1 target="macro_magic"}: cargo::core::compiler::fingerprint: fingerprint error for macro_magic v0.5.1/Build/TargetInner { name_inferred: true, ..: lib_target("macro_magic", ["lib"], "/Users/huangjiajiang/.cargo/registry/src/rsproxy.cn-e3de039b2554c837/macro_magic-0.5.1/src/lib.rs", Edition2021) }
   0.176123250s  INFO prepare_target{force=false package_id=macro_magic v0.5.1 target="macro_magic"}: cargo::core::compiler::fingerprint:     err: failed to read `/Volumes/Kingston/erp-domain-crate-10-final-finance-build/debug/.fingerprint/macro_magic-304111073c063b7b/lib-macro_magic`

Caused by:
    No such file or directory (os error 2)
   0.176197083s  INFO prepare_target{force=false package_id=macro_magic_macros v0.5.1 target="macro_magic_macros"}: cargo::core::compiler::fingerprint: fingerprint error for macro_magic_macros v0.5.1/Build/TargetInner { name_inferred: true, for_host: true, proc_macro: true, ..: lib_target("macro_magic_macros", ["proc-macro"], "/Users/huangjiajiang/.cargo/registry/src/rsproxy.cn-e3de039b2554c837/macro_magic_macros-0.5.1/src/lib.rs", Edition2021) }
   0.176201500s  INFO prepare_target{force=false package_id=macro_magic_macros v0.5.1 target="macro_magic_macros"}: cargo::core::compiler::fingerprint:     err: failed to read `/Volumes/Kingston/erp-domain-crate-10-final-finance-build/debug/.fingerprint/macro_magic_macros-dd6834f6b68618a0/lib-macro_magic_macros`

Caused by:
    No such file or directory (os error 2)
   0.176279625s  INFO prepare_target{force=false package_id=macro_magic_core v0.5.1 target="macro_magic_core"}: cargo::core::compiler::fingerprint: fingerprint error for macro_magic_core v0.5.1/Build/TargetInner { name_inferred: true, ..: lib_target("macro_magic_core", ["lib"], "/Users/huangjiajiang/.cargo/registry/src/rsproxy.cn-e3de039b2554c837/macro_magic_core-0.5.1/src/lib.rs", Edition2021) }
   0.176283458s  INFO prepare_target{force=false package_id=macro_magic_core v0.5.1 target="macro_magic_core"}: cargo::core::compiler::fingerprint:     err: failed to read `/Volumes/Kingston/erp-domain-crate-10-final-finance-build/debug/.fingerprint/macro_magic_core-8f89b03deea7a712/lib-macro_magic_core`

Caused by:
    No such file or directory (os error 2)
   0.176361833s  INFO prepare_target{force=false package_id=derive-syn-parse v0.2.0 target="derive_syn_parse"}: cargo::core::compiler::fingerprint: fingerprint error for derive-syn-parse v0.2.0/Build/TargetInner { name_inferred: true, for_host: true, proc_macro: true, ..: lib_target("derive_syn_parse", ["proc-macro"], "/Users/huangjiajiang/.cargo/registry/src/rsproxy.cn-e3de039b2554c837/derive-syn-parse-0.2.0/src/lib.rs", Edition2018) }
   0.176366042s  INFO prepare_target{force=false package_id=derive-syn-parse v0.2.0 target="derive_syn_parse"}: cargo::core::compiler::fingerprint:     err: failed to read `/Volumes/Kingston/erp-domain-crate-10-final-finance-build/debug/.fingerprint/derive-syn-parse-d96f4fc1d18583d4/lib-derive_syn_parse`

Caused by:
    No such file or directory (os error 2)
   0.176431708s  INFO prepare_target{force=false package_id=macro_magic_core_macros v0.5.1 target="macro_magic_core_macros"}: cargo::core::compiler::fingerprint: fingerprint error for macro_magic_core_macros v0.5.1/Build/TargetInner { name_inferred: true, for_host: true, proc_macro: true, ..: lib_target("macro_magic_core_macros", ["proc-macro"], "/Users/huangjiajiang/.cargo/registry/src/rsproxy.cn-e3de039b2554c837/macro_magic_core_macros-0.5.1/src/lib.rs", Edition2021) }
   0.176435708s  INFO prepare_target{force=false package_id=macro_magic_core_macros v0.5.1 target="macro_magic_core_macros"}: cargo::core::compiler::fingerprint:     err: failed to read `/Volumes/Kingston/erp-domain-crate-10-final-finance-build/debug/.fingerprint/macro_magic_core_macros-b2d8bff06498e5ee/lib-macro_magic_core_macros`

Caused by:
    No such file or directory (os error 2)
   0.176503000s  INFO prepare_target{force=false package_id=md-5 v0.11.0 target="md5"}: cargo::core::compiler::fingerprint: fingerprint error for md-5 v0.11.0/Build/TargetInner { ..: lib_target("md5", ["lib"], "/Users/huangjiajiang/.cargo/registry/src/rsproxy.cn-e3de039b2554c837/md-5-0.11.0/src/lib.rs", Edition2024) }
   0.176506417s  INFO prepare_target{force=false package_id=md-5 v0.11.0 target="md5"}: cargo::core::compiler::fingerprint:     err: failed to read `/Volumes/Kingston/erp-domain-crate-10-final-finance-build/debug/.fingerprint/md-5-eec660acf5db5314/lib-md5`

Caused by:
    No such file or directory (os error 2)
   0.176578083s  INFO prepare_target{force=false package_id=mongodb-internal-macros v3.8.1 target="mongodb_internal_macros"}: cargo::core::compiler::fingerprint: fingerprint error for mongodb-internal-macros v3.8.1/Build/TargetInner { for_host: true, proc_macro: true, ..: lib_target("mongodb_internal_macros", ["proc-macro"], "/Users/huangjiajiang/.cargo/registry/src/rsproxy.cn-e3de039b2554c837/mongodb-internal-macros-3.8.1/src/lib.rs", Edition2021) }
   0.176582333s  INFO prepare_target{force=false package_id=mongodb-internal-macros v3.8.1 target="mongodb_internal_macros"}: cargo::core::compiler::fingerprint:     err: failed to read `/Volumes/Kingston/erp-domain-crate-10-final-finance-build/debug/.fingerprint/mongodb-internal-macros-958cc698699c10c2/lib-mongodb_internal_macros`

Caused by:
    No such file or directory (os error 2)
   0.176664000s  INFO prepare_target{force=false package_id=macro_magic v0.5.1 target="macro_magic"}: cargo::core::compiler::fingerprint: fingerprint error for macro_magic v0.5.1/Build/TargetInner { name_inferred: true, ..: lib_target("macro_magic", ["lib"], "/Users/huangjiajiang/.cargo/registry/src/rsproxy.cn-e3de039b2554c837/macro_magic-0.5.1/src/lib.rs", Edition2021) }
   0.176667917s  INFO prepare_target{force=false package_id=macro_magic v0.5.1 target="macro_magic"}: cargo::core::compiler::fingerprint:     err: failed to read `/Volumes/Kingston/erp-domain-crate-10-final-finance-build/debug/.fingerprint/macro_magic-c8f53b1d3bed9d58/lib-macro_magic`

Caused by:
    No such file or directory (os error 2)
   0.176752750s  INFO prepare_target{force=false package_id=pbkdf2 v0.13.0 target="pbkdf2"}: cargo::core::compiler::fingerprint: fingerprint error for pbkdf2 v0.13.0/Build/TargetInner { ..: lib_target("pbkdf2", ["lib"], "/Users/huangjiajiang/.cargo/registry/src/rsproxy.cn-e3de039b2554c837/pbkdf2-0.13.0/src/lib.rs", Edition2024) }
   0.176757958s  INFO prepare_target{force=false package_id=pbkdf2 v0.13.0 target="pbkdf2"}: cargo::core::compiler::fingerprint:     err: failed to read `/Volumes/Kingston/erp-domain-crate-10-final-finance-build/debug/.fingerprint/pbkdf2-ecfbdae28fb25a9c/lib-pbkdf2`

Caused by:
    No such file or directory (os error 2)
   0.176833625s  INFO prepare_target{force=false package_id=rustc_version_runtime v0.3.0 target="rustc_version_runtime"}: cargo::core::compiler::fingerprint: fingerprint error for rustc_version_runtime v0.3.0/Build/TargetInner { name_inferred: true, ..: lib_target("rustc_version_runtime", ["lib"], "/Users/huangjiajiang/.cargo/registry/src/rsproxy.cn-e3de039b2554c837/rustc_version_runtime-0.3.0/src/lib.rs", Edition2015) }
   0.176837458s  INFO prepare_target{force=false package_id=rustc_version_runtime v0.3.0 target="rustc_version_runtime"}: cargo::core::compiler::fingerprint:     err: failed to read `/Volumes/Kingston/erp-domain-crate-10-final-finance-build/debug/.fingerprint/rustc_version_runtime-23b9131c71b2b01b/lib-rustc_version_runtime`

Caused by:
    No such file or directory (os error 2)
   0.176905167s  INFO prepare_target{force=false package_id=rustc_version v0.4.1 target="rustc_version"}: cargo::core::compiler::fingerprint: fingerprint error for rustc_version v0.4.1/Build/TargetInner { ..: lib_target("rustc_version", ["lib"], "/Users/huangjiajiang/.cargo/registry/src/rsproxy.cn-e3de039b2554c837/rustc_version-0.4.1/src/lib.rs", Edition2018) }
   0.176909042s  INFO prepare_target{force=false package_id=rustc_version v0.4.1 target="rustc_version"}: cargo::core::compiler::fingerprint:     err: failed to read `/Volumes/Kingston/erp-domain-crate-10-final-finance-build/debug/.fingerprint/rustc_version-022f176aeae94094/lib-rustc_version`

Caused by:
    No such file or directory (os error 2)
   0.176969458s  INFO prepare_target{force=false package_id=semver v1.0.28 target="semver"}: cargo::core::compiler::fingerprint: fingerprint error for semver v1.0.28/Build/TargetInner { ..: lib_target("semver", ["lib"], "/Users/huangjiajiang/.cargo/registry/src/rsproxy.cn-e3de039b2554c837/semver-1.0.28/src/lib.rs", Edition2021) }
   0.176973500s  INFO prepare_target{force=false package_id=semver v1.0.28 target="semver"}: cargo::core::compiler::fingerprint:     err: failed to read `/Volumes/Kingston/erp-domain-crate-10-final-finance-build/debug/.fingerprint/semver-23bdd2c190a2ceec/lib-semver`

Caused by:
    No such file or directory (os error 2)
   0.177123000s  INFO prepare_target{force=false package_id=rustc_version_runtime v0.3.0 target="build-script-build"}: cargo::core::compiler::fingerprint: fingerprint error for rustc_version_runtime v0.3.0/RunCustomBuild/TargetInner { ..: custom_build_target("build-script-build", "/Users/huangjiajiang/.cargo/registry/src/rsproxy.cn-e3de039b2554c837/rustc_version_runtime-0.3.0/build.rs", Edition2015) }
   0.177126875s  INFO prepare_target{force=false package_id=rustc_version_runtime v0.3.0 target="build-script-build"}: cargo::core::compiler::fingerprint:     err: failed to read `/Volumes/Kingston/erp-domain-crate-10-final-finance-build/debug/.fingerprint/rustc_version_runtime-ec4bc5eb3aff308d/run-build-script-build-script-build`

Caused by:
    No such file or directory (os error 2)
   0.177160583s  INFO prepare_target{force=false package_id=rustc_version_runtime v0.3.0 target="build-script-build"}: cargo::core::compiler::fingerprint: fingerprint error for rustc_version_runtime v0.3.0/Build/TargetInner { ..: custom_build_target("build-script-build", "/Users/huangjiajiang/.cargo/registry/src/rsproxy.cn-e3de039b2554c837/rustc_version_runtime-0.3.0/build.rs", Edition2015) }
   0.177164500s  INFO prepare_target{force=false package_id=rustc_version_runtime v0.3.0 target="build-script-build"}: cargo::core::compiler::fingerprint:     err: failed to read `/Volumes/Kingston/erp-domain-crate-10-final-finance-build/debug/.fingerprint/rustc_version_runtime-ac9cffb4bf494e6a/build-script-build-script-build`

Caused by:
    No such file or directory (os error 2)
   0.177211583s  INFO prepare_target{force=false package_id=serde_with v3.20.0 target="serde_with"}: cargo::core::compiler::fingerprint: fingerprint error for serde_with v3.20.0/Build/TargetInner { ..: lib_target("serde_with", ["lib"], "/Users/huangjiajiang/.cargo/registry/src/rsproxy.cn-e3de039b2554c837/serde_with-3.20.0/src/lib.rs", Edition2021) }
   0.177214875s  INFO prepare_target{force=false package_id=serde_with v3.20.0 target="serde_with"}: cargo::core::compiler::fingerprint:     err: failed to read `/Volumes/Kingston/erp-domain-crate-10-final-finance-build/debug/.fingerprint/serde_with-ca4e217b0fa13a1f/lib-serde_with`

Caused by:
    No such file or directory (os error 2)
   0.177279292s  INFO prepare_target{force=false package_id=serde_with_macros v3.20.0 target="serde_with_macros"}: cargo::core::compiler::fingerprint: fingerprint error for serde_with_macros v3.20.0/Build/TargetInner { for_host: true, proc_macro: true, ..: lib_target("serde_with_macros", ["proc-macro"], "/Users/huangjiajiang/.cargo/registry/src/rsproxy.cn-e3de039b2554c837/serde_with_macros-3.20.0/src/lib.rs", Edition2021) }
   0.177282917s  INFO prepare_target{force=false package_id=serde_with_macros v3.20.0 target="serde_with_macros"}: cargo::core::compiler::fingerprint:     err: failed to read `/Volumes/Kingston/erp-domain-crate-10-final-finance-build/debug/.fingerprint/serde_with_macros-d5a99d1006af41f3/lib-serde_with_macros`

Caused by:
    No such file or directory (os error 2)
   0.177338750s  INFO prepare_target{force=false package_id=sha1 v0.11.0 target="sha1"}: cargo::core::compiler::fingerprint: fingerprint error for sha1 v0.11.0/Build/TargetInner { ..: lib_target("sha1", ["lib"], "/Users/huangjiajiang/.cargo/registry/src/rsproxy.cn-e3de039b2554c837/sha1-0.11.0/src/lib.rs", Edition2024) }
   0.177342333s  INFO prepare_target{force=false package_id=sha1 v0.11.0 target="sha1"}: cargo::core::compiler::fingerprint:     err: failed to read `/Volumes/Kingston/erp-domain-crate-10-final-finance-build/debug/.fingerprint/sha1-7c450bd79ebdfe16/lib-sha1`

Caused by:
    No such file or directory (os error 2)
   0.177399000s  INFO prepare_target{force=false package_id=stringprep v0.1.5 target="stringprep"}: cargo::core::compiler::fingerprint: fingerprint error for stringprep v0.1.5/Build/TargetInner { name_inferred: true, ..: lib_target("stringprep", ["lib"], "/Users/huangjiajiang/.cargo/registry/src/rsproxy.cn-e3de039b2554c837/stringprep-0.1.5/src/lib.rs", Edition2015) }
   0.177402167s  INFO prepare_target{force=false package_id=stringprep v0.1.5 target="stringprep"}: cargo::core::compiler::fingerprint:     err: failed to read `/Volumes/Kingston/erp-domain-crate-10-final-finance-build/debug/.fingerprint/stringprep-8c83a0d3d0c8d156/lib-stringprep`

Caused by:
    No such file or directory (os error 2)
   0.177457875s  INFO prepare_target{force=false package_id=unicode-bidi v0.3.18 target="unicode_bidi"}: cargo::core::compiler::fingerprint: fingerprint error for unicode-bidi v0.3.18/Build/TargetInner { ..: lib_target("unicode_bidi", ["lib"], "/Users/huangjiajiang/.cargo/registry/src/rsproxy.cn-e3de039b2554c837/unicode-bidi-0.3.18/src/lib.rs", Edition2018) }
   0.177461250s  INFO prepare_target{force=false package_id=unicode-bidi v0.3.18 target="unicode_bidi"}: cargo::core::compiler::fingerprint:     err: failed to read `/Volumes/Kingston/erp-domain-crate-10-final-finance-build/debug/.fingerprint/unicode-bidi-4aafbe2af67bedb5/lib-unicode_bidi`

Caused by:
    No such file or directory (os error 2)
   0.177510792s  INFO prepare_target{force=false package_id=unicode-normalization v0.1.25 target="unicode_normalization"}: cargo::core::compiler::fingerprint: fingerprint error for unicode-normalization v0.1.25/Build/TargetInner { ..: lib_target("unicode_normalization", ["lib"], "/Users/huangjiajiang/.cargo/registry/src/rsproxy.cn-e3de039b2554c837/unicode-normalization-0.1.25/src/lib.rs", Edition2018) }
   0.177514083s  INFO prepare_target{force=false package_id=unicode-normalization v0.1.25 target="unicode_normalization"}: cargo::core::compiler::fingerprint:     err: failed to read `/Volumes/Kingston/erp-domain-crate-10-final-finance-build/debug/.fingerprint/unicode-normalization-8c48a673d83541b2/lib-unicode_normalization`

Caused by:
    No such file or directory (os error 2)
   0.177563375s  INFO prepare_target{force=false package_id=unicode-properties v0.1.4 target="unicode_properties"}: cargo::core::compiler::fingerprint: fingerprint error for unicode-properties v0.1.4/Build/TargetInner { ..: lib_target("unicode_properties", ["lib"], "/Users/huangjiajiang/.cargo/registry/src/rsproxy.cn-e3de039b2554c837/unicode-properties-0.1.4/src/lib.rs", Edition2021) }
   0.177567083s  INFO prepare_target{force=false package_id=unicode-properties v0.1.4 target="unicode_properties"}: cargo::core::compiler::fingerprint:     err: failed to read `/Volumes/Kingston/erp-domain-crate-10-final-finance-build/debug/.fingerprint/unicode-properties-89caac26edc91712/lib-unicode_properties`

Caused by:
    No such file or directory (os error 2)
   0.177623458s  INFO prepare_target{force=false package_id=take_mut v0.2.2 target="take_mut"}: cargo::core::compiler::fingerprint: fingerprint error for take_mut v0.2.2/Build/TargetInner { name_inferred: true, ..: lib_target("take_mut", ["lib"], "/Users/huangjiajiang/.cargo/registry/src/rsproxy.cn-e3de039b2554c837/take_mut-0.2.2/src/lib.rs", Edition2015) }
   0.177627125s  INFO prepare_target{force=false package_id=take_mut v0.2.2 target="take_mut"}: cargo::core::compiler::fingerprint:     err: failed to read `/Volumes/Kingston/erp-domain-crate-10-final-finance-build/debug/.fingerprint/take_mut-1e467926d8ce0806/lib-take_mut`

Caused by:
    No such file or directory (os error 2)
   0.177684542s  INFO prepare_target{force=false package_id=typed-builder v0.22.0 target="typed_builder"}: cargo::core::compiler::fingerprint: fingerprint error for typed-builder v0.22.0/Build/TargetInner { ..: lib_target("typed_builder", ["lib"], "/Users/huangjiajiang/.cargo/registry/src/rsproxy.cn-e3de039b2554c837/typed-builder-0.22.0/src/lib.rs", Edition2021) }
   0.177687792s  INFO prepare_target{force=false package_id=typed-builder v0.22.0 target="typed_builder"}: cargo::core::compiler::fingerprint:     err: failed to read `/Volumes/Kingston/erp-domain-crate-10-final-finance-build/debug/.fingerprint/typed-builder-5cf5b1e7af8d5e10/lib-typed_builder`

Caused by:
    No such file or directory (os error 2)
   0.177744875s  INFO prepare_target{force=false package_id=typed-builder-macro v0.22.0 target="typed_builder_macro"}: cargo::core::compiler::fingerprint: fingerprint error for typed-builder-macro v0.22.0/Build/TargetInner { for_host: true, proc_macro: true, ..: lib_target("typed_builder_macro", ["proc-macro"], "/Users/huangjiajiang/.cargo/registry/src/rsproxy.cn-e3de039b2554c837/typed-builder-macro-0.22.0/src/lib.rs", Edition2021) }
   0.177748542s  INFO prepare_target{force=false package_id=typed-builder-macro v0.22.0 target="typed_builder_macro"}: cargo::core::compiler::fingerprint:     err: failed to read `/Volumes/Kingston/erp-domain-crate-10-final-finance-build/debug/.fingerprint/typed-builder-macro-1889de0e54661ad5/lib-typed_builder_macro`

Caused by:
    No such file or directory (os error 2)
   0.177810708s  INFO prepare_target{force=false package_id=webpki-roots v1.0.7 target="webpki_roots"}: cargo::core::compiler::fingerprint: fingerprint error for webpki-roots v1.0.7/Build/TargetInner { ..: lib_target("webpki_roots", ["lib"], "/Users/huangjiajiang/.cargo/registry/src/rsproxy.cn-e3de039b2554c837/webpki-roots-1.0.7/src/lib.rs", Edition2021) }
   0.177814292s  INFO prepare_target{force=false package_id=webpki-roots v1.0.7 target="webpki_roots"}: cargo::core::compiler::fingerprint:     err: failed to read `/Volumes/Kingston/erp-domain-crate-10-final-finance-build/debug/.fingerprint/webpki-roots-be472d61b5ef1502/lib-webpki_roots`

Caused by:
    No such file or directory (os error 2)
   0.177871375s  INFO prepare_target{force=false package_id=persistence-core v0.1.0 (/private/tmp/erp-domain-crate-10-sales/backend/crates/persistence-core) target="persistence_core"}: cargo::core::compiler::fingerprint: fingerprint error for persistence-core v0.1.0 (/private/tmp/erp-domain-crate-10-sales/backend/crates/persistence-core)/Build/TargetInner { name_inferred: true, ..: lib_target("persistence_core", ["lib"], "/private/tmp/erp-domain-crate-10-sales/backend/crates/persistence-core/src/lib.rs", Edition2021) }
   0.177875750s  INFO prepare_target{force=false package_id=persistence-core v0.1.0 (/private/tmp/erp-domain-crate-10-sales/backend/crates/persistence-core) target="persistence_core"}: cargo::core::compiler::fingerprint:     err: failed to read `/Volumes/Kingston/erp-domain-crate-10-final-finance-build/debug/.fingerprint/persistence-core-567059c14abe0693/lib-persistence_core`

Caused by:
    No such file or directory (os error 2)
   0.178055583s  INFO prepare_target{force=false package_id=erp-catalog v0.1.0 (/private/tmp/erp-domain-crate-10-sales/backend/crates/erp-catalog) target="erp_catalog"}: cargo::core::compiler::fingerprint: fingerprint error for erp-catalog v0.1.0 (/private/tmp/erp-domain-crate-10-sales/backend/crates/erp-catalog)/Build/TargetInner { name_inferred: true, ..: lib_target("erp_catalog", ["lib"], "/private/tmp/erp-domain-crate-10-sales/backend/crates/erp-catalog/src/lib.rs", Edition2021) }
   0.178059708s  INFO prepare_target{force=false package_id=erp-catalog v0.1.0 (/private/tmp/erp-domain-crate-10-sales/backend/crates/erp-catalog) target="erp_catalog"}: cargo::core::compiler::fingerprint:     err: failed to read `/Volumes/Kingston/erp-domain-crate-10-final-finance-build/debug/.fingerprint/erp-catalog-e5eb5fb415cf1685/lib-erp_catalog`

Caused by:
    No such file or directory (os error 2)
   0.178231917s  INFO prepare_target{force=false package_id=erp-contract v0.1.0 (/private/tmp/erp-domain-crate-10-sales/backend/crates/erp-contract) target="erp_contract"}: cargo::core::compiler::fingerprint: fingerprint error for erp-contract v0.1.0 (/private/tmp/erp-domain-crate-10-sales/backend/crates/erp-contract)/Build/TargetInner { name_inferred: true, ..: lib_target("erp_contract", ["lib"], "/private/tmp/erp-domain-crate-10-sales/backend/crates/erp-contract/src/lib.rs", Edition2021) }
   0.178236292s  INFO prepare_target{force=false package_id=erp-contract v0.1.0 (/private/tmp/erp-domain-crate-10-sales/backend/crates/erp-contract) target="erp_contract"}: cargo::core::compiler::fingerprint:     err: failed to read `/Volumes/Kingston/erp-domain-crate-10-final-finance-build/debug/.fingerprint/erp-contract-10f444d5a11adda8/lib-erp_contract`

Caused by:
    No such file or directory (os error 2)
   0.178411917s  INFO prepare_target{force=false package_id=erp-customer v0.1.0 (/private/tmp/erp-domain-crate-10-sales/backend/crates/erp-customer) target="erp_customer"}: cargo::core::compiler::fingerprint: fingerprint error for erp-customer v0.1.0 (/private/tmp/erp-domain-crate-10-sales/backend/crates/erp-customer)/Build/TargetInner { name_inferred: true, ..: lib_target("erp_customer", ["lib"], "/private/tmp/erp-domain-crate-10-sales/backend/crates/erp-customer/src/lib.rs", Edition2021) }
   0.178415875s  INFO prepare_target{force=false package_id=erp-customer v0.1.0 (/private/tmp/erp-domain-crate-10-sales/backend/crates/erp-customer) target="erp_customer"}: cargo::core::compiler::fingerprint:     err: failed to read `/Volumes/Kingston/erp-domain-crate-10-final-finance-build/debug/.fingerprint/erp-customer-319df4e610276819/lib-erp_customer`

Caused by:
    No such file or directory (os error 2)
   0.178585333s  INFO prepare_target{force=false package_id=erp-identity v0.1.0 (/private/tmp/erp-domain-crate-10-sales/backend/crates/erp-identity) target="erp_identity"}: cargo::core::compiler::fingerprint: fingerprint error for erp-identity v0.1.0 (/private/tmp/erp-domain-crate-10-sales/backend/crates/erp-identity)/Build/TargetInner { name_inferred: true, ..: lib_target("erp_identity", ["lib"], "/private/tmp/erp-domain-crate-10-sales/backend/crates/erp-identity/src/lib.rs", Edition2021) }
   0.178588958s  INFO prepare_target{force=false package_id=erp-identity v0.1.0 (/private/tmp/erp-domain-crate-10-sales/backend/crates/erp-identity) target="erp_identity"}: cargo::core::compiler::fingerprint:     err: failed to read `/Volumes/Kingston/erp-domain-crate-10-final-finance-build/debug/.fingerprint/erp-identity-bae13a5a20b29206/lib-erp_identity`

Caused by:
    No such file or directory (os error 2)
   0.178772333s  INFO prepare_target{force=false package_id=md5 v0.8.1 target="md5"}: cargo::core::compiler::fingerprint: fingerprint error for md5 v0.8.1/Build/TargetInner { ..: lib_target("md5", ["lib"], "/Users/huangjiajiang/.cargo/registry/src/rsproxy.cn-e3de039b2554c837/md5-0.8.1/src/lib.rs", Edition2021) }
   0.178775375s  INFO prepare_target{force=false package_id=md5 v0.8.1 target="md5"}: cargo::core::compiler::fingerprint:     err: failed to read `/Volumes/Kingston/erp-domain-crate-10-final-finance-build/debug/.fingerprint/md5-0b5913ef38007a28/lib-md5`

Caused by:
    No such file or directory (os error 2)
   0.178826250s  INFO prepare_target{force=false package_id=erp-inventory v0.1.0 (/private/tmp/erp-domain-crate-10-sales/backend/crates/erp-inventory) target="erp_inventory"}: cargo::core::compiler::fingerprint: fingerprint error for erp-inventory v0.1.0 (/private/tmp/erp-domain-crate-10-sales/backend/crates/erp-inventory)/Build/TargetInner { name_inferred: true, ..: lib_target("erp_inventory", ["lib"], "/private/tmp/erp-domain-crate-10-sales/backend/crates/erp-inventory/src/lib.rs", Edition2021) }
   0.178830042s  INFO prepare_target{force=false package_id=erp-inventory v0.1.0 (/private/tmp/erp-domain-crate-10-sales/backend/crates/erp-inventory) target="erp_inventory"}: cargo::core::compiler::fingerprint:     err: failed to read `/Volumes/Kingston/erp-domain-crate-10-final-finance-build/debug/.fingerprint/erp-inventory-bfb4c1e06c647484/lib-erp_inventory`

Caused by:
    No such file or directory (os error 2)
   0.179031375s  INFO prepare_target{force=false package_id=erp-party v0.1.0 (/private/tmp/erp-domain-crate-10-sales/backend/crates/erp-party) target="erp_party"}: cargo::core::compiler::fingerprint: fingerprint error for erp-party v0.1.0 (/private/tmp/erp-domain-crate-10-sales/backend/crates/erp-party)/Build/TargetInner { name_inferred: true, ..: lib_target("erp_party", ["lib"], "/private/tmp/erp-domain-crate-10-sales/backend/crates/erp-party/src/lib.rs", Edition2021) }
   0.179035292s  INFO prepare_target{force=false package_id=erp-party v0.1.0 (/private/tmp/erp-domain-crate-10-sales/backend/crates/erp-party) target="erp_party"}: cargo::core::compiler::fingerprint:     err: failed to read `/Volumes/Kingston/erp-domain-crate-10-final-finance-build/debug/.fingerprint/erp-party-950b16f03758fbf3/lib-erp_party`

Caused by:
    No such file or directory (os error 2)
   0.179215333s  INFO prepare_target{force=false package_id=aes-gcm v0.11.1 target="aes_gcm"}: cargo::core::compiler::fingerprint: fingerprint error for aes-gcm v0.11.1/Build/TargetInner { ..: lib_target("aes_gcm", ["lib"], "/Users/huangjiajiang/.cargo/registry/src/rsproxy.cn-e3de039b2554c837/aes-gcm-0.11.1/src/lib.rs", Edition2024) }
   0.179218000s  INFO prepare_target{force=false package_id=aes-gcm v0.11.1 target="aes_gcm"}: cargo::core::compiler::fingerprint:     err: failed to read `/Volumes/Kingston/erp-domain-crate-10-final-finance-build/debug/.fingerprint/aes-gcm-d6d288e5e1137a7c/lib-aes_gcm`

Caused by:
    No such file or directory (os error 2)
   0.179282583s  INFO prepare_target{force=false package_id=aead v0.6.1 target="aead"}: cargo::core::compiler::fingerprint: fingerprint error for aead v0.6.1/Build/TargetInner { ..: lib_target("aead", ["lib"], "/Users/huangjiajiang/.cargo/registry/src/rsproxy.cn-e3de039b2554c837/aead-0.6.1/src/lib.rs", Edition2024) }
   0.179284958s  INFO prepare_target{force=false package_id=aead v0.6.1 target="aead"}: cargo::core::compiler::fingerprint:     err: failed to read `/Volumes/Kingston/erp-domain-crate-10-final-finance-build/debug/.fingerprint/aead-afcd4f0b59626edc/lib-aead`

Caused by:
    No such file or directory (os error 2)
   0.179364375s  INFO prepare_target{force=false package_id=inout v0.2.2 target="inout"}: cargo::core::compiler::fingerprint: fingerprint error for inout v0.2.2/Build/TargetInner { ..: lib_target("inout", ["lib"], "/Users/huangjiajiang/.cargo/registry/src/rsproxy.cn-e3de039b2554c837/inout-0.2.2/src/lib.rs", Edition2024) }
   0.179367375s  INFO prepare_target{force=false package_id=inout v0.2.2 target="inout"}: cargo::core::compiler::fingerprint:     err: failed to read `/Volumes/Kingston/erp-domain-crate-10-final-finance-build/debug/.fingerprint/inout-6fb3b896abddc946/lib-inout`

Caused by:
    No such file or directory (os error 2)
   0.179426250s  INFO prepare_target{force=false package_id=aes v0.9.2 target="aes"}: cargo::core::compiler::fingerprint: fingerprint error for aes v0.9.2/Build/TargetInner { ..: lib_target("aes", ["lib"], "/Users/huangjiajiang/.cargo/registry/src/rsproxy.cn-e3de039b2554c837/aes-0.9.2/src/lib.rs", Edition2024) }
   0.179429958s  INFO prepare_target{force=false package_id=aes v0.9.2 target="aes"}: cargo::core::compiler::fingerprint:     err: failed to read `/Volumes/Kingston/erp-domain-crate-10-final-finance-build/debug/.fingerprint/aes-962479f97e555ff0/lib-aes`

Caused by:
    No such file or directory (os error 2)
   0.179488042s  INFO prepare_target{force=false package_id=cipher v0.5.2 target="cipher"}: cargo::core::compiler::fingerprint: fingerprint error for cipher v0.5.2/Build/TargetInner { ..: lib_target("cipher", ["lib"], "/Users/huangjiajiang/.cargo/registry/src/rsproxy.cn-e3de039b2554c837/cipher-0.5.2/src/lib.rs", Edition2024) }
   0.179490708s  INFO prepare_target{force=false package_id=cipher v0.5.2 target="cipher"}: cargo::core::compiler::fingerprint:     err: failed to read `/Volumes/Kingston/erp-domain-crate-10-final-finance-build/debug/.fingerprint/cipher-cabd5d987d2a4cbc/lib-cipher`

Caused by:
    No such file or directory (os error 2)
   0.179544750s  INFO prepare_target{force=false package_id=cpubits v0.1.1 target="cpubits"}: cargo::core::compiler::fingerprint: fingerprint error for cpubits v0.1.1/Build/TargetInner { ..: lib_target("cpubits", ["lib"], "/Users/huangjiajiang/.cargo/registry/src/rsproxy.cn-e3de039b2554c837/cpubits-0.1.1/src/lib.rs", Edition2024) }
   0.179547208s  INFO prepare_target{force=false package_id=cpubits v0.1.1 target="cpubits"}: cargo::core::compiler::fingerprint:     err: failed to read `/Volumes/Kingston/erp-domain-crate-10-final-finance-build/debug/.fingerprint/cpubits-3a9fc109f0e1bda6/lib-cpubits`

Caused by:
    No such file or directory (os error 2)
   0.179605375s  INFO prepare_target{force=false package_id=ctr v0.10.1 target="ctr"}: cargo::core::compiler::fingerprint: fingerprint error for ctr v0.10.1/Build/TargetInner { ..: lib_target("ctr", ["lib"], "/Users/huangjiajiang/.cargo/registry/src/rsproxy.cn-e3de039b2554c837/ctr-0.10.1/src/lib.rs", Edition2024) }
   0.179608083s  INFO prepare_target{force=false package_id=ctr v0.10.1 target="ctr"}: cargo::core::compiler::fingerprint:     err: failed to read `/Volumes/Kingston/erp-domain-crate-10-final-finance-build/debug/.fingerprint/ctr-31fef22ab4d6bdf8/lib-ctr`

Caused by:
    No such file or directory (os error 2)
   0.179668333s  INFO prepare_target{force=false package_id=ghash v0.6.0 target="ghash"}: cargo::core::compiler::fingerprint: fingerprint error for ghash v0.6.0/Build/TargetInner { ..: lib_target("ghash", ["lib"], "/Users/huangjiajiang/.cargo/registry/src/rsproxy.cn-e3de039b2554c837/ghash-0.6.0/src/lib.rs", Edition2024) }
   0.179671042s  INFO prepare_target{force=false package_id=ghash v0.6.0 target="ghash"}: cargo::core::compiler::fingerprint:     err: failed to read `/Volumes/Kingston/erp-domain-crate-10-final-finance-build/debug/.fingerprint/ghash-6a7b7db6831eff20/lib-ghash`

Caused by:
    No such file or directory (os error 2)
   0.179735417s  INFO prepare_target{force=false package_id=polyval v0.7.3 target="polyval"}: cargo::core::compiler::fingerprint: fingerprint error for polyval v0.7.3/Build/TargetInner { ..: lib_target("polyval", ["lib"], "/Users/huangjiajiang/.cargo/registry/src/rsproxy.cn-e3de039b2554c837/polyval-0.7.3/src/lib.rs", Edition2024) }
   0.179737875s  INFO prepare_target{force=false package_id=polyval v0.7.3 target="polyval"}: cargo::core::compiler::fingerprint:     err: failed to read `/Volumes/Kingston/erp-domain-crate-10-final-finance-build/debug/.fingerprint/polyval-3b5398b22647861f/lib-polyval`

Caused by:
    No such file or directory (os error 2)
   0.179800875s  INFO prepare_target{force=false package_id=universal-hash v0.6.1 target="universal_hash"}: cargo::core::compiler::fingerprint: fingerprint error for universal-hash v0.6.1/Build/TargetInner { ..: lib_target("universal_hash", ["lib"], "/Users/huangjiajiang/.cargo/registry/src/rsproxy.cn-e3de039b2554c837/universal-hash-0.6.1/src/lib.rs", Edition2024) }
   0.179804208s  INFO prepare_target{force=false package_id=universal-hash v0.6.1 target="universal_hash"}: cargo::core::compiler::fingerprint:     err: failed to read `/Volumes/Kingston/erp-domain-crate-10-final-finance-build/debug/.fingerprint/universal-hash-12b25b3fd01ba3d1/lib-universal_hash`

Caused by:
    No such file or directory (os error 2)
   0.179866458s  INFO prepare_target{force=false package_id=base64 v0.23.1 target="base64"}: cargo::core::compiler::fingerprint: fingerprint error for base64 v0.23.1/Build/TargetInner { ..: lib_target("base64", ["lib"], "/Users/huangjiajiang/.cargo/registry/src/rsproxy.cn-e3de039b2554c837/base64-0.23.1/src/lib.rs", Edition2021) }
   0.179869458s  INFO prepare_target{force=false package_id=base64 v0.23.1 target="base64"}: cargo::core::compiler::fingerprint:     err: failed to read `/Volumes/Kingston/erp-domain-crate-10-final-finance-build/debug/.fingerprint/base64-d53ce7683d201657/lib-base64`

Caused by:
    No such file or directory (os error 2)
   0.179928042s  INFO prepare_target{force=false package_id=erp-sales v0.1.0 (/private/tmp/erp-domain-crate-10-sales/backend/crates/erp-sales) target="erp_sales"}: cargo::core::compiler::fingerprint: fingerprint error for erp-sales v0.1.0 (/private/tmp/erp-domain-crate-10-sales/backend/crates/erp-sales)/Build/TargetInner { name_inferred: true, ..: lib_target("erp_sales", ["lib"], "/private/tmp/erp-domain-crate-10-sales/backend/crates/erp-sales/src/lib.rs", Edition2021) }
   0.179932042s  INFO prepare_target{force=false package_id=erp-sales v0.1.0 (/private/tmp/erp-domain-crate-10-sales/backend/crates/erp-sales) target="erp_sales"}: cargo::core::compiler::fingerprint:     err: failed to read `/Volumes/Kingston/erp-domain-crate-10-final-finance-build/debug/.fingerprint/erp-sales-6b414b484ded9fc1/lib-erp_sales`

Caused by:
    No such file or directory (os error 2)
   0.180097417s  INFO prepare_target{force=false package_id=erp-supplier v0.1.0 (/private/tmp/erp-domain-crate-10-sales/backend/crates/erp-supplier) target="erp_supplier"}: cargo::core::compiler::fingerprint: fingerprint error for erp-supplier v0.1.0 (/private/tmp/erp-domain-crate-10-sales/backend/crates/erp-supplier)/Build/TargetInner { name_inferred: true, ..: lib_target("erp_supplier", ["lib"], "/private/tmp/erp-domain-crate-10-sales/backend/crates/erp-supplier/src/lib.rs", Edition2021) }
   0.180101375s  INFO prepare_target{force=false package_id=erp-supplier v0.1.0 (/private/tmp/erp-domain-crate-10-sales/backend/crates/erp-supplier) target="erp_supplier"}: cargo::core::compiler::fingerprint:     err: failed to read `/Volumes/Kingston/erp-domain-crate-10-final-finance-build/debug/.fingerprint/erp-supplier-05bed3c70780b35d/lib-erp_supplier`

Caused by:
    No such file or directory (os error 2)
   0.180259167s  INFO prepare_target{force=false package_id=erp-support v0.1.0 (/private/tmp/erp-domain-crate-10-sales/backend/crates/erp-support) target="erp_support"}: cargo::core::compiler::fingerprint: fingerprint error for erp-support v0.1.0 (/private/tmp/erp-domain-crate-10-sales/backend/crates/erp-support)/Build/TargetInner { name_inferred: true, ..: lib_target("erp_support", ["lib"], "/private/tmp/erp-domain-crate-10-sales/backend/crates/erp-support/src/lib.rs", Edition2021) }
   0.180263083s  INFO prepare_target{force=false package_id=erp-support v0.1.0 (/private/tmp/erp-domain-crate-10-sales/backend/crates/erp-support) target="erp_support"}: cargo::core::compiler::fingerprint:     err: failed to read `/Volumes/Kingston/erp-domain-crate-10-final-finance-build/debug/.fingerprint/erp-support-388ad6f18ca50b68/lib-erp_support`

Caused by:
    No such file or directory (os error 2)
   0.180410750s  INFO prepare_target{force=false package_id=erp-warehouse v0.1.0 (/private/tmp/erp-domain-crate-10-sales/backend/crates/erp-warehouse) target="erp_warehouse"}: cargo::core::compiler::fingerprint: fingerprint error for erp-warehouse v0.1.0 (/private/tmp/erp-domain-crate-10-sales/backend/crates/erp-warehouse)/Build/TargetInner { name_inferred: true, ..: lib_target("erp_warehouse", ["lib"], "/private/tmp/erp-domain-crate-10-sales/backend/crates/erp-warehouse/src/lib.rs", Edition2021) }
   0.180414625s  INFO prepare_target{force=false package_id=erp-warehouse v0.1.0 (/private/tmp/erp-domain-crate-10-sales/backend/crates/erp-warehouse) target="erp_warehouse"}: cargo::core::compiler::fingerprint:     err: failed to read `/Volumes/Kingston/erp-domain-crate-10-final-finance-build/debug/.fingerprint/erp-warehouse-bff8775d8cf377ad/lib-erp_warehouse`

Caused by:
    No such file or directory (os error 2)
   0.180570458s  INFO prepare_target{force=false package_id=erp-workflow v0.1.0 (/private/tmp/erp-domain-crate-10-sales/backend/crates/erp-workflow) target="erp_workflow"}: cargo::core::compiler::fingerprint: fingerprint error for erp-workflow v0.1.0 (/private/tmp/erp-domain-crate-10-sales/backend/crates/erp-workflow)/Build/TargetInner { name_inferred: true, ..: lib_target("erp_workflow", ["lib"], "/private/tmp/erp-domain-crate-10-sales/backend/crates/erp-workflow/src/lib.rs", Edition2021) }
   0.180574083s  INFO prepare_target{force=false package_id=erp-workflow v0.1.0 (/private/tmp/erp-domain-crate-10-sales/backend/crates/erp-workflow) target="erp_workflow"}: cargo::core::compiler::fingerprint:     err: failed to read `/Volumes/Kingston/erp-domain-crate-10-final-finance-build/debug/.fingerprint/erp-workflow-0630dd77120e5950/lib-erp_workflow`

Caused by:
    No such file or directory (os error 2)
   0.180733875s  INFO prepare_target{force=false package_id=erp-finance v0.1.0 (/private/tmp/erp-domain-crate-10-sales/backend/crates/erp-finance) target="erp_finance"}: cargo::core::compiler::fingerprint: fingerprint error for erp-finance v0.1.0 (/private/tmp/erp-domain-crate-10-sales/backend/crates/erp-finance)/Build/TargetInner { name_inferred: true, ..: lib_target("erp_finance", ["lib"], "/private/tmp/erp-domain-crate-10-sales/backend/crates/erp-finance/src/lib.rs", Edition2021) }
   0.180738000s  INFO prepare_target{force=false package_id=erp-finance v0.1.0 (/private/tmp/erp-domain-crate-10-sales/backend/crates/erp-finance) target="erp_finance"}: cargo::core::compiler::fingerprint:     err: failed to read `/Volumes/Kingston/erp-domain-crate-10-final-finance-build/debug/.fingerprint/erp-finance-316aa6ef0c1ab668/lib-erp_finance`

Caused by:
    No such file or directory (os error 2)
   0.180889708s  INFO prepare_target{force=false package_id=erp-import v0.1.0 (/private/tmp/erp-domain-crate-10-sales/backend/crates/erp-import) target="erp_import"}: cargo::core::compiler::fingerprint: fingerprint error for erp-import v0.1.0 (/private/tmp/erp-domain-crate-10-sales/backend/crates/erp-import)/Build/TargetInner { name_inferred: true, ..: lib_target("erp_import", ["lib"], "/private/tmp/erp-domain-crate-10-sales/backend/crates/erp-import/src/lib.rs", Edition2021) }
   0.180893958s  INFO prepare_target{force=false package_id=erp-import v0.1.0 (/private/tmp/erp-domain-crate-10-sales/backend/crates/erp-import) target="erp_import"}: cargo::core::compiler::fingerprint:     err: failed to read `/Volumes/Kingston/erp-domain-crate-10-final-finance-build/debug/.fingerprint/erp-import-8e0dabb2c879895d/lib-erp_import`

Caused by:
    No such file or directory (os error 2)
   0.181040750s  INFO prepare_target{force=false package_id=erp-processes v0.1.0 (/private/tmp/erp-domain-crate-10-sales/backend/crates/erp-processes) target="erp_processes"}: cargo::core::compiler::fingerprint: fingerprint error for erp-processes v0.1.0 (/private/tmp/erp-domain-crate-10-sales/backend/crates/erp-processes)/Build/TargetInner { name_inferred: true, ..: lib_target("erp_processes", ["lib"], "/private/tmp/erp-domain-crate-10-sales/backend/crates/erp-processes/src/lib.rs", Edition2021) }
   0.181044833s  INFO prepare_target{force=false package_id=erp-processes v0.1.0 (/private/tmp/erp-domain-crate-10-sales/backend/crates/erp-processes) target="erp_processes"}: cargo::core::compiler::fingerprint:     err: failed to read `/Volumes/Kingston/erp-domain-crate-10-final-finance-build/debug/.fingerprint/erp-processes-c288f0e33b5d8d26/lib-erp_processes`

Caused by:
    No such file or directory (os error 2)
   0.181269958s  INFO prepare_target{force=false package_id=erp-read-models v0.1.0 (/private/tmp/erp-domain-crate-10-sales/backend/crates/erp-read-models) target="erp_read_models"}: cargo::core::compiler::fingerprint: fingerprint error for erp-read-models v0.1.0 (/private/tmp/erp-domain-crate-10-sales/backend/crates/erp-read-models)/Build/TargetInner { name_inferred: true, ..: lib_target("erp_read_models", ["lib"], "/private/tmp/erp-domain-crate-10-sales/backend/crates/erp-read-models/src/lib.rs", Edition2021) }
   0.181274208s  INFO prepare_target{force=false package_id=erp-read-models v0.1.0 (/private/tmp/erp-domain-crate-10-sales/backend/crates/erp-read-models) target="erp_read_models"}: cargo::core::compiler::fingerprint:     err: failed to read `/Volumes/Kingston/erp-domain-crate-10-final-finance-build/debug/.fingerprint/erp-read-models-cc7d5e9f05d3a399/lib-erp_read_models`

Caused by:
    No such file or directory (os error 2)
   0.181501042s  INFO prepare_target{force=false package_id=services v0.1.0 (/private/tmp/erp-domain-crate-10-sales/backend/services) target="services"}: cargo::core::compiler::fingerprint: fingerprint error for services v0.1.0 (/private/tmp/erp-domain-crate-10-sales/backend/services)/Build/TargetInner { name_inferred: true, ..: lib_target("services", ["lib"], "/private/tmp/erp-domain-crate-10-sales/backend/services/src/lib.rs", Edition2021) }
   0.181504958s  INFO prepare_target{force=false package_id=services v0.1.0 (/private/tmp/erp-domain-crate-10-sales/backend/services) target="services"}: cargo::core::compiler::fingerprint:     err: failed to read `/Volumes/Kingston/erp-domain-crate-10-final-finance-build/debug/.fingerprint/services-64878371a5cfe45d/lib-services`

Caused by:
    No such file or directory (os error 2)
   0.181706250s  INFO prepare_target{force=false package_id=hmac v0.12.1 target="hmac"}: cargo::core::compiler::fingerprint: fingerprint error for hmac v0.12.1/Build/TargetInner { name_inferred: true, ..: lib_target("hmac", ["lib"], "/Users/huangjiajiang/.cargo/registry/src/rsproxy.cn-e3de039b2554c837/hmac-0.12.1/src/lib.rs", Edition2018) }
   0.181710167s  INFO prepare_target{force=false package_id=hmac v0.12.1 target="hmac"}: cargo::core::compiler::fingerprint:     err: failed to read `/Volumes/Kingston/erp-domain-crate-10-final-finance-build/debug/.fingerprint/hmac-f2acd518c7f2637e/lib-hmac`

Caused by:
    No such file or directory (os error 2)
   0.181761417s  INFO prepare_target{force=false package_id=jwt v0.16.0 target="jwt"}: cargo::core::compiler::fingerprint: fingerprint error for jwt v0.16.0/Build/TargetInner { name_inferred: true, ..: lib_target("jwt", ["lib"], "/Users/huangjiajiang/.cargo/registry/src/rsproxy.cn-e3de039b2554c837/jwt-0.16.0/src/lib.rs", Edition2018) }
   0.181764833s  INFO prepare_target{force=false package_id=jwt v0.16.0 target="jwt"}: cargo::core::compiler::fingerprint:     err: failed to read `/Volumes/Kingston/erp-domain-crate-10-final-finance-build/debug/.fingerprint/jwt-2eb994946f97ffa9/lib-jwt`

Caused by:
    No such file or directory (os error 2)
   0.181830042s  INFO prepare_target{force=false package_id=base64 v0.13.1 target="base64"}: cargo::core::compiler::fingerprint: fingerprint error for base64 v0.13.1/Build/TargetInner { name_inferred: true, ..: lib_target("base64", ["lib"], "/Users/huangjiajiang/.cargo/registry/src/rsproxy.cn-e3de039b2554c837/base64-0.13.1/src/lib.rs", Edition2018) }
   0.181833625s  INFO prepare_target{force=false package_id=base64 v0.13.1 target="base64"}: cargo::core::compiler::fingerprint:     err: failed to read `/Volumes/Kingston/erp-domain-crate-10-final-finance-build/debug/.fingerprint/base64-4b8a41bd2b60ee80/lib-base64`

Caused by:
    No such file or directory (os error 2)
   0.181877500s  INFO prepare_target{force=false package_id=sha2 v0.10.9 target="sha2"}: cargo::core::compiler::fingerprint: fingerprint error for sha2 v0.10.9/Build/TargetInner { ..: lib_target("sha2", ["lib"], "/Users/huangjiajiang/.cargo/registry/src/rsproxy.cn-e3de039b2554c837/sha2-0.10.9/src/lib.rs", Edition2018) }
   0.181881333s  INFO prepare_target{force=false package_id=sha2 v0.10.9 target="sha2"}: cargo::core::compiler::fingerprint:     err: failed to read `/Volumes/Kingston/erp-domain-crate-10-final-finance-build/debug/.fingerprint/sha2-4ca3248520f1a87d/lib-sha2`

Caused by:
    No such file or directory (os error 2)
   0.181941583s  INFO prepare_target{force=false package_id=cpufeatures v0.2.17 target="cpufeatures"}: cargo::core::compiler::fingerprint: fingerprint error for cpufeatures v0.2.17/Build/TargetInner { ..: lib_target("cpufeatures", ["lib"], "/Users/huangjiajiang/.cargo/registry/src/rsproxy.cn-e3de039b2554c837/cpufeatures-0.2.17/src/lib.rs", Edition2018) }
   0.181945792s  INFO prepare_target{force=false package_id=cpufeatures v0.2.17 target="cpufeatures"}: cargo::core::compiler::fingerprint:     err: failed to read `/Volumes/Kingston/erp-domain-crate-10-final-finance-build/debug/.fingerprint/cpufeatures-f0c6aa11af318276/lib-cpufeatures`

Caused by:
    No such file or directory (os error 2)
   0.181999042s  INFO prepare_target{force=false package_id=opentelemetry v0.32.0 target="opentelemetry"}: cargo::core::compiler::fingerprint: fingerprint error for opentelemetry v0.32.0/Build/TargetInner { benched: false, ..: lib_target("opentelemetry", ["lib"], "/Users/huangjiajiang/.cargo/registry/src/rsproxy.cn-e3de039b2554c837/opentelemetry-0.32.0/src/lib.rs", Edition2021) }
   0.182003208s  INFO prepare_target{force=false package_id=opentelemetry v0.32.0 target="opentelemetry"}: cargo::core::compiler::fingerprint:     err: failed to read `/Volumes/Kingston/erp-domain-crate-10-final-finance-build/debug/.fingerprint/opentelemetry-df10ccb2b319e7d6/lib-opentelemetry`

Caused by:
    No such file or directory (os error 2)
   0.182058167s  INFO prepare_target{force=false package_id=opentelemetry-otlp v0.32.0 target="opentelemetry_otlp"}: cargo::core::compiler::fingerprint: fingerprint error for opentelemetry-otlp v0.32.0/Build/TargetInner { benched: false, ..: lib_target("opentelemetry_otlp", ["lib"], "/Users/huangjiajiang/.cargo/registry/src/rsproxy.cn-e3de039b2554c837/opentelemetry-otlp-0.32.0/src/lib.rs", Edition2021) }
   0.182062167s  INFO prepare_target{force=false package_id=opentelemetry-otlp v0.32.0 target="opentelemetry_otlp"}: cargo::core::compiler::fingerprint:     err: failed to read `/Volumes/Kingston/erp-domain-crate-10-final-finance-build/debug/.fingerprint/opentelemetry-otlp-5442cac31541b82e/lib-opentelemetry_otlp`

Caused by:
    No such file or directory (os error 2)
   0.182203333s  INFO prepare_target{force=false package_id=opentelemetry-proto v0.32.0 target="opentelemetry_proto"}: cargo::core::compiler::fingerprint: fingerprint error for opentelemetry-proto v0.32.0/Build/TargetInner { benched: false, doctest: false, ..: lib_target("opentelemetry_proto", ["lib"], "/Users/huangjiajiang/.cargo/registry/src/rsproxy.cn-e3de039b2554c837/opentelemetry-proto-0.32.0/src/lib.rs", Edition2021) }
   0.182207250s  INFO prepare_target{force=false package_id=opentelemetry-proto v0.32.0 target="opentelemetry_proto"}: cargo::core::compiler::fingerprint:     err: failed to read `/Volumes/Kingston/erp-domain-crate-10-final-finance-build/debug/.fingerprint/opentelemetry-proto-89beabf5ceda29eb/lib-opentelemetry_proto`

Caused by:
    No such file or directory (os error 2)
   0.182330750s  INFO prepare_target{force=false package_id=opentelemetry_sdk v0.32.1 target="opentelemetry_sdk"}: cargo::core::compiler::fingerprint: fingerprint error for opentelemetry_sdk v0.32.1/Build/TargetInner { benched: false, ..: lib_target("opentelemetry_sdk", ["lib"], "/Users/huangjiajiang/.cargo/registry/src/rsproxy.cn-e3de039b2554c837/opentelemetry_sdk-0.32.1/src/lib.rs", Edition2021) }
   0.182333667s  INFO prepare_target{force=false package_id=opentelemetry_sdk v0.32.1 target="opentelemetry_sdk"}: cargo::core::compiler::fingerprint:     err: failed to read `/Volumes/Kingston/erp-domain-crate-10-final-finance-build/debug/.fingerprint/opentelemetry_sdk-2a77b9306275b1d2/lib-opentelemetry_sdk`

Caused by:
    No such file or directory (os error 2)
   0.182401583s  INFO prepare_target{force=false package_id=tonic-types v0.14.6 target="tonic_types"}: cargo::core::compiler::fingerprint: fingerprint error for tonic-types v0.14.6/Build/TargetInner { ..: lib_target("tonic_types", ["lib"], "/Users/huangjiajiang/.cargo/registry/src/rsproxy.cn-e3de039b2554c837/tonic-types-0.14.6/src/lib.rs", Edition2024) }
   0.182405375s  INFO prepare_target{force=false package_id=tonic-types v0.14.6 target="tonic_types"}: cargo::core::compiler::fingerprint:     err: failed to read `/Volumes/Kingston/erp-domain-crate-10-final-finance-build/debug/.fingerprint/tonic-types-20922a217ba4107c/lib-tonic_types`

Caused by:
    No such file or directory (os error 2)
   0.182515458s  INFO prepare_target{force=false package_id=permission-macros v0.1.0 (/private/tmp/erp-domain-crate-10-sales/backend/crates/permission-macros) target="permission_macros"}: cargo::core::compiler::fingerprint: fingerprint error for permission-macros v0.1.0 (/private/tmp/erp-domain-crate-10-sales/backend/crates/permission-macros)/Build/TargetInner { name_inferred: true, for_host: true, proc_macro: true, ..: lib_target("permission_macros", ["proc-macro"], "/private/tmp/erp-domain-crate-10-sales/backend/crates/permission-macros/src/lib.rs", Edition2021) }
   0.182519833s  INFO prepare_target{force=false package_id=permission-macros v0.1.0 (/private/tmp/erp-domain-crate-10-sales/backend/crates/permission-macros) target="permission_macros"}: cargo::core::compiler::fingerprint:     err: failed to read `/Volumes/Kingston/erp-domain-crate-10-final-finance-build/debug/.fingerprint/permission-macros-b16acb53b4f8440b/lib-permission_macros`

Caused by:
    No such file or directory (os error 2)
   0.182574167s  INFO prepare_target{force=false package_id=storage v0.1.0 (/private/tmp/erp-domain-crate-10-sales/backend/crates/storage) target="storage"}: cargo::core::compiler::fingerprint: fingerprint error for storage v0.1.0 (/private/tmp/erp-domain-crate-10-sales/backend/crates/storage)/Build/TargetInner { name_inferred: true, ..: lib_target("storage", ["lib"], "/private/tmp/erp-domain-crate-10-sales/backend/crates/storage/src/lib.rs", Edition2021) }
   0.182578375s  INFO prepare_target{force=false package_id=storage v0.1.0 (/private/tmp/erp-domain-crate-10-sales/backend/crates/storage) target="storage"}: cargo::core::compiler::fingerprint:     err: failed to read `/Volumes/Kingston/erp-domain-crate-10-final-finance-build/debug/.fingerprint/storage-65bebb7b45560621/lib-storage`

Caused by:
    No such file or directory (os error 2)
   0.182765667s  INFO prepare_target{force=false package_id=aws-sdk-s3 v1.143.0 target="aws_sdk_s3"}: cargo::core::compiler::fingerprint: fingerprint error for aws-sdk-s3 v1.143.0/Build/TargetInner { ..: lib_target("aws_sdk_s3", ["lib"], "/Users/huangjiajiang/.cargo/registry/src/rsproxy.cn-e3de039b2554c837/aws-sdk-s3-1.143.0/src/lib.rs", Edition2021) }
   0.182769417s  INFO prepare_target{force=false package_id=aws-sdk-s3 v1.143.0 target="aws_sdk_s3"}: cargo::core::compiler::fingerprint:     err: failed to read `/Volumes/Kingston/erp-domain-crate-10-final-finance-build/debug/.fingerprint/aws-sdk-s3-6a8d5c815d4e9720/lib-aws_sdk_s3`

Caused by:
    No such file or directory (os error 2)
   0.182956875s  INFO prepare_target{force=false package_id=aws-credential-types v1.3.0 target="aws_credential_types"}: cargo::core::compiler::fingerprint: fingerprint error for aws-credential-types v1.3.0/Build/TargetInner { ..: lib_target("aws_credential_types", ["lib"], "/Users/huangjiajiang/.cargo/registry/src/rsproxy.cn-e3de039b2554c837/aws-credential-types-1.3.0/src/lib.rs", Edition2021) }
   0.182960875s  INFO prepare_target{force=false package_id=aws-credential-types v1.3.0 target="aws_credential_types"}: cargo::core::compiler::fingerprint:     err: failed to read `/Volumes/Kingston/erp-domain-crate-10-final-finance-build/debug/.fingerprint/aws-credential-types-126b2b9204eb6511/lib-aws_credential_types`

Caused by:
    No such file or directory (os error 2)
   0.183036792s  INFO prepare_target{force=false package_id=aws-smithy-async v1.3.0 target="aws_smithy_async"}: cargo::core::compiler::fingerprint: fingerprint error for aws-smithy-async v1.3.0/Build/TargetInner { ..: lib_target("aws_smithy_async", ["lib"], "/Users/huangjiajiang/.cargo/registry/src/rsproxy.cn-e3de039b2554c837/aws-smithy-async-1.3.0/src/lib.rs", Edition2021) }
   0.183040500s  INFO prepare_target{force=false package_id=aws-smithy-async v1.3.0 target="aws_smithy_async"}: cargo::core::compiler::fingerprint:     err: failed to read `/Volumes/Kingston/erp-domain-crate-10-final-finance-build/debug/.fingerprint/aws-smithy-async-5d6941f6fa5845ee/lib-aws_smithy_async`

Caused by:
    No such file or directory (os error 2)
   0.183096000s  INFO prepare_target{force=false package_id=aws-smithy-runtime-api v1.15.0 target="aws_smithy_runtime_api"}: cargo::core::compiler::fingerprint: fingerprint error for aws-smithy-runtime-api v1.15.0/Build/TargetInner { ..: lib_target("aws_smithy_runtime_api", ["lib"], "/Users/huangjiajiang/.cargo/registry/src/rsproxy.cn-e3de039b2554c837/aws-smithy-runtime-api-1.15.0/src/lib.rs", Edition2021) }
   0.183099958s  INFO prepare_target{force=false package_id=aws-smithy-runtime-api v1.15.0 target="aws_smithy_runtime_api"}: cargo::core::compiler::fingerprint:     err: failed to read `/Volumes/Kingston/erp-domain-crate-10-final-finance-build/debug/.fingerprint/aws-smithy-runtime-api-ca8440154db912c1/lib-aws_smithy_runtime_api`

Caused by:
    No such file or directory (os error 2)
   0.183176083s  INFO prepare_target{force=false package_id=aws-smithy-runtime-api-macros v1.1.0 target="aws_smithy_runtime_api_macros"}: cargo::core::compiler::fingerprint: fingerprint error for aws-smithy-runtime-api-macros v1.1.0/Build/TargetInner { for_host: true, proc_macro: true, ..: lib_target("aws_smithy_runtime_api_macros", ["proc-macro"], "/Users/huangjiajiang/.cargo/registry/src/rsproxy.cn-e3de039b2554c837/aws-smithy-runtime-api-macros-1.1.0/src/lib.rs", Edition2021) }
   0.183180292s  INFO prepare_target{force=false package_id=aws-smithy-runtime-api-macros v1.1.0 target="aws_smithy_runtime_api_macros"}: cargo::core::compiler::fingerprint:     err: failed to read `/Volumes/Kingston/erp-domain-crate-10-final-finance-build/debug/.fingerprint/aws-smithy-runtime-api-macros-61fb58a9c76181a8/lib-aws_smithy_runtime_api_macros`

Caused by:
    No such file or directory (os error 2)
   0.183233792s  INFO prepare_target{force=false package_id=aws-smithy-types v1.6.2 target="aws_smithy_types"}: cargo::core::compiler::fingerprint: fingerprint error for aws-smithy-types v1.6.2/Build/TargetInner { ..: lib_target("aws_smithy_types", ["lib"], "/Users/huangjiajiang/.cargo/registry/src/rsproxy.cn-e3de039b2554c837/aws-smithy-types-1.6.2/src/lib.rs", Edition2021) }
   0.183237750s  INFO prepare_target{force=false package_id=aws-smithy-types v1.6.2 target="aws_smithy_types"}: cargo::core::compiler::fingerprint:     err: failed to read `/Volumes/Kingston/erp-domain-crate-10-final-finance-build/debug/.fingerprint/aws-smithy-types-7cc1cc1a362216f1/lib-aws_smithy_types`

Caused by:
    No such file or directory (os error 2)
   0.183311792s  INFO prepare_target{force=false package_id=base64-simd v0.8.0 target="base64_simd"}: cargo::core::compiler::fingerprint: fingerprint error for base64-simd v0.8.0/Build/TargetInner { name_inferred: true, ..: lib_target("base64_simd", ["lib"], "/Users/huangjiajiang/.cargo/registry/src/rsproxy.cn-e3de039b2554c837/base64-simd-0.8.0/src/lib.rs", Edition2021) }
   0.183315542s  INFO prepare_target{force=false package_id=base64-simd v0.8.0 target="base64_simd"}: cargo::core::compiler::fingerprint:     err: failed to read `/Volumes/Kingston/erp-domain-crate-10-final-finance-build/debug/.fingerprint/base64-simd-b6542f5d3c0c2d66/lib-base64_simd`

Caused by:
    No such file or directory (os error 2)
   0.183361375s  INFO prepare_target{force=false package_id=outref v0.5.2 target="outref"}: cargo::core::compiler::fingerprint: fingerprint error for outref v0.5.2/Build/TargetInner { ..: lib_target("outref", ["lib"], "/Users/huangjiajiang/.cargo/registry/src/rsproxy.cn-e3de039b2554c837/outref-0.5.2/src/lib.rs", Edition2021) }
   0.183364917s  INFO prepare_target{force=false package_id=outref v0.5.2 target="outref"}: cargo::core::compiler::fingerprint:     err: failed to read `/Volumes/Kingston/erp-domain-crate-10-final-finance-build/debug/.fingerprint/outref-bc81797796c0022d/lib-outref`

Caused by:
    No such file or directory (os error 2)
   0.183411667s  INFO prepare_target{force=false package_id=vsimd v0.8.0 target="vsimd"}: cargo::core::compiler::fingerprint: fingerprint error for vsimd v0.8.0/Build/TargetInner { name_inferred: true, ..: lib_target("vsimd", ["lib"], "/Users/huangjiajiang/.cargo/registry/src/rsproxy.cn-e3de039b2554c837/vsimd-0.8.0/src/lib.rs", Edition2021) }
   0.183415375s  INFO prepare_target{force=false package_id=vsimd v0.8.0 target="vsimd"}: cargo::core::compiler::fingerprint:     err: failed to read `/Volumes/Kingston/erp-domain-crate-10-final-finance-build/debug/.fingerprint/vsimd-f850e4bf62a152d9/lib-vsimd`

Caused by:
    No such file or directory (os error 2)
   0.183465917s  INFO prepare_target{force=false package_id=bytes-utils v0.1.4 target="bytes_utils"}: cargo::core::compiler::fingerprint: fingerprint error for bytes-utils v0.1.4/Build/TargetInner { name_inferred: true, ..: lib_target("bytes_utils", ["lib"], "/Users/huangjiajiang/.cargo/registry/src/rsproxy.cn-e3de039b2554c837/bytes-utils-0.1.4/src/lib.rs", Edition2021) }
   0.183469792s  INFO prepare_target{force=false package_id=bytes-utils v0.1.4 target="bytes_utils"}: cargo::core::compiler::fingerprint:     err: failed to read `/Volumes/Kingston/erp-domain-crate-10-final-finance-build/debug/.fingerprint/bytes-utils-ce9261331d95dfb1/lib-bytes_utils`

Caused by:
    No such file or directory (os error 2)
   0.183515250s  INFO prepare_target{force=false package_id=http v0.2.12 target="http"}: cargo::core::compiler::fingerprint: fingerprint error for http v0.2.12/Build/TargetInner { name_inferred: true, ..: lib_target("http", ["lib"], "/Users/huangjiajiang/.cargo/registry/src/rsproxy.cn-e3de039b2554c837/http-0.2.12/src/lib.rs", Edition2018) }
   0.183519000s  INFO prepare_target{force=false package_id=http v0.2.12 target="http"}: cargo::core::compiler::fingerprint:     err: failed to read `/Volumes/Kingston/erp-domain-crate-10-final-finance-build/debug/.fingerprint/http-96c7ba3bf8a8dfb3/lib-http`

Caused by:
    No such file or directory (os error 2)
   0.183572667s  INFO prepare_target{force=false package_id=http-body v0.4.6 target="http_body"}: cargo::core::compiler::fingerprint: fingerprint error for http-body v0.4.6/Build/TargetInner { name_inferred: true, ..: lib_target("http_body", ["lib"], "/Users/huangjiajiang/.cargo/registry/src/rsproxy.cn-e3de039b2554c837/http-body-0.4.6/src/lib.rs", Edition2018) }
   0.183576458s  INFO prepare_target{force=false package_id=http-body v0.4.6 target="http_body"}: cargo::core::compiler::fingerprint:     err: failed to read `/Volumes/Kingston/erp-domain-crate-10-final-finance-build/debug/.fingerprint/http-body-ef9fb4950f3e463f/lib-http_body`

Caused by:
    No such file or directory (os error 2)
   0.183626417s  INFO prepare_target{force=false package_id=num-integer v0.1.46 target="num_integer"}: cargo::core::compiler::fingerprint: fingerprint error for num-integer v0.1.46/Build/TargetInner { name_inferred: true, ..: lib_target("num_integer", ["lib"], "/Users/huangjiajiang/.cargo/registry/src/rsproxy.cn-e3de039b2554c837/num-integer-0.1.46/src/lib.rs", Edition2018) }
   0.183630167s  INFO prepare_target{force=false package_id=num-integer v0.1.46 target="num_integer"}: cargo::core::compiler::fingerprint:     err: failed to read `/Volumes/Kingston/erp-domain-crate-10-final-finance-build/debug/.fingerprint/num-integer-404ae62b611f448f/lib-num_integer`

Caused by:
    No such file or directory (os error 2)
   0.183676167s  INFO prepare_target{force=false package_id=pin-utils v0.1.0 target="pin_utils"}: cargo::core::compiler::fingerprint: fingerprint error for pin-utils v0.1.0/Build/TargetInner { name_inferred: true, ..: lib_target("pin_utils", ["lib"], "/Users/huangjiajiang/.cargo/registry/src/rsproxy.cn-e3de039b2554c837/pin-utils-0.1.0/src/lib.rs", Edition2018) }
   0.183679917s  INFO prepare_target{force=false package_id=pin-utils v0.1.0 target="pin_utils"}: cargo::core::compiler::fingerprint:     err: failed to read `/Volumes/Kingston/erp-domain-crate-10-final-finance-build/debug/.fingerprint/pin-utils-c71b3adc5553f76f/lib-pin_utils`

Caused by:
    No such file or directory (os error 2)
   0.183731167s  INFO prepare_target{force=false package_id=aws-runtime v1.9.1 target="aws_runtime"}: cargo::core::compiler::fingerprint: fingerprint error for aws-runtime v1.9.1/Build/TargetInner { ..: lib_target("aws_runtime", ["lib"], "/Users/huangjiajiang/.cargo/registry/src/rsproxy.cn-e3de039b2554c837/aws-runtime-1.9.1/src/lib.rs", Edition2021) }
   0.183735208s  INFO prepare_target{force=false package_id=aws-runtime v1.9.1 target="aws_runtime"}: cargo::core::compiler::fingerprint:     err: failed to read `/Volumes/Kingston/erp-domain-crate-10-final-finance-build/debug/.fingerprint/aws-runtime-0efc876935ba7688/lib-aws_runtime`

Caused by:
    No such file or directory (os error 2)
   0.183883125s  INFO prepare_target{force=false package_id=aws-sigv4 v1.5.1 target="aws_sigv4"}: cargo::core::compiler::fingerprint: fingerprint error for aws-sigv4 v1.5.1/Build/TargetInner { ..: lib_target("aws_sigv4", ["lib"], "/Users/huangjiajiang/.cargo/registry/src/rsproxy.cn-e3de039b2554c837/aws-sigv4-1.5.1/src/lib.rs", Edition2021) }
   0.183886917s  INFO prepare_target{force=false package_id=aws-sigv4 v1.5.1 target="aws_sigv4"}: cargo::core::compiler::fingerprint:     err: failed to read `/Volumes/Kingston/erp-domain-crate-10-final-finance-build/debug/.fingerprint/aws-sigv4-10f99c4ff511d4e4/lib-aws_sigv4`

Caused by:
    No such file or directory (os error 2)
   0.183998083s  INFO prepare_target{force=false package_id=aws-smithy-eventstream v0.61.2 target="aws_smithy_eventstream"}: cargo::core::compiler::fingerprint: fingerprint error for aws-smithy-eventstream v0.61.2/Build/TargetInner { ..: lib_target("aws_smithy_eventstream", ["lib"], "/Users/huangjiajiang/.cargo/registry/src/rsproxy.cn-e3de039b2554c837/aws-smithy-eventstream-0.61.2/src/lib.rs", Edition2021) }
   0.184001125s  INFO prepare_target{force=false package_id=aws-smithy-eventstream v0.61.2 target="aws_smithy_eventstream"}: cargo::core::compiler::fingerprint:     err: failed to read `/Volumes/Kingston/erp-domain-crate-10-final-finance-build/debug/.fingerprint/aws-smithy-eventstream-8422828fe053c75d/lib-aws_smithy_eventstream`

Caused by:
    No such file or directory (os error 2)
   0.184076583s  INFO prepare_target{force=false package_id=crc32fast v1.5.0 target="crc32fast"}: cargo::core::compiler::fingerprint: fingerprint error for crc32fast v1.5.0/Build/TargetInner { ..: lib_target("crc32fast", ["lib"], "/Users/huangjiajiang/.cargo/registry/src/rsproxy.cn-e3de039b2554c837/crc32fast-1.5.0/src/lib.rs", Edition2021) }
   0.184079750s  INFO prepare_target{force=false package_id=crc32fast v1.5.0 target="crc32fast"}: cargo::core::compiler::fingerprint:     err: failed to read `/Volumes/Kingston/erp-domain-crate-10-final-finance-build/debug/.fingerprint/crc32fast-9452f4c55f8be7a1/lib-crc32fast`

Caused by:
    No such file or directory (os error 2)
   0.184247792s  INFO prepare_target{force=false package_id=crc32fast v1.5.0 target="build-script-build"}: cargo::core::compiler::fingerprint: fingerprint error for crc32fast v1.5.0/RunCustomBuild/TargetInner { ..: custom_build_target("build-script-build", "/Users/huangjiajiang/.cargo/registry/src/rsproxy.cn-e3de039b2554c837/crc32fast-1.5.0/build.rs", Edition2021) }
   0.184251625s  INFO prepare_target{force=false package_id=crc32fast v1.5.0 target="build-script-build"}: cargo::core::compiler::fingerprint:     err: failed to read `/Volumes/Kingston/erp-domain-crate-10-final-finance-build/debug/.fingerprint/crc32fast-91d44b72e6b4ef8e/run-build-script-build-script-build`

Caused by:
    No such file or directory (os error 2)
   0.184288292s  INFO prepare_target{force=false package_id=crc32fast v1.5.0 target="build-script-build"}: cargo::core::compiler::fingerprint: fingerprint error for crc32fast v1.5.0/Build/TargetInner { ..: custom_build_target("build-script-build", "/Users/huangjiajiang/.cargo/registry/src/rsproxy.cn-e3de039b2554c837/crc32fast-1.5.0/build.rs", Edition2021) }
   0.184291917s  INFO prepare_target{force=false package_id=crc32fast v1.5.0 target="build-script-build"}: cargo::core::compiler::fingerprint:     err: failed to read `/Volumes/Kingston/erp-domain-crate-10-final-finance-build/debug/.fingerprint/crc32fast-2b18a07a49499903/build-script-build-script-build`

Caused by:
    No such file or directory (os error 2)
   0.184344500s  INFO prepare_target{force=false package_id=aws-smithy-http v0.64.0 target="aws_smithy_http"}: cargo::core::compiler::fingerprint: fingerprint error for aws-smithy-http v0.64.0/Build/TargetInner { ..: lib_target("aws_smithy_http", ["lib"], "/Users/huangjiajiang/.cargo/registry/src/rsproxy.cn-e3de039b2554c837/aws-smithy-http-0.64.0/src/lib.rs", Edition2021) }
   0.184348292s  INFO prepare_target{force=false package_id=aws-smithy-http v0.64.0 target="aws_smithy_http"}: cargo::core::compiler::fingerprint:     err: failed to read `/Volumes/Kingston/erp-domain-crate-10-final-finance-build/debug/.fingerprint/aws-smithy-http-b4a9099a11a8233e/lib-aws_smithy_http`

Caused by:
    No such file or directory (os error 2)
   0.184433458s  INFO prepare_target{force=false package_id=crypto-bigint v0.5.5 target="crypto_bigint"}: cargo::core::compiler::fingerprint: fingerprint error for crypto-bigint v0.5.5/Build/TargetInner { name_inferred: true, ..: lib_target("crypto_bigint", ["lib"], "/Users/huangjiajiang/.cargo/registry/src/rsproxy.cn-e3de039b2554c837/crypto-bigint-0.5.5/src/lib.rs", Edition2021) }
   0.184437208s  INFO prepare_target{force=false package_id=crypto-bigint v0.5.5 target="crypto_bigint"}: cargo::core::compiler::fingerprint:     err: failed to read `/Volumes/Kingston/erp-domain-crate-10-final-finance-build/debug/.fingerprint/crypto-bigint-10c1a25177b91f43/lib-crypto_bigint`

Caused by:
    No such file or directory (os error 2)
   0.184501333s  INFO prepare_target{force=false package_id=p256 v0.13.2 target="p256"}: cargo::core::compiler::fingerprint: fingerprint error for p256 v0.13.2/Build/TargetInner { name_inferred: true, ..: lib_target("p256", ["lib"], "/Users/huangjiajiang/.cargo/registry/src/rsproxy.cn-e3de039b2554c837/p256-0.13.2/src/lib.rs", Edition2021) }
   0.184505125s  INFO prepare_target{force=false package_id=p256 v0.13.2 target="p256"}: cargo::core::compiler::fingerprint:     err: failed to read `/Volumes/Kingston/erp-domain-crate-10-final-finance-build/debug/.fingerprint/p256-e38cbd4b2b8c3dc1/lib-p256`

Caused by:
    No such file or directory (os error 2)
   0.184569083s  INFO prepare_target{force=false package_id=ecdsa v0.16.9 target="ecdsa"}: cargo::core::compiler::fingerprint: fingerprint error for ecdsa v0.16.9/Build/TargetInner { name_inferred: true, ..: lib_target("ecdsa", ["lib"], "/Users/huangjiajiang/.cargo/registry/src/rsproxy.cn-e3de039b2554c837/ecdsa-0.16.9/src/lib.rs", Edition2021) }
   0.184574125s  INFO prepare_target{force=false package_id=ecdsa v0.16.9 target="ecdsa"}: cargo::core::compiler::fingerprint:     err: failed to read `/Volumes/Kingston/erp-domain-crate-10-final-finance-build/debug/.fingerprint/ecdsa-859d1c974e08ab52/lib-ecdsa`

Caused by:
    No such file or directory (os error 2)
   0.184637708s  INFO prepare_target{force=false package_id=der v0.7.10 target="der"}: cargo::core::compiler::fingerprint: fingerprint error for der v0.7.10/Build/TargetInner { ..: lib_target("der", ["lib"], "/Users/huangjiajiang/.cargo/registry/src/rsproxy.cn-e3de039b2554c837/der-0.7.10/src/lib.rs", Edition2021) }
   0.184641375s  INFO prepare_target{force=false package_id=der v0.7.10 target="der"}: cargo::core::compiler::fingerprint:     err: failed to read `/Volumes/Kingston/erp-domain-crate-10-final-finance-build/debug/.fingerprint/der-47c13433c94e553b/lib-der`

Caused by:
    No such file or directory (os error 2)
   0.184697333s  INFO prepare_target{force=false package_id=pem-rfc7468 v0.7.0 target="pem_rfc7468"}: cargo::core::compiler::fingerprint: fingerprint error for pem-rfc7468 v0.7.0/Build/TargetInner { name_inferred: true, ..: lib_target("pem_rfc7468", ["lib"], "/Users/huangjiajiang/.cargo/registry/src/rsproxy.cn-e3de039b2554c837/pem-rfc7468-0.7.0/src/lib.rs", Edition2021) }
   0.184701292s  INFO prepare_target{force=false package_id=pem-rfc7468 v0.7.0 target="pem_rfc7468"}: cargo::core::compiler::fingerprint:     err: failed to read `/Volumes/Kingston/erp-domain-crate-10-final-finance-build/debug/.fingerprint/pem-rfc7468-b6e8621e7d4ae66f/lib-pem_rfc7468`

Caused by:
    No such file or directory (os error 2)
   0.184759708s  INFO prepare_target{force=false package_id=elliptic-curve v0.13.8 target="elliptic_curve"}: cargo::core::compiler::fingerprint: fingerprint error for elliptic-curve v0.13.8/Build/TargetInner { name_inferred: true, ..: lib_target("elliptic_curve", ["lib"], "/Users/huangjiajiang/.cargo/registry/src/rsproxy.cn-e3de039b2554c837/elliptic-curve-0.13.8/src/lib.rs", Edition2021) }
   0.184763458s  INFO prepare_target{force=false package_id=elliptic-curve v0.13.8 target="elliptic_curve"}: cargo::core::compiler::fingerprint:     err: failed to read `/Volumes/Kingston/erp-domain-crate-10-final-finance-build/debug/.fingerprint/elliptic-curve-0583d67a74ca6f66/lib-elliptic_curve`

Caused by:
    No such file or directory (os error 2)
   0.184838000s  INFO prepare_target{force=false package_id=base16ct v0.2.0 target="base16ct"}: cargo::core::compiler::fingerprint: fingerprint error for base16ct v0.2.0/Build/TargetInner { name_inferred: true, ..: lib_target("base16ct", ["lib"], "/Users/huangjiajiang/.cargo/registry/src/rsproxy.cn-e3de039b2554c837/base16ct-0.2.0/src/lib.rs", Edition2021) }
   0.184841583s  INFO prepare_target{force=false package_id=base16ct v0.2.0 target="base16ct"}: cargo::core::compiler::fingerprint:     err: failed to read `/Volumes/Kingston/erp-domain-crate-10-final-finance-build/debug/.fingerprint/base16ct-8a26231b32563508/lib-base16ct`

Caused by:
    No such file or directory (os error 2)
   0.184902125s  INFO prepare_target{force=false package_id=ff v0.13.1 target="ff"}: cargo::core::compiler::fingerprint: fingerprint error for ff v0.13.1/Build/TargetInner { name_inferred: true, ..: lib_target("ff", ["lib"], "/Users/huangjiajiang/.cargo/registry/src/rsproxy.cn-e3de039b2554c837/ff-0.13.1/src/lib.rs", Edition2021) }
   0.184905750s  INFO prepare_target{force=false package_id=ff v0.13.1 target="ff"}: cargo::core::compiler::fingerprint:     err: failed to read `/Volumes/Kingston/erp-domain-crate-10-final-finance-build/debug/.fingerprint/ff-281efa527e0514f1/lib-ff`

Caused by:
    No such file or directory (os error 2)
   0.184966042s  INFO prepare_target{force=false package_id=group v0.13.0 target="group"}: cargo::core::compiler::fingerprint: fingerprint error for group v0.13.0/Build/TargetInner { name_inferred: true, ..: lib_target("group", ["lib"], "/Users/huangjiajiang/.cargo/registry/src/rsproxy.cn-e3de039b2554c837/group-0.13.0/src/lib.rs", Edition2021) }
   0.184969958s  INFO prepare_target{force=false package_id=group v0.13.0 target="group"}: cargo::core::compiler::fingerprint:     err: failed to read `/Volumes/Kingston/erp-domain-crate-10-final-finance-build/debug/.fingerprint/group-cc260cfdb229ca72/lib-group`

Caused by:
    No such file or directory (os error 2)
   0.185020625s  INFO prepare_target{force=false package_id=pkcs8 v0.10.2 target="pkcs8"}: cargo::core::compiler::fingerprint: fingerprint error for pkcs8 v0.10.2/Build/TargetInner { name_inferred: true, ..: lib_target("pkcs8", ["lib"], "/Users/huangjiajiang/.cargo/registry/src/rsproxy.cn-e3de039b2554c837/pkcs8-0.10.2/src/lib.rs", Edition2021) }
   0.185024167s  INFO prepare_target{force=false package_id=pkcs8 v0.10.2 target="pkcs8"}: cargo::core::compiler::fingerprint:     err: failed to read `/Volumes/Kingston/erp-domain-crate-10-final-finance-build/debug/.fingerprint/pkcs8-dda40322ce3e2646/lib-pkcs8`

Caused by:
    No such file or directory (os error 2)
   0.185087917s  INFO prepare_target{force=false package_id=spki v0.7.3 target="spki"}: cargo::core::compiler::fingerprint: fingerprint error for spki v0.7.3/Build/TargetInner { name_inferred: true, ..: lib_target("spki", ["lib"], "/Users/huangjiajiang/.cargo/registry/src/rsproxy.cn-e3de039b2554c837/spki-0.7.3/src/lib.rs", Edition2021) }
   0.185091458s  INFO prepare_target{force=false package_id=spki v0.7.3 target="spki"}: cargo::core::compiler::fingerprint:     err: failed to read `/Volumes/Kingston/erp-domain-crate-10-final-finance-build/debug/.fingerprint/spki-ca5429556105a125/lib-spki`

Caused by:
    No such file or directory (os error 2)
   0.185146833s  INFO prepare_target{force=false package_id=sec1 v0.7.3 target="sec1"}: cargo::core::compiler::fingerprint: fingerprint error for sec1 v0.7.3/Build/TargetInner { name_inferred: true, ..: lib_target("sec1", ["lib"], "/Users/huangjiajiang/.cargo/registry/src/rsproxy.cn-e3de039b2554c837/sec1-0.7.3/src/lib.rs", Edition2021) }
   0.185150250s  INFO prepare_target{force=false package_id=sec1 v0.7.3 target="sec1"}: cargo::core::compiler::fingerprint:     err: failed to read `/Volumes/Kingston/erp-domain-crate-10-final-finance-build/debug/.fingerprint/sec1-47bf88bbd30f9b23/lib-sec1`

Caused by:
    No such file or directory (os error 2)
   0.185219375s  INFO prepare_target{force=false package_id=rfc6979 v0.4.0 target="rfc6979"}: cargo::core::compiler::fingerprint: fingerprint error for rfc6979 v0.4.0/Build/TargetInner { name_inferred: true, ..: lib_target("rfc6979", ["lib"], "/Users/huangjiajiang/.cargo/registry/src/rsproxy.cn-e3de039b2554c837/rfc6979-0.4.0/src/lib.rs", Edition2021) }
   0.185222750s  INFO prepare_target{force=false package_id=rfc6979 v0.4.0 target="rfc6979"}: cargo::core::compiler::fingerprint:     err: failed to read `/Volumes/Kingston/erp-domain-crate-10-final-finance-build/debug/.fingerprint/rfc6979-48776fdaea148fbc/lib-rfc6979`

Caused by:
    No such file or directory (os error 2)
   0.185281542s  INFO prepare_target{force=false package_id=signature v2.2.0 target="signature"}: cargo::core::compiler::fingerprint: fingerprint error for signature v2.2.0/Build/TargetInner { name_inferred: true, ..: lib_target("signature", ["lib"], "/Users/huangjiajiang/.cargo/registry/src/rsproxy.cn-e3de039b2554c837/signature-2.2.0/src/lib.rs", Edition2021) }
   0.185284625s  INFO prepare_target{force=false package_id=signature v2.2.0 target="signature"}: cargo::core::compiler::fingerprint:     err: failed to read `/Volumes/Kingston/erp-domain-crate-10-final-finance-build/debug/.fingerprint/signature-a623479d1b6d205b/lib-signature`

Caused by:
    No such file or directory (os error 2)
   0.185335458s  INFO prepare_target{force=false package_id=primeorder v0.13.6 target="primeorder"}: cargo::core::compiler::fingerprint: fingerprint error for primeorder v0.13.6/Build/TargetInner { name_inferred: true, ..: lib_target("primeorder", ["lib"], "/Users/huangjiajiang/.cargo/registry/src/rsproxy.cn-e3de039b2554c837/primeorder-0.13.6/src/lib.rs", Edition2021) }
   0.185339042s  INFO prepare_target{force=false package_id=primeorder v0.13.6 target="primeorder"}: cargo::core::compiler::fingerprint:     err: failed to read `/Volumes/Kingston/erp-domain-crate-10-final-finance-build/debug/.fingerprint/primeorder-e9242d6dfb3a595a/lib-primeorder`

Caused by:
    No such file or directory (os error 2)
   0.185412458s  INFO prepare_target{force=false package_id=aws-smithy-runtime v1.14.0 target="aws_smithy_runtime"}: cargo::core::compiler::fingerprint: fingerprint error for aws-smithy-runtime v1.14.0/Build/TargetInner { ..: lib_target("aws_smithy_runtime", ["lib"], "/Users/huangjiajiang/.cargo/registry/src/rsproxy.cn-e3de039b2554c837/aws-smithy-runtime-1.14.0/src/lib.rs", Edition2021) }
   0.185416208s  INFO prepare_target{force=false package_id=aws-smithy-runtime v1.14.0 target="aws_smithy_runtime"}: cargo::core::compiler::fingerprint:     err: failed to read `/Volumes/Kingston/erp-domain-crate-10-final-finance-build/debug/.fingerprint/aws-smithy-runtime-3f8d18ac0bcee25c/lib-aws_smithy_runtime`

Caused by:
    No such file or directory (os error 2)
   0.185558000s  INFO prepare_target{force=false package_id=aws-smithy-http-client v1.4.0 target="aws_smithy_http_client"}: cargo::core::compiler::fingerprint: fingerprint error for aws-smithy-http-client v1.4.0/Build/TargetInner { ..: lib_target("aws_smithy_http_client", ["lib"], "/Users/huangjiajiang/.cargo/registry/src/rsproxy.cn-e3de039b2554c837/aws-smithy-http-client-1.4.0/src/lib.rs", Edition2021) }
   0.185561667s  INFO prepare_target{force=false package_id=aws-smithy-http-client v1.4.0 target="aws_smithy_http_client"}: cargo::core::compiler::fingerprint:     err: failed to read `/Volumes/Kingston/erp-domain-crate-10-final-finance-build/debug/.fingerprint/aws-smithy-http-client-0fe30e5cb50b2320/lib-aws_smithy_http_client`

Caused by:
    No such file or directory (os error 2)
   0.185699375s  INFO prepare_target{force=false package_id=h2 v0.3.27 target="h2"}: cargo::core::compiler::fingerprint: fingerprint error for h2 v0.3.27/Build/TargetInner { ..: lib_target("h2", ["lib"], "/Users/huangjiajiang/.cargo/registry/src/rsproxy.cn-e3de039b2554c837/h2-0.3.27/src/lib.rs", Edition2018) }
   0.185702917s  INFO prepare_target{force=false package_id=h2 v0.3.27 target="h2"}: cargo::core::compiler::fingerprint:     err: failed to read `/Volumes/Kingston/erp-domain-crate-10-final-finance-build/debug/.fingerprint/h2-b8c88ab9bd148e9f/lib-h2`

Caused by:
    No such file or directory (os error 2)
   0.185780542s  INFO prepare_target{force=false package_id=hyper v0.14.32 target="hyper"}: cargo::core::compiler::fingerprint: fingerprint error for hyper v0.14.32/Build/TargetInner { ..: lib_target("hyper", ["lib"], "/Users/huangjiajiang/.cargo/registry/src/rsproxy.cn-e3de039b2554c837/hyper-0.14.32/src/lib.rs", Edition2018) }
   0.185783958s  INFO prepare_target{force=false package_id=hyper v0.14.32 target="hyper"}: cargo::core::compiler::fingerprint:     err: failed to read `/Volumes/Kingston/erp-domain-crate-10-final-finance-build/debug/.fingerprint/hyper-aef165120beed6bd/lib-hyper`

Caused by:
    No such file or directory (os error 2)
   0.185867000s  INFO prepare_target{force=false package_id=socket2 v0.5.10 target="socket2"}: cargo::core::compiler::fingerprint: fingerprint error for socket2 v0.5.10/Build/TargetInner { ..: lib_target("socket2", ["lib"], "/Users/huangjiajiang/.cargo/registry/src/rsproxy.cn-e3de039b2554c837/socket2-0.5.10/src/lib.rs", Edition2021) }
   0.185870750s  INFO prepare_target{force=false package_id=socket2 v0.5.10 target="socket2"}: cargo::core::compiler::fingerprint:     err: failed to read `/Volumes/Kingston/erp-domain-crate-10-final-finance-build/debug/.fingerprint/socket2-f3f4df84af2d35ca/lib-socket2`

Caused by:
    No such file or directory (os error 2)
   0.185949875s  INFO prepare_target{force=false package_id=hyper-rustls v0.24.2 target="hyper_rustls"}: cargo::core::compiler::fingerprint: fingerprint error for hyper-rustls v0.24.2/Build/TargetInner { name_inferred: true, ..: lib_target("hyper_rustls", ["lib"], "/Users/huangjiajiang/.cargo/registry/src/rsproxy.cn-e3de039b2554c837/hyper-rustls-0.24.2/src/lib.rs", Edition2021) }
   0.185953750s  INFO prepare_target{force=false package_id=hyper-rustls v0.24.2 target="hyper_rustls"}: cargo::core::compiler::fingerprint:     err: failed to read `/Volumes/Kingston/erp-domain-crate-10-final-finance-build/debug/.fingerprint/hyper-rustls-7183099f1734c88d/lib-hyper_rustls`

Caused by:
    No such file or directory (os error 2)
   0.186052458s  INFO prepare_target{force=false package_id=rustls v0.21.12 target="rustls"}: cargo::core::compiler::fingerprint: fingerprint error for rustls v0.21.12/Build/TargetInner { name_inferred: true, ..: lib_target("rustls", ["lib"], "/Users/huangjiajiang/.cargo/registry/src/rsproxy.cn-e3de039b2554c837/rustls-0.21.12/src/lib.rs", Edition2021) }
   0.186055875s  INFO prepare_target{force=false package_id=rustls v0.21.12 target="rustls"}: cargo::core::compiler::fingerprint:     err: failed to read `/Volumes/Kingston/erp-domain-crate-10-final-finance-build/debug/.fingerprint/rustls-b704d7656bcaa2bd/lib-rustls`

Caused by:
    No such file or directory (os error 2)
   0.186279708s  INFO prepare_target{force=false package_id=rustls v0.21.12 target="build-script-build"}: cargo::core::compiler::fingerprint: fingerprint error for rustls v0.21.12/RunCustomBuild/TargetInner { ..: custom_build_target("build-script-build", "/Users/huangjiajiang/.cargo/registry/src/rsproxy.cn-e3de039b2554c837/rustls-0.21.12/build.rs", Edition2021) }
   0.186283417s  INFO prepare_target{force=false package_id=rustls v0.21.12 target="build-script-build"}: cargo::core::compiler::fingerprint:     err: failed to read `/Volumes/Kingston/erp-domain-crate-10-final-finance-build/debug/.fingerprint/rustls-98998cee929ec6cc/run-build-script-build-script-build`

Caused by:
    No such file or directory (os error 2)
   0.186324750s  INFO prepare_target{force=false package_id=rustls v0.21.12 target="build-script-build"}: cargo::core::compiler::fingerprint: fingerprint error for rustls v0.21.12/Build/TargetInner { ..: custom_build_target("build-script-build", "/Users/huangjiajiang/.cargo/registry/src/rsproxy.cn-e3de039b2554c837/rustls-0.21.12/build.rs", Edition2021) }
   0.186328167s  INFO prepare_target{force=false package_id=rustls v0.21.12 target="build-script-build"}: cargo::core::compiler::fingerprint:     err: failed to read `/Volumes/Kingston/erp-domain-crate-10-final-finance-build/debug/.fingerprint/rustls-287272eb9f497036/build-script-build-script-build`

Caused by:
    No such file or directory (os error 2)
   0.186384375s  INFO prepare_target{force=false package_id=rustls-webpki v0.101.7 target="webpki"}: cargo::core::compiler::fingerprint: fingerprint error for rustls-webpki v0.101.7/Build/TargetInner { ..: lib_target("webpki", ["lib"], "/Users/huangjiajiang/.cargo/registry/src/rsproxy.cn-e3de039b2554c837/rustls-webpki-0.101.7/src/lib.rs", Edition2021) }
   0.186388208s  INFO prepare_target{force=false package_id=rustls-webpki v0.101.7 target="webpki"}: cargo::core::compiler::fingerprint:     err: failed to read `/Volumes/Kingston/erp-domain-crate-10-final-finance-build/debug/.fingerprint/rustls-webpki-756be253c9c7b1c3/lib-webpki`

Caused by:
    No such file or directory (os error 2)
   0.186441083s  INFO prepare_target{force=false package_id=sct v0.7.1 target="sct"}: cargo::core::compiler::fingerprint: fingerprint error for sct v0.7.1/Build/TargetInner { name_inferred: true, ..: lib_target("sct", ["lib"], "/Users/huangjiajiang/.cargo/registry/src/rsproxy.cn-e3de039b2554c837/sct-0.7.1/src/lib.rs", Edition2021) }
   0.186444833s  INFO prepare_target{force=false package_id=sct v0.7.1 target="sct"}: cargo::core::compiler::fingerprint:     err: failed to read `/Volumes/Kingston/erp-domain-crate-10-final-finance-build/debug/.fingerprint/sct-9a45c7793c820ce0/lib-sct`

Caused by:
    No such file or directory (os error 2)
   0.186497417s  INFO prepare_target{force=false package_id=tokio-rustls v0.24.1 target="tokio_rustls"}: cargo::core::compiler::fingerprint: fingerprint error for tokio-rustls v0.24.1/Build/TargetInner { name_inferred: true, ..: lib_target("tokio_rustls", ["lib"], "/Users/huangjiajiang/.cargo/registry/src/rsproxy.cn-e3de039b2554c837/tokio-rustls-0.24.1/src/lib.rs", Edition2018) }
   0.186501208s  INFO prepare_target{force=false package_id=tokio-rustls v0.24.1 target="tokio_rustls"}: cargo::core::compiler::fingerprint:     err: failed to read `/Volumes/Kingston/erp-domain-crate-10-final-finance-build/debug/.fingerprint/tokio-rustls-ac766a1b449ab169/lib-tokio_rustls`

Caused by:
    No such file or directory (os error 2)
   0.186562917s  INFO prepare_target{force=false package_id=hyper-rustls v0.27.9 target="hyper_rustls"}: cargo::core::compiler::fingerprint: fingerprint error for hyper-rustls v0.27.9/Build/TargetInner { ..: lib_target("hyper_rustls", ["lib"], "/Users/huangjiajiang/.cargo/registry/src/rsproxy.cn-e3de039b2554c837/hyper-rustls-0.27.9/src/lib.rs", Edition2021) }
   0.186566458s  INFO prepare_target{force=false package_id=hyper-rustls v0.27.9 target="hyper_rustls"}: cargo::core::compiler::fingerprint:     err: failed to read `/Volumes/Kingston/erp-domain-crate-10-final-finance-build/debug/.fingerprint/hyper-rustls-49114def9f8d6f96/lib-hyper_rustls`

Caused by:
    No such file or directory (os error 2)
   0.186668458s  INFO prepare_target{force=false package_id=aws-smithy-observability v0.3.0 target="aws_smithy_observability"}: cargo::core::compiler::fingerprint: fingerprint error for aws-smithy-observability v0.3.0/Build/TargetInner { ..: lib_target("aws_smithy_observability", ["lib"], "/Users/huangjiajiang/.cargo/registry/src/rsproxy.cn-e3de039b2554c837/aws-smithy-observability-0.3.0/src/lib.rs", Edition2021) }
   0.186672333s  INFO prepare_target{force=false package_id=aws-smithy-observability v0.3.0 target="aws_smithy_observability"}: cargo::core::compiler::fingerprint:     err: failed to read `/Volumes/Kingston/erp-domain-crate-10-final-finance-build/debug/.fingerprint/aws-smithy-observability-64bd303416aebd6f/lib-aws_smithy_observability`

Caused by:
    No such file or directory (os error 2)
   0.186773167s  INFO prepare_target{force=false package_id=aws-smithy-schema v0.2.0 target="aws_smithy_schema"}: cargo::core::compiler::fingerprint: fingerprint error for aws-smithy-schema v0.2.0/Build/TargetInner { ..: lib_target("aws_smithy_schema", ["lib"], "/Users/huangjiajiang/.cargo/registry/src/rsproxy.cn-e3de039b2554c837/aws-smithy-schema-0.2.0/src/lib.rs", Edition2021) }
   0.186776917s  INFO prepare_target{force=false package_id=aws-smithy-schema v0.2.0 target="aws_smithy_schema"}: cargo::core::compiler::fingerprint:     err: failed to read `/Volumes/Kingston/erp-domain-crate-10-final-finance-build/debug/.fingerprint/aws-smithy-schema-dfa57e143c1001d5/lib-aws_smithy_schema`

Caused by:
    No such file or directory (os error 2)
   0.186851750s  INFO prepare_target{force=false package_id=fastrand v2.4.1 target="fastrand"}: cargo::core::compiler::fingerprint: fingerprint error for fastrand v2.4.1/Build/TargetInner { ..: lib_target("fastrand", ["lib"], "/Users/huangjiajiang/.cargo/registry/src/rsproxy.cn-e3de039b2554c837/fastrand-2.4.1/src/lib.rs", Edition2018) }
   0.186855333s  INFO prepare_target{force=false package_id=fastrand v2.4.1 target="fastrand"}: cargo::core::compiler::fingerprint:     err: failed to read `/Volumes/Kingston/erp-domain-crate-10-final-finance-build/debug/.fingerprint/fastrand-cd25b9080f833003/lib-fastrand`

Caused by:
    No such file or directory (os error 2)
   0.186902125s  INFO prepare_target{force=false package_id=aws-types v1.5.0 target="aws_types"}: cargo::core::compiler::fingerprint: fingerprint error for aws-types v1.5.0/Build/TargetInner { ..: lib_target("aws_types", ["lib"], "/Users/huangjiajiang/.cargo/registry/src/rsproxy.cn-e3de039b2554c837/aws-types-1.5.0/src/lib.rs", Edition2021) }
   0.186905833s  INFO prepare_target{force=false package_id=aws-types v1.5.0 target="aws_types"}: cargo::core::compiler::fingerprint:     err: failed to read `/Volumes/Kingston/erp-domain-crate-10-final-finance-build/debug/.fingerprint/aws-types-e2160d650ceccf66/lib-aws_types`

Caused by:
    No such file or directory (os error 2)
   0.187117292s  INFO prepare_target{force=false package_id=aws-types v1.5.0 target="build-script-build"}: cargo::core::compiler::fingerprint: fingerprint error for aws-types v1.5.0/RunCustomBuild/TargetInner { ..: custom_build_target("build-script-build", "/Users/huangjiajiang/.cargo/registry/src/rsproxy.cn-e3de039b2554c837/aws-types-1.5.0/build.rs", Edition2021) }
   0.187120917s  INFO prepare_target{force=false package_id=aws-types v1.5.0 target="build-script-build"}: cargo::core::compiler::fingerprint:     err: failed to read `/Volumes/Kingston/erp-domain-crate-10-final-finance-build/debug/.fingerprint/aws-types-127a03d6c8e90d1d/run-build-script-build-script-build`

Caused by:
    No such file or directory (os error 2)
   0.187156125s  INFO prepare_target{force=false package_id=aws-types v1.5.0 target="build-script-build"}: cargo::core::compiler::fingerprint: fingerprint error for aws-types v1.5.0/Build/TargetInner { ..: custom_build_target("build-script-build", "/Users/huangjiajiang/.cargo/registry/src/rsproxy.cn-e3de039b2554c837/aws-types-1.5.0/build.rs", Edition2021) }
   0.187159667s  INFO prepare_target{force=false package_id=aws-types v1.5.0 target="build-script-build"}: cargo::core::compiler::fingerprint:     err: failed to read `/Volumes/Kingston/erp-domain-crate-10-final-finance-build/debug/.fingerprint/aws-types-048337a7ad97a6fc/build-script-build-script-build`

Caused by:
    No such file or directory (os error 2)
   0.187214625s  INFO prepare_target{force=false package_id=aws-smithy-checksums v0.65.0 target="aws_smithy_checksums"}: cargo::core::compiler::fingerprint: fingerprint error for aws-smithy-checksums v0.65.0/Build/TargetInner { ..: lib_target("aws_smithy_checksums", ["lib"], "/Users/huangjiajiang/.cargo/registry/src/rsproxy.cn-e3de039b2554c837/aws-smithy-checksums-0.65.0/src/lib.rs", Edition2021) }
   0.187218333s  INFO prepare_target{force=false package_id=aws-smithy-checksums v0.65.0 target="aws_smithy_checksums"}: cargo::core::compiler::fingerprint:     err: failed to read `/Volumes/Kingston/erp-domain-crate-10-final-finance-build/debug/.fingerprint/aws-smithy-checksums-abafa6330d4b5614/lib-aws_smithy_checksums`

Caused by:
    No such file or directory (os error 2)
   0.187311042s  INFO prepare_target{force=false package_id=crc-fast v1.10.0 target="crc_fast"}: cargo::core::compiler::fingerprint: fingerprint error for crc-fast v1.10.0/Build/TargetInner { ..: lib_target("crc_fast", ["lib", "cdylib", "staticlib"], "/Users/huangjiajiang/.cargo/registry/src/rsproxy.cn-e3de039b2554c837/crc-fast-1.10.0/src/lib.rs", Edition2021) }
   0.187314750s  INFO prepare_target{force=false package_id=crc-fast v1.10.0 target="crc_fast"}: cargo::core::compiler::fingerprint:     err: failed to read `/Volumes/Kingston/erp-domain-crate-10-final-finance-build/debug/.fingerprint/crc-fast-5bcea867f87f1bcb/lib-crc_fast`

Caused by:
    No such file or directory (os error 2)
   0.187375958s  INFO prepare_target{force=false package_id=spin v0.10.1 target="spin"}: cargo::core::compiler::fingerprint: fingerprint error for spin v0.10.1/Build/TargetInner { ..: lib_target("spin", ["lib"], "/Users/huangjiajiang/.cargo/registry/src/rsproxy.cn-e3de039b2554c837/spin-0.10.1/src/lib.rs", Edition2015) }
   0.187379542s  INFO prepare_target{force=false package_id=spin v0.10.1 target="spin"}: cargo::core::compiler::fingerprint:     err: failed to read `/Volumes/Kingston/erp-domain-crate-10-final-finance-build/debug/.fingerprint/spin-fc20ff979cf71916/lib-spin`

Caused by:
    No such file or directory (os error 2)
   0.187433708s  INFO prepare_target{force=false package_id=aws-smithy-json v0.63.0 target="aws_smithy_json"}: cargo::core::compiler::fingerprint: fingerprint error for aws-smithy-json v0.63.0/Build/TargetInner { ..: lib_target("aws_smithy_json", ["lib"], "/Users/huangjiajiang/.cargo/registry/src/rsproxy.cn-e3de039b2554c837/aws-smithy-json-0.63.0/src/lib.rs", Edition2021) }
   0.187437208s  INFO prepare_target{force=false package_id=aws-smithy-json v0.63.0 target="aws_smithy_json"}: cargo::core::compiler::fingerprint:     err: failed to read `/Volumes/Kingston/erp-domain-crate-10-final-finance-build/debug/.fingerprint/aws-smithy-json-a77e31d9fa88ae1f/lib-aws_smithy_json`

Caused by:
    No such file or directory (os error 2)
   0.187525792s  INFO prepare_target{force=false package_id=aws-smithy-xml v0.62.0 target="aws_smithy_xml"}: cargo::core::compiler::fingerprint: fingerprint error for aws-smithy-xml v0.62.0/Build/TargetInner { ..: lib_target("aws_smithy_xml", ["lib"], "/Users/huangjiajiang/.cargo/registry/src/rsproxy.cn-e3de039b2554c837/aws-smithy-xml-0.62.0/src/lib.rs", Edition2021) }
   0.187529500s  INFO prepare_target{force=false package_id=aws-smithy-xml v0.62.0 target="aws_smithy_xml"}: cargo::core::compiler::fingerprint:     err: failed to read `/Volumes/Kingston/erp-domain-crate-10-final-finance-build/debug/.fingerprint/aws-smithy-xml-0d9c5c2b7918aa14/lib-aws_smithy_xml`

Caused by:
    No such file or directory (os error 2)
   0.187605625s  INFO prepare_target{force=false package_id=xmlparser v0.13.6 target="xmlparser"}: cargo::core::compiler::fingerprint: fingerprint error for xmlparser v0.13.6/Build/TargetInner { name_inferred: true, ..: lib_target("xmlparser", ["lib"], "/Users/huangjiajiang/.cargo/registry/src/rsproxy.cn-e3de039b2554c837/xmlparser-0.13.6/src/lib.rs", Edition2018) }
   0.187609125s  INFO prepare_target{force=false package_id=xmlparser v0.13.6 target="xmlparser"}: cargo::core::compiler::fingerprint:     err: failed to read `/Volumes/Kingston/erp-domain-crate-10-final-finance-build/debug/.fingerprint/xmlparser-dbeb50b6e3a995d5/lib-xmlparser`

Caused by:
    No such file or directory (os error 2)
   0.187657750s  INFO prepare_target{force=false package_id=lru v0.16.4 target="lru"}: cargo::core::compiler::fingerprint: fingerprint error for lru v0.16.4/Build/TargetInner { name_inferred: true, ..: lib_target("lru", ["lib"], "/Users/huangjiajiang/.cargo/registry/src/rsproxy.cn-e3de039b2554c837/lru-0.16.4/src/lib.rs", Edition2015) }
   0.187661333s  INFO prepare_target{force=false package_id=lru v0.16.4 target="lru"}: cargo::core::compiler::fingerprint:     err: failed to read `/Volumes/Kingston/erp-domain-crate-10-final-finance-build/debug/.fingerprint/lru-b1121e147011d809/lib-lru`

Caused by:
    No such file or directory (os error 2)
   0.187711417s  INFO prepare_target{force=false package_id=hashbrown v0.16.1 target="hashbrown"}: cargo::core::compiler::fingerprint: fingerprint error for hashbrown v0.16.1/Build/TargetInner { ..: lib_target("hashbrown", ["lib"], "/Users/huangjiajiang/.cargo/registry/src/rsproxy.cn-e3de039b2554c837/hashbrown-0.16.1/src/lib.rs", Edition2021) }
   0.187714875s  INFO prepare_target{force=false package_id=hashbrown v0.16.1 target="hashbrown"}: cargo::core::compiler::fingerprint:     err: failed to read `/Volumes/Kingston/erp-domain-crate-10-final-finance-build/debug/.fingerprint/hashbrown-38007b6dee67cfdc/lib-hashbrown`

Caused by:
    No such file or directory (os error 2)
   0.187767083s  INFO prepare_target{force=false package_id=allocator-api2 v0.2.21 target="allocator_api2"}: cargo::core::compiler::fingerprint: fingerprint error for allocator-api2 v0.2.21/Build/TargetInner { ..: lib_target("allocator_api2", ["lib"], "/Users/huangjiajiang/.cargo/registry/src/rsproxy.cn-e3de039b2554c837/allocator-api2-0.2.21/src/lib.rs", Edition2018) }
   0.187770792s  INFO prepare_target{force=false package_id=allocator-api2 v0.2.21 target="allocator_api2"}: cargo::core::compiler::fingerprint:     err: failed to read `/Volumes/Kingston/erp-domain-crate-10-final-finance-build/debug/.fingerprint/allocator-api2-f6865122a35c48d7/lib-allocator_api2`

Caused by:
    No such file or directory (os error 2)
   0.187817708s  INFO prepare_target{force=false package_id=foldhash v0.2.0 target="foldhash"}: cargo::core::compiler::fingerprint: fingerprint error for foldhash v0.2.0/Build/TargetInner { benched: false, ..: lib_target("foldhash", ["lib"], "/Users/huangjiajiang/.cargo/registry/src/rsproxy.cn-e3de039b2554c837/foldhash-0.2.0/src/lib.rs", Edition2021) }
   0.187821292s  INFO prepare_target{force=false package_id=foldhash v0.2.0 target="foldhash"}: cargo::core::compiler::fingerprint:     err: failed to read `/Volumes/Kingston/erp-domain-crate-10-final-finance-build/debug/.fingerprint/foldhash-8ae162852a1b9634/lib-foldhash`

Caused by:
    No such file or directory (os error 2)
   0.187864708s  INFO prepare_target{force=false package_id=regex-lite v0.1.9 target="regex_lite"}: cargo::core::compiler::fingerprint: fingerprint error for regex-lite v0.1.9/Build/TargetInner { ..: lib_target("regex_lite", ["lib"], "/Users/huangjiajiang/.cargo/registry/src/rsproxy.cn-e3de039b2554c837/regex-lite-0.1.9/src/lib.rs", Edition2021) }
   0.187868208s  INFO prepare_target{force=false package_id=regex-lite v0.1.9 target="regex_lite"}: cargo::core::compiler::fingerprint:     err: failed to read `/Volumes/Kingston/erp-domain-crate-10-final-finance-build/debug/.fingerprint/regex-lite-0e281e33e5587f23/lib-regex_lite`

Caused by:
    No such file or directory (os error 2)
   0.187916458s  INFO prepare_target{force=false package_id=tower-http v0.7.0 target="tower_http"}: cargo::core::compiler::fingerprint: fingerprint error for tower-http v0.7.0/Build/TargetInner { ..: lib_target("tower_http", ["lib"], "/Users/huangjiajiang/.cargo/registry/src/rsproxy.cn-e3de039b2554c837/tower-http-0.7.0/src/lib.rs", Edition2018) }
   0.187919958s  INFO prepare_target{force=false package_id=tower-http v0.7.0 target="tower_http"}: cargo::core::compiler::fingerprint:     err: failed to read `/Volumes/Kingston/erp-domain-crate-10-final-finance-build/debug/.fingerprint/tower-http-4c525272516d0f67/lib-tower_http`

Caused by:
    No such file or directory (os error 2)
   0.187987292s  INFO prepare_target{force=false package_id=tracing-appender v0.2.5 target="tracing_appender"}: cargo::core::compiler::fingerprint: fingerprint error for tracing-appender v0.2.5/Build/TargetInner { ..: lib_target("tracing_appender", ["lib"], "/Users/huangjiajiang/.cargo/registry/src/rsproxy.cn-e3de039b2554c837/tracing-appender-0.2.5/src/lib.rs", Edition2018) }
   0.187991208s  INFO prepare_target{force=false package_id=tracing-appender v0.2.5 target="tracing_appender"}: cargo::core::compiler::fingerprint:     err: failed to read `/Volumes/Kingston/erp-domain-crate-10-final-finance-build/debug/.fingerprint/tracing-appender-e12d788d30c208b6/lib-tracing_appender`

Caused by:
    No such file or directory (os error 2)
   0.188075917s  INFO prepare_target{force=false package_id=symlink v0.1.0 target="symlink"}: cargo::core::compiler::fingerprint: fingerprint error for symlink v0.1.0/Build/TargetInner { name_inferred: true, ..: lib_target("symlink", ["lib"], "/Users/huangjiajiang/.cargo/registry/src/rsproxy.cn-e3de039b2554c837/symlink-0.1.0/src/lib.rs", Edition2015) }
   0.188079458s  INFO prepare_target{force=false package_id=symlink v0.1.0 target="symlink"}: cargo::core::compiler::fingerprint:     err: failed to read `/Volumes/Kingston/erp-domain-crate-10-final-finance-build/debug/.fingerprint/symlink-624e8a67aeb0ca6e/lib-symlink`

Caused by:
    No such file or directory (os error 2)
   0.188130208s  INFO prepare_target{force=false package_id=tracing-subscriber v0.3.23 target="tracing_subscriber"}: cargo::core::compiler::fingerprint: fingerprint error for tracing-subscriber v0.3.23/Build/TargetInner { ..: lib_target("tracing_subscriber", ["lib"], "/Users/huangjiajiang/.cargo/registry/src/rsproxy.cn-e3de039b2554c837/tracing-subscriber-0.3.23/src/lib.rs", Edition2018) }
   0.188133917s  INFO prepare_target{force=false package_id=tracing-subscriber v0.3.23 target="tracing_subscriber"}: cargo::core::compiler::fingerprint:     err: failed to read `/Volumes/Kingston/erp-domain-crate-10-final-finance-build/debug/.fingerprint/tracing-subscriber-5f1cab6dd08b9c38/lib-tracing_subscriber`

Caused by:
    No such file or directory (os error 2)
   0.188229750s  INFO prepare_target{force=false package_id=matchers v0.2.0 target="matchers"}: cargo::core::compiler::fingerprint: fingerprint error for matchers v0.2.0/Build/TargetInner { name_inferred: true, ..: lib_target("matchers", ["lib"], "/Users/huangjiajiang/.cargo/registry/src/rsproxy.cn-e3de039b2554c837/matchers-0.2.0/src/lib.rs", Edition2018) }
   0.188233375s  INFO prepare_target{force=false package_id=matchers v0.2.0 target="matchers"}: cargo::core::compiler::fingerprint:     err: failed to read `/Volumes/Kingston/erp-domain-crate-10-final-finance-build/debug/.fingerprint/matchers-0b3fd1f2cd90b7dd/lib-matchers`

Caused by:
    No such file or directory (os error 2)
   0.188284458s  INFO prepare_target{force=false package_id=nu-ansi-term v0.50.3 target="nu_ansi_term"}: cargo::core::compiler::fingerprint: fingerprint error for nu-ansi-term v0.50.3/Build/TargetInner { ..: lib_target("nu_ansi_term", ["lib"], "/Users/huangjiajiang/.cargo/registry/src/rsproxy.cn-e3de039b2554c837/nu-ansi-term-0.50.3/src/lib.rs", Edition2021) }
   0.188287750s  INFO prepare_target{force=false package_id=nu-ansi-term v0.50.3 target="nu_ansi_term"}: cargo::core::compiler::fingerprint:     err: failed to read `/Volumes/Kingston/erp-domain-crate-10-final-finance-build/debug/.fingerprint/nu-ansi-term-00797fd97b5c979e/lib-nu_ansi_term`

Caused by:
    No such file or directory (os error 2)
   0.188360917s  INFO prepare_target{force=false package_id=sharded-slab v0.1.7 target="sharded_slab"}: cargo::core::compiler::fingerprint: fingerprint error for sharded-slab v0.1.7/Build/TargetInner { name_inferred: true, ..: lib_target("sharded_slab", ["lib"], "/Users/huangjiajiang/.cargo/registry/src/rsproxy.cn-e3de039b2554c837/sharded-slab-0.1.7/src/lib.rs", Edition2018) }
   0.188364500s  INFO prepare_target{force=false package_id=sharded-slab v0.1.7 target="sharded_slab"}: cargo::core::compiler::fingerprint:     err: failed to read `/Volumes/Kingston/erp-domain-crate-10-final-finance-build/debug/.fingerprint/sharded-slab-5da0b80d86ab1b33/lib-sharded_slab`

Caused by:
    No such file or directory (os error 2)
   0.188417458s  INFO prepare_target{force=false package_id=lazy_static v1.5.0 target="lazy_static"}: cargo::core::compiler::fingerprint: fingerprint error for lazy_static v1.5.0/Build/TargetInner { name_inferred: true, ..: lib_target("lazy_static", ["lib"], "/Users/huangjiajiang/.cargo/registry/src/rsproxy.cn-e3de039b2554c837/lazy_static-1.5.0/src/lib.rs", Edition2015) }
   0.188421125s  INFO prepare_target{force=false package_id=lazy_static v1.5.0 target="lazy_static"}: cargo::core::compiler::fingerprint:     err: failed to read `/Volumes/Kingston/erp-domain-crate-10-final-finance-build/debug/.fingerprint/lazy_static-acc8e08e6f98a811/lib-lazy_static`

Caused by:
    No such file or directory (os error 2)
   0.188467542s  INFO prepare_target{force=false package_id=thread_local v1.1.9 target="thread_local"}: cargo::core::compiler::fingerprint: fingerprint error for thread_local v1.1.9/Build/TargetInner { ..: lib_target("thread_local", ["lib"], "/Users/huangjiajiang/.cargo/registry/src/rsproxy.cn-e3de039b2554c837/thread_local-1.1.9/src/lib.rs", Edition2021) }
   0.188471000s  INFO prepare_target{force=false package_id=thread_local v1.1.9 target="thread_local"}: cargo::core::compiler::fingerprint:     err: failed to read `/Volumes/Kingston/erp-domain-crate-10-final-finance-build/debug/.fingerprint/thread_local-33c6a7bf03a7e4e7/lib-thread_local`

Caused by:
    No such file or directory (os error 2)
   0.188520083s  INFO prepare_target{force=false package_id=tracing-log v0.2.0 target="tracing_log"}: cargo::core::compiler::fingerprint: fingerprint error for tracing-log v0.2.0/Build/TargetInner { name_inferred: true, ..: lib_target("tracing_log", ["lib"], "/Users/huangjiajiang/.cargo/registry/src/rsproxy.cn-e3de039b2554c837/tracing-log-0.2.0/src/lib.rs", Edition2018) }
   0.188523708s  INFO prepare_target{force=false package_id=tracing-log v0.2.0 target="tracing_log"}: cargo::core::compiler::fingerprint:     err: failed to read `/Volumes/Kingston/erp-domain-crate-10-final-finance-build/debug/.fingerprint/tracing-log-94c680c46b802df9/lib-tracing_log`

Caused by:
    No such file or directory (os error 2)
   0.188581542s  INFO prepare_target{force=false package_id=tracing-serde v0.2.0 target="tracing_serde"}: cargo::core::compiler::fingerprint: fingerprint error for tracing-serde v0.2.0/Build/TargetInner { ..: lib_target("tracing_serde", ["lib"], "/Users/huangjiajiang/.cargo/registry/src/rsproxy.cn-e3de039b2554c837/tracing-serde-0.2.0/src/lib.rs", Edition2018) }
   0.188585167s  INFO prepare_target{force=false package_id=tracing-serde v0.2.0 target="tracing_serde"}: cargo::core::compiler::fingerprint:     err: failed to read `/Volumes/Kingston/erp-domain-crate-10-final-finance-build/debug/.fingerprint/tracing-serde-01b6b984e84a83d3/lib-tracing_serde`

Caused by:
    No such file or directory (os error 2)
   0.188675708s  INFO prepare_target{force=false package_id=tracing-opentelemetry v0.33.0 target="tracing_opentelemetry"}: cargo::core::compiler::fingerprint: fingerprint error for tracing-opentelemetry v0.33.0/Build/TargetInner { benched: false, ..: lib_target("tracing_opentelemetry", ["lib"], "/Users/huangjiajiang/.cargo/registry/src/rsproxy.cn-e3de039b2554c837/tracing-opentelemetry-0.33.0/src/lib.rs", Edition2021) }
   0.188679542s  INFO prepare_target{force=false package_id=tracing-opentelemetry v0.33.0 target="tracing_opentelemetry"}: cargo::core::compiler::fingerprint:     err: failed to read `/Volumes/Kingston/erp-domain-crate-10-final-finance-build/debug/.fingerprint/tracing-opentelemetry-f19edadf60cfa19e/lib-tracing_opentelemetry`

Caused by:
    No such file or directory (os error 2)
   0.188755875s  INFO prepare_target{force=false package_id=web-api v0.1.0 (/private/tmp/erp-domain-crate-10-sales/backend/apps/web-api) target="web_api"}: cargo::core::compiler::fingerprint: fingerprint error for web-api v0.1.0 (/private/tmp/erp-domain-crate-10-sales/backend/apps/web-api)/Build/TargetInner { name_inferred: true, ..: lib_target("web_api", ["lib"], "/private/tmp/erp-domain-crate-10-sales/backend/apps/web-api/src/lib.rs", Edition2021) }
   0.188759708s  INFO prepare_target{force=false package_id=web-api v0.1.0 (/private/tmp/erp-domain-crate-10-sales/backend/apps/web-api) target="web_api"}: cargo::core::compiler::fingerprint:     err: failed to read `/Volumes/Kingston/erp-domain-crate-10-final-finance-build/debug/.fingerprint/web-api-c39c2518ab5d4091/lib-web_api`

Caused by:
    No such file or directory (os error 2)
   0.189417542s  INFO prepare_target{force=false package_id=web-api v0.1.0 (/private/tmp/erp-domain-crate-10-sales/backend/apps/web-api) target="build-script-build"}: cargo::core::compiler::fingerprint: fingerprint error for web-api v0.1.0 (/private/tmp/erp-domain-crate-10-sales/backend/apps/web-api)/RunCustomBuild/TargetInner { ..: custom_build_target("build-script-build", "/private/tmp/erp-domain-crate-10-sales/backend/apps/web-api/build.rs", Edition2021) }
   0.189424417s  INFO prepare_target{force=false package_id=web-api v0.1.0 (/private/tmp/erp-domain-crate-10-sales/backend/apps/web-api) target="build-script-build"}: cargo::core::compiler::fingerprint:     err: failed to read `/Volumes/Kingston/erp-domain-crate-10-final-finance-build/debug/.fingerprint/web-api-df44c2222385f808/run-build-script-build-script-build`

Caused by:
    No such file or directory (os error 2)
   0.189476292s  INFO prepare_target{force=false package_id=web-api v0.1.0 (/private/tmp/erp-domain-crate-10-sales/backend/apps/web-api) target="build-script-build"}: cargo::core::compiler::fingerprint: fingerprint error for web-api v0.1.0 (/private/tmp/erp-domain-crate-10-sales/backend/apps/web-api)/Build/TargetInner { ..: custom_build_target("build-script-build", "/private/tmp/erp-domain-crate-10-sales/backend/apps/web-api/build.rs", Edition2021) }
   0.189479500s  INFO prepare_target{force=false package_id=web-api v0.1.0 (/private/tmp/erp-domain-crate-10-sales/backend/apps/web-api) target="build-script-build"}: cargo::core::compiler::fingerprint:     err: failed to read `/Volumes/Kingston/erp-domain-crate-10-final-finance-build/debug/.fingerprint/web-api-1a65c027b0e99468/build-script-build-script-build`

Caused by:
    No such file or directory (os error 2)
   Compiling proc-macro2 v1.0.107
   Compiling quote v1.0.47
   Compiling unicode-ident v1.0.24
   Compiling libc v0.2.186
   Compiling cfg-if v1.0.4
   Compiling pin-project-lite v0.2.17
   Compiling serde_core v1.0.229
   Compiling portable-atomic v1.13.1
   Compiling memchr v2.8.0
   Compiling critical-section v1.2.0
   Compiling bytes v1.11.1
   Compiling itoa v1.0.18
   Compiling futures-core v0.3.34
   Compiling serde v1.0.229
   Compiling zeroize v1.8.2
   Compiling version_check v0.9.5
   Compiling futures-sink v0.3.34
   Compiling log v0.4.29
   Compiling futures-channel v0.3.34
   Compiling futures-task v0.3.34
   Compiling futures-io v0.3.34
   Compiling slab v0.4.12
   Compiling typenum v1.20.0
   Compiling fnv v1.0.7
   Compiling autocfg v1.5.0
   Compiling subtle v2.6.1
   Compiling getrandom v0.4.2
   Compiling equivalent v1.0.2
   Compiling rand_core v0.10.1
   Compiling shlex v1.3.0
   Compiling find-msvc-tools v0.1.9
   Compiling percent-encoding v2.3.2
   Compiling hashbrown v0.17.1
   Compiling num-traits v0.2.19
   Compiling core-foundation-sys v0.8.7
   Compiling stable_deref_trait v1.2.1
   Compiling time-core v0.1.8
   Compiling powerfmt v0.2.0
   Compiling num-conv v0.2.1
   Compiling form_urlencoded v1.2.2
   Compiling time-macros v0.2.27
   Compiling hybrid-array v0.4.14
   Compiling deranged v0.5.8
   Compiling pkg-config v0.3.33
   Compiling indexmap v2.14.0
   Compiling bitflags v2.11.1
   Compiling dunce v1.0.5
   Compiling untrusted v0.9.0
   Compiling fs_extra v1.3.0
   Compiling either v1.15.0
   Compiling crunchy v0.2.4
   Compiling once_cell v1.21.4
   Compiling tiny-keccak v2.0.2
   Compiling base64 v0.22.1
   Compiling aws-lc-rs v1.17.3
   Compiling writeable v0.6.3
   Compiling errno v0.3.14
   Compiling mio v1.2.0
   Compiling signal-hook-registry v1.4.8
   Compiling socket2 v0.6.3
   Compiling getrandom v0.2.17
   Compiling jobserver v0.1.35
   Compiling time v0.3.47
   Compiling cc v1.2.62
   Compiling syn v2.0.117
   Compiling syn v3.0.4
   Compiling tracing-core v0.1.36
   Compiling crypto-common v0.2.2
   Compiling zerocopy v0.8.48
   Compiling getrandom v0.3.4
   Compiling litemap v0.8.2
   Compiling cmake v0.1.58
   Compiling rustls-pki-types v1.14.1
   Compiling thiserror v2.0.20
   Compiling cmov v0.5.4
   Compiling icu_normalizer_data v2.2.0
   Compiling icu_properties_data v2.2.0
   Compiling utf8_iter v1.0.4
   Compiling ctutils v0.4.2
   Compiling ring v0.17.14
   Compiling aws-lc-sys v0.43.0
   Compiling const-random-macro v0.1.16
   Compiling block-buffer v0.12.1
   Compiling strsim v0.11.1
   Compiling zmij v1.0.21
   Compiling const-random v0.1.18
   Compiling rustls v0.23.40
   Compiling http v1.4.0
   Compiling ident_case v1.0.1
   Compiling serde_json v1.0.151
   Compiling cpufeatures v0.3.0
   Compiling const-oid v0.10.2
   Compiling ahash v0.8.12
   Compiling digest v0.11.3
   Compiling crossbeam-utils v0.8.21
   Compiling http-body v1.0.1
   Compiling semver v1.0.28
   Compiling synstructure v0.13.2
   Compiling rustc_version v0.4.1
   Compiling aho-corasick v1.1.4
   Compiling parking_lot_core v0.9.12
   Compiling serde_derive v1.0.229
   Compiling futures-macro v0.3.34
   Compiling thiserror-impl v2.0.20
   Compiling async-trait v0.1.92
   Compiling futures-util v0.3.34
   Compiling tokio-macros v2.7.0
   Compiling tracing-attributes v0.1.31
   Compiling zerofrom-derive v0.1.7
   Compiling yoke-derive v0.8.2
   Compiling zerovec-derive v0.11.3
   Compiling displaydoc v0.2.5
   Compiling tokio v1.53.1
   Compiling hex v0.4.3
   Compiling regex-syntax v0.8.11
   Compiling ppv-lite86 v0.2.21
   Compiling tracing v0.1.44
   Compiling zerofrom v0.1.8
   Compiling rand_core v0.9.5
   Compiling uuid v1.25.0
   Compiling generic-array v0.14.7
   Compiling scopeguard v1.2.0
   Compiling lock_api v0.4.14
   Compiling rand_chacha v0.9.0
   Compiling darling_core v0.23.0
   Compiling sha2 v0.11.0
   Compiling regex-automata v0.4.18
   Compiling rand v0.9.4
   Compiling chacha20 v0.10.0
   Compiling tinyvec_macros v0.1.1
   Compiling radium v0.7.0
   Compiling const-oid v0.9.6
   Compiling tinyvec v1.11.0
   Compiling rand v0.10.1
   Compiling yoke v0.8.2
   Compiling derive-syn-parse v0.2.0
   Compiling macro_magic_core_macros v0.5.1
   Compiling http-body-util v0.1.3
   Compiling ryu v1.0.23
   Compiling darling_macro v0.23.0
   Compiling tap v1.0.1
   Compiling hmac v0.13.0
   Compiling macro_magic_core v0.5.1
   Compiling wyz v0.5.1
   Compiling iana-time-zone v0.1.65
   Compiling darling v0.23.0
   Compiling system-configuration-sys v0.6.0
   Compiling funty v2.0.0
   Compiling smallvec v1.15.1
   Compiling ipnet v2.12.0
   Compiling bitvec v1.0.1
   Compiling prefix-trie v0.8.4
   Compiling parking_lot v0.12.5
   Compiling tokio-util v0.7.18
   Compiling regex v1.13.1
   Compiling chrono v0.4.45
   Compiling zerovec v0.11.6
   Compiling zerotrie v0.2.4
   Compiling crossbeam-channel v0.5.15
   Compiling darling_core v0.20.11
   Compiling md-5 v0.11.0
   Compiling sha1 v0.11.0
   Compiling serde_bytes v0.11.19
   Compiling data-encoding v2.11.0
   Compiling unicode-segmentation v1.13.2
   Compiling simdutf8 v0.1.5
   Compiling entity-core v0.1.0 (/private/tmp/erp-domain-crate-10-sales/backend/crates/entity-core)
   Compiling crypto-common v0.1.7
   Compiling bson v3.1.0
   Compiling block-buffer v0.10.4
   Compiling crossbeam-epoch v0.9.18
   Compiling rustc_version_runtime v0.3.0
   Compiling proc-macro-error-attr2 v2.0.0
   Compiling convert_case v0.10.0
   Compiling core-foundation v0.9.4
   Compiling unicode-xid v0.2.6
   Compiling tagptr v0.2.0
   Compiling serde_with_macros v3.20.0
   Compiling derive_more-impl v2.1.1
   Compiling moka v0.12.15
   Compiling proc-macro-error2 v2.0.1
   Compiling system-configuration v0.7.0
   Compiling digest v0.10.7
   Compiling unicode-normalization v0.1.25
   Compiling tinystr v0.8.3
   Compiling potential_utf v0.1.5
   Compiling icu_collections v2.2.0
   Compiling typed-builder-macro v0.22.0
   Compiling darling_macro v0.20.11
   Compiling rust_decimal v1.42.1
   Compiling icu_locale_core v2.2.0
   Compiling darling v0.20.11
   Compiling tower-service v0.3.3
   Compiling resolv-conf v0.7.6
   Compiling unicode-properties v0.1.4
   Compiling httparse v1.10.1
   Compiling unicode-bidi v0.3.18
   Compiling derive_more v2.1.1
   Compiling icu_provider v2.2.0
   Compiling macro_magic_macros v0.5.1
   Compiling stringprep v0.1.5
   Compiling serde_with v3.20.0
   Compiling typed-builder v0.22.0
   Compiling icu_normalizer v2.2.0
   Compiling icu_properties v2.2.0
   Compiling macro_magic v0.5.1
   Compiling derive-where v1.6.1
   Compiling entity-macros v0.1.0 (/private/tmp/erp-domain-crate-10-sales/backend/crates/entity-macros)
   Compiling idna_adapter v1.2.2
   Compiling idna v1.1.0
   Compiling pbkdf2 v0.13.0
   Compiling webpki-roots v1.0.7
   Compiling take_mut v0.2.2
   Compiling arrayvec v0.7.8
   Compiling url v2.5.8
   Compiling validator_derive v0.20.0
   Compiling http v0.2.12
   Compiling try-lock v0.2.5
   Compiling base64ct v1.8.3
   Compiling hickory-proto v0.26.1
   Compiling want v0.3.1
   Compiling rand_core v0.6.4
   Compiling httpdate v1.0.3
   Compiling http-body v0.4.6
   Compiling atomic-waker v1.1.2
   Compiling tower-layer v0.3.3
   Compiling h2 v0.4.14
   Compiling outref v0.5.2
   Compiling vsimd v0.8.0
   Compiling num-integer v0.1.46
   Compiling bytes-utils v0.1.4
   Compiling validator v0.21.0
   Compiling sync_wrapper v1.0.2
   Compiling pin-utils v0.1.0
   Compiling tower v0.5.3
   Compiling base64-simd v0.8.0
   Compiling aws-smithy-async v1.3.0
   Compiling aws-smithy-runtime-api-macros v1.1.0
   Compiling security-framework-sys v2.17.0
   Compiling aws-smithy-types v1.6.2
   Compiling core-foundation v0.10.1
   Compiling pem-rfc7468 v0.7.0
   Compiling der v0.7.10
   Compiling security-framework v3.7.0
   Compiling hickory-net v0.26.1
   Compiling aws-smithy-runtime-api v1.15.0
   Compiling rustls-native-certs v0.8.4
   Compiling hashbrown v0.14.5
   Compiling inout v0.2.2
   Compiling anyhow v1.0.102
   Compiling spki v0.7.3
   Compiling smartstring v1.0.1
   Compiling multer v3.1.0
   Compiling cpubits v0.1.1
   Compiling mime v0.3.17
   Compiling crc32fast v1.5.0
   Compiling itertools v0.14.0
   Compiling pkcs8 v0.10.2
   Compiling mongodb-internal-macros v3.8.1
   Compiling hyper v1.9.0
   Compiling cipher v0.5.2
   Compiling ff v0.13.1
   Compiling serde_urlencoded v0.7.1
   Compiling universal-hash v0.6.1
   Compiling encoding_rs v0.8.35
   Compiling static_assertions v1.1.0
   Compiling erp-core v0.1.0 (/private/tmp/erp-domain-crate-10-sales/backend/crates/erp-core)
   Compiling spin v0.9.8
   Compiling rustls v0.21.12
   Compiling hyper-util v0.1.20
   Compiling base16ct v0.2.0
   Compiling thiserror v1.0.69
   Compiling sec1 v0.7.3
   Compiling hickory-resolver v0.26.1
   Compiling polyval v0.7.3
   Compiling group v0.13.0
   Compiling axum-core v0.5.6
   Compiling crypto-bigint v0.5.5
   Compiling prost-derive v0.14.3
   Compiling hmac v0.12.1
   Compiling rustls-webpki v0.101.7
   Compiling sct v0.7.1
   Compiling thin-vec v0.2.19
   Compiling axum-macros v0.5.1
   Compiling rhai_codegen v3.2.0
   Compiling thiserror-impl v1.0.69
   Compiling pin-project-internal v1.1.13
   Compiling serde_path_to_error v0.1.20
   Compiling matchit v0.8.4
   Compiling fixedbitset v0.4.2
   Compiling elliptic-curve v0.13.8
   Compiling petgraph v0.6.5
   Compiling aws-smithy-eventstream v0.61.2
   Compiling prost v0.14.3
   Compiling aws-smithy-schema v0.2.0
   Compiling ghash v0.6.0
   Compiling hyper-timeout v0.5.2
   Compiling aes v0.9.2
   Compiling rhai v1.25.1
   Compiling ctr v0.10.1
   Compiling application-core v0.1.0 (/private/tmp/erp-domain-crate-10-sales/backend/crates/application-core)
   Compiling pin-project v1.1.13
   Compiling hashlink v0.9.1
   Compiling aead v0.6.1
   Compiling axum v0.8.9
   Compiling password-hash v0.5.0
   Compiling h2 v0.3.27
   Compiling blake2 v0.10.6
   Compiling tokio-stream v0.1.18
   Compiling cpufeatures v0.2.17
   Compiling socket2 v0.5.10
   Compiling rustversion v1.0.22
   Compiling sha2 v0.10.9
   Compiling argon2 v0.5.3
   Compiling aes-gcm v0.11.1
   Compiling aws-smithy-http v0.64.0
   Compiling rfc6979 v0.4.0
   Compiling signature v2.2.0
   Compiling bpm v0.1.0 (/private/tmp/erp-domain-crate-10-sales/backend/crates/bpm)
   Compiling tokio-rustls v0.24.1
   Compiling futures-executor v0.3.32
   Compiling base64 v0.23.1
   Compiling md5 v0.8.1
   Compiling ecdsa v0.16.9
   Compiling primeorder v0.13.6
   Compiling aws-credential-types v1.3.0
   Compiling aws-types v1.5.0
   Compiling utf8parse v0.2.2
   Compiling p256 v0.13.2
   Compiling anstyle-parse v1.0.0
   Compiling prost-types v0.14.3
   Compiling aws-smithy-observability v0.3.0
   Compiling opentelemetry v0.32.0
   Compiling is_terminal_polyfill v1.70.2
   Compiling allocator-api2 v0.2.21
   Compiling lazy_static v1.5.0
   Compiling anstyle v1.0.14
   Compiling anstyle-query v1.1.5
   Compiling foldhash v0.2.0
   Compiling fastrand v2.4.1
   Compiling colorchoice v1.0.5
   Compiling spin v0.10.1
   Compiling anstream v1.0.0
   Compiling hashbrown v0.16.1
   Compiling sharded-slab v0.1.7
   Compiling crc-fast v1.10.0
   Compiling hyper v0.14.32
   Compiling aws-sigv4 v1.5.1
   Compiling tower-http v0.6.10
   Compiling matchers v0.2.0
   Compiling tracing-serde v0.2.0
   Compiling async-stream-impl v0.3.6
   Compiling tracing-log v0.2.0
   Compiling thread_local v1.1.9
   Compiling xmlparser v0.13.6
   Compiling heck v0.5.0
   Compiling winnow v1.0.2
   Compiling nu-ansi-term v0.50.3
   Compiling clap_lex v1.1.0
   Compiling async-stream v0.3.6
   Compiling arc-swap v1.9.1
   Compiling clap_derive v4.6.4
   Compiling clap_builder v4.6.6
   Compiling tracing-subscriber v0.3.23
   Compiling aws-smithy-xml v0.62.0
   Compiling toml_parser v1.1.3+spec-1.1.0
   Compiling aws-smithy-checksums v0.65.0
   Compiling reqwest v0.12.28
   Compiling lru v0.16.4
   Compiling opentelemetry_sdk v0.32.1
   Compiling futures v0.3.32
   Compiling aws-smithy-json v0.63.0
   Compiling dashmap v6.1.0
   Compiling nacos-macro v0.3.0
   Compiling toml_datetime v1.1.1+spec-1.1.0
   Compiling serde_spanned v1.1.1
   Compiling toml_writer v1.1.2+spec-1.1.0
   Compiling dotenvy v0.15.7
   Compiling regex-lite v0.1.9
   Compiling local_ipaddress v0.1.3
   Compiling clap v4.6.6
   Compiling toml v1.1.4+spec-1.1.0
   Compiling web-api v0.1.0 (/private/tmp/erp-domain-crate-10-sales/backend/apps/web-api)
   Compiling symlink v0.1.0
   Compiling base64 v0.13.1
   Compiling tracing-appender v0.2.5
   Compiling jwt v0.16.0
   Compiling tracing-opentelemetry v0.33.0
   Compiling tower-http v0.7.0
   Compiling casbin v2.20.0
   Compiling hyper-rustls v0.24.2
   Compiling permission-macros v0.1.0 (/private/tmp/erp-domain-crate-10-sales/backend/crates/permission-macros)
   Compiling rustls-webpki v0.103.13
   Compiling tokio-rustls v0.26.4
   Compiling mongodb v3.8.1
   Compiling tonic v0.14.6
   Compiling hyper-rustls v0.27.9
   Compiling aws-smithy-http-client v1.4.0
   Compiling tonic-prost v0.14.6
   Compiling tonic-types v0.14.6
   Compiling aws-smithy-runtime v1.14.0
   Compiling opentelemetry-proto v0.32.0
   Compiling nacos-sdk v0.8.0
   Compiling opentelemetry-otlp v0.32.0
   Compiling aws-runtime v1.9.1
   Compiling aws-sdk-s3 v1.143.0
   Compiling config v0.1.0 (/private/tmp/erp-domain-crate-10-sales/backend/config)
   Compiling persistence-core v0.1.0 (/private/tmp/erp-domain-crate-10-sales/backend/crates/persistence-core)
   Compiling id-generator v0.1.0 (/private/tmp/erp-domain-crate-10-sales/backend/crates/id-generator)
   Compiling erp-supplier v0.1.0 (/private/tmp/erp-domain-crate-10-sales/backend/crates/erp-supplier)
   Compiling erp-customer v0.1.0 (/private/tmp/erp-domain-crate-10-sales/backend/crates/erp-customer)
   Compiling erp-party v0.1.0 (/private/tmp/erp-domain-crate-10-sales/backend/crates/erp-party)
   Compiling erp-support v0.1.0 (/private/tmp/erp-domain-crate-10-sales/backend/crates/erp-support)
   Compiling erp-identity v0.1.0 (/private/tmp/erp-domain-crate-10-sales/backend/crates/erp-identity)
   Compiling erp-catalog v0.1.0 (/private/tmp/erp-domain-crate-10-sales/backend/crates/erp-catalog)
   Compiling erp-sales v0.1.0 (/private/tmp/erp-domain-crate-10-sales/backend/crates/erp-sales)
   Compiling erp-warehouse v0.1.0 (/private/tmp/erp-domain-crate-10-sales/backend/crates/erp-warehouse)
   Compiling erp-inventory v0.1.0 (/private/tmp/erp-domain-crate-10-sales/backend/crates/erp-inventory)
   Compiling erp-contract v0.1.0 (/private/tmp/erp-domain-crate-10-sales/backend/crates/erp-contract)
   Compiling erp-audit v0.1.0 (/private/tmp/erp-domain-crate-10-sales/backend/crates/erp-audit)
   Compiling erp-workflow v0.1.0 (/private/tmp/erp-domain-crate-10-sales/backend/crates/erp-workflow)
   Compiling erp-import v0.1.0 (/private/tmp/erp-domain-crate-10-sales/backend/crates/erp-import)
   Compiling erp-finance v0.1.0 (/private/tmp/erp-domain-crate-10-sales/backend/crates/erp-finance)
   Compiling storage v0.1.0 (/private/tmp/erp-domain-crate-10-sales/backend/crates/storage)
   Compiling entities v0.1.0 (/private/tmp/erp-domain-crate-10-sales/backend/entities)
   Compiling database v0.1.0 (/private/tmp/erp-domain-crate-10-sales/backend/database)
   Compiling services v0.1.0 (/private/tmp/erp-domain-crate-10-sales/backend/services)
   Compiling erp-read-models v0.1.0 (/private/tmp/erp-domain-crate-10-sales/backend/crates/erp-read-models)
   Compiling erp-processes v0.1.0 (/private/tmp/erp-domain-crate-10-sales/backend/crates/erp-processes)
      Timing report saved to /Volumes/Kingston/erp-domain-crate-10-final-finance-build/cargo-timings/cargo-timing-20260907T030100494Z-eecd458fd5fdd7ab.html
    Finished `dev` profile [unoptimized + debuginfo] target(s) in 1m 52s
warning: the following packages contain code that will be rejected by a future version of Rust: proc-macro-error2 v2.0.1
note: to see what the problems were, use the option `--future-incompat-report`, or run `cargo report future-incompatibilities --id 1`
