  [2m2026-08-26T07:06:01.631551Z[0m [32m INFO[0m [1;32mweb_api::core::tracing::setup[0m[32m: [32mTracing initialized with configuration: json_format=false, log_to_file=false, log_directory=logs[0m
    [2;3mat[0m apps/web-api/src/core/tracing/setup.rs:131 [2;3mon[0m ThreadId(1)

  [2m2026-08-26T07:06:01.667911Z[0m [32m INFO[0m [1;32mweb_api[0m[32m: [32mStarting application with config: 10001[0m
    [2;3mat[0m apps/web-api/src/main.rs:67 [2;3mon[0m ThreadId(1)

  [2m2026-08-26T07:06:12.746616Z[0m [32m INFO[0m [1;32mweb_api::app_state[0m[32m: [32m审批通知 outbox worker 已启动, [1;32mworker_id[0m[32m: web-api-d76f93526f00410786ac64ae98d226a9[0m
    [2;3mat[0m apps/web-api/src/app_state.rs:207 [2;3mon[0m ThreadId(5)

  [2m2026-08-26T07:06:13.730218Z[0m [32m INFO[0m [1;32mweb_api::core::tracing::middleware[0m[32m: [32mnew[0m
    [2;3mat[0m apps/web-api/src/core/tracing/middleware.rs:38 [2;3mon[0m ThreadId(3)
    [2;3min[0m web_api::core::tracing::middleware::[1mhttp_request[0m [2;3mwith[0m [1mtrace_id[0m: 6dfb3485-53ae-4b3b-8d3c-566dc0e2c63c, [1mmethod[0m: GET, [1mpath[0m: /health

  [2m2026-08-26T07:06:13.737103Z[0m [32m INFO[0m [1;32mhttp[0m[32m: [32mRequest completed, [1;32mtrace_id[0m[32m: 6dfb3485-53ae-4b3b-8d3c-566dc0e2c63c, [1;32mmethod[0m[32m: GET, [1;32mpath[0m[32m: /health, [1;32mstatus[0m[32m: 200, [1;32mlatency_ms[0m[32m: 7[0m
    [2;3mat[0m apps/web-api/src/core/tracing/middleware.rs:58 [2;3mon[0m ThreadId(3)
    [2;3min[0m web_api::core::tracing::middleware::[1mhttp_request[0m [2;3mwith[0m [1mtrace_id[0m: 6dfb3485-53ae-4b3b-8d3c-566dc0e2c63c, [1mmethod[0m: GET, [1mpath[0m: /health, [1mstatus_code[0m: 200, [1mlatency_ms[0m: 7

  [2m2026-08-26T07:06:13.737387Z[0m [32m INFO[0m [1;32mweb_api::core::tracing::middleware[0m[32m: [32mclose, [1;32mtime.busy[0m[32m: 6.66ms, [1;32mtime.idle[0m[32m: 515µs[0m
    [2;3mat[0m apps/web-api/src/core/tracing/middleware.rs:38 [2;3mon[0m ThreadId(3)
    [2;3min[0m web_api::core::tracing::middleware::[1mhttp_request[0m [2;3mwith[0m [1mtrace_id[0m: 6dfb3485-53ae-4b3b-8d3c-566dc0e2c63c, [1mmethod[0m: GET, [1mpath[0m: /health, [1mstatus_code[0m: 200, [1mlatency_ms[0m: 7

  [2m2026-08-26T07:06:13.755313Z[0m [32m INFO[0m [1;32mweb_api::core::tracing::middleware[0m[32m: [32mnew[0m
    [2;3mat[0m apps/web-api/src/core/tracing/middleware.rs:38 [2;3mon[0m ThreadId(11)
    [2;3min[0m web_api::core::tracing::middleware::[1mhttp_request[0m [2;3mwith[0m [1mtrace_id[0m: 95ec4995-a575-4c2c-b586-fb41fd3ba72f, [1mmethod[0m: GET, [1mpath[0m: /health

  [2m2026-08-26T07:06:13.755432Z[0m [32m INFO[0m [1;32mhttp[0m[32m: [32mRequest completed, [1;32mtrace_id[0m[32m: 95ec4995-a575-4c2c-b586-fb41fd3ba72f, [1;32mmethod[0m[32m: GET, [1;32mpath[0m[32m: /health, [1;32mstatus[0m[32m: 200, [1;32mlatency_ms[0m[32m: 0[0m
    [2;3mat[0m apps/web-api/src/core/tracing/middleware.rs:58 [2;3mon[0m ThreadId(11)
    [2;3min[0m web_api::core::tracing::middleware::[1mhttp_request[0m [2;3mwith[0m [1mtrace_id[0m: 95ec4995-a575-4c2c-b586-fb41fd3ba72f, [1mmethod[0m: GET, [1mpath[0m: /health, [1mstatus_code[0m: 200, [1mlatency_ms[0m: 0

  [2m2026-08-26T07:06:13.755454Z[0m [32m INFO[0m [1;32mweb_api::core::tracing::middleware[0m[32m: [32mclose, [1;32mtime.busy[0m[32m: 82.2µs, [1;32mtime.idle[0m[32m: 62.8µs[0m
    [2;3mat[0m apps/web-api/src/core/tracing/middleware.rs:38 [2;3mon[0m ThreadId(11)
    [2;3min[0m web_api::core::tracing::middleware::[1mhttp_request[0m [2;3mwith[0m [1mtrace_id[0m: 95ec4995-a575-4c2c-b586-fb41fd3ba72f, [1mmethod[0m: GET, [1mpath[0m: /health, [1mstatus_code[0m: 200, [1mlatency_ms[0m: 0

  [2m2026-08-26T07:06:13.997597Z[0m [32m INFO[0m [1;32mweb_api::core::tracing::middleware[0m[32m: [32mnew[0m
    [2;3mat[0m apps/web-api/src/core/tracing/middleware.rs:38 [2;3mon[0m ThreadId(11)
    [2;3min[0m web_api::core::tracing::middleware::[1mhttp_request[0m [2;3mwith[0m [1mtrace_id[0m: fa0002c3-59b4-4a3f-b745-56024eb4def0, [1mmethod[0m: POST, [1mpath[0m: /login

  [2m2026-08-26T07:06:14.006282Z[0m [32m INFO[0m [1;32mweb_api::core::handler::auth::login[0m[32m: [32mnew[0m
    [2;3mat[0m apps/web-api/src/core/handler/auth/login.rs:24 [2;3mon[0m ThreadId(11)
    [2;3min[0m web_api::core::handler::auth::login::[1mlogin[0m [2;3mwith[0m [1maccount_kind[0m: Admin
    [2;3min[0m web_api::core::tracing::middleware::[1mhttp_request[0m [2;3mwith[0m [1mtrace_id[0m: fa0002c3-59b4-4a3f-b745-56024eb4def0, [1mmethod[0m: POST, [1mpath[0m: /login

  [2m2026-08-26T07:06:14.007716Z[0m [32m INFO[0m [1;32mweb_api::core::handler::auth::login[0m[32m: [32mBackoffice login attempt[0m
    [2;3mat[0m apps/web-api/src/core/handler/auth/login.rs:34 [2;3mon[0m ThreadId(11)
    [2;3min[0m web_api::core::handler::auth::login::[1mlogin[0m [2;3mwith[0m [1maccount_kind[0m: Admin
    [2;3min[0m web_api::core::tracing::middleware::[1mhttp_request[0m [2;3mwith[0m [1mtrace_id[0m: fa0002c3-59b4-4a3f-b745-56024eb4def0, [1mmethod[0m: POST, [1mpath[0m: /login

  [2m2026-08-26T07:06:14.241566Z[0m [32m INFO[0m [1;32mweb_api::core::handler::auth::login[0m[32m: [32mLogin successful for account: admin[0m
    [2;3mat[0m apps/web-api/src/core/handler/auth/login.rs:80 [2;3mon[0m ThreadId(5)
    [2;3min[0m web_api::core::handler::auth::login::[1mlogin[0m [2;3mwith[0m [1maccount_kind[0m: Admin
    [2;3min[0m web_api::core::tracing::middleware::[1mhttp_request[0m [2;3mwith[0m [1mtrace_id[0m: fa0002c3-59b4-4a3f-b745-56024eb4def0, [1mmethod[0m: POST, [1mpath[0m: /login

  [2m2026-08-26T07:06:14.289778Z[0m [32m INFO[0m [1;32mweb_api::core::handler::auth::login[0m[32m: [32mclose, [1;32mtime.busy[0m[32m: 12.3ms, [1;32mtime.idle[0m[32m: 271ms[0m
    [2;3mat[0m apps/web-api/src/core/handler/auth/login.rs:24 [2;3mon[0m ThreadId(11)
    [2;3min[0m web_api::core::handler::auth::login::[1mlogin[0m [2;3mwith[0m [1maccount_kind[0m: Admin
    [2;3min[0m web_api::core::tracing::middleware::[1mhttp_request[0m [2;3mwith[0m [1mtrace_id[0m: fa0002c3-59b4-4a3f-b745-56024eb4def0, [1mmethod[0m: POST, [1mpath[0m: /login

  [2m2026-08-26T07:06:14.291241Z[0m [32m INFO[0m [1;32mhttp[0m[32m: [32mRequest completed, [1;32mtrace_id[0m[32m: fa0002c3-59b4-4a3f-b745-56024eb4def0, [1;32mmethod[0m[32m: POST, [1;32mpath[0m[32m: /login, [1;32mstatus[0m[32m: 200, [1;32mlatency_ms[0m[32m: 293[0m
    [2;3mat[0m apps/web-api/src/core/tracing/middleware.rs:58 [2;3mon[0m ThreadId(11)
    [2;3min[0m web_api::core::tracing::middleware::[1mhttp_request[0m [2;3mwith[0m [1mtrace_id[0m: fa0002c3-59b4-4a3f-b745-56024eb4def0, [1mmethod[0m: POST, [1mpath[0m: /login, [1mstatus_code[0m: 200, [1mlatency_ms[0m: 293

  [2m2026-08-26T07:06:14.291269Z[0m [32m INFO[0m [1;32mweb_api::core::tracing::middleware[0m[32m: [32mclose, [1;32mtime.busy[0m[32m: 294ms, [1;32mtime.idle[0m[32m: 82.5µs[0m
    [2;3mat[0m apps/web-api/src/core/tracing/middleware.rs:38 [2;3mon[0m ThreadId(11)
    [2;3min[0m web_api::core::tracing::middleware::[1mhttp_request[0m [2;3mwith[0m [1mtrace_id[0m: fa0002c3-59b4-4a3f-b745-56024eb4def0, [1mmethod[0m: POST, [1mpath[0m: /login, [1mstatus_code[0m: 200, [1mlatency_ms[0m: 293

  [2m2026-08-26T07:06:14.298218Z[0m [32m INFO[0m [1;32mweb_api::core::tracing::middleware[0m[32m: [32mnew[0m
    [2;3mat[0m apps/web-api/src/core/tracing/middleware.rs:38 [2;3mon[0m ThreadId(5)
    [2;3min[0m web_api::core::tracing::middleware::[1mhttp_request[0m [2;3mwith[0m [1mtrace_id[0m: 29270b1c-323b-4533-acc4-79bf23be0b72, [1mmethod[0m: GET, [1mpath[0m: /account/profile

  [2m2026-08-26T07:06:14.319031Z[0m [32m INFO[0m [1;32mweb_api::core::middleware::authentication[0m[32m: [32mAuthorization success[0m
    [2;3mat[0m apps/web-api/src/core/middleware/authentication.rs:49 [2;3mon[0m ThreadId(5)
    [2;3min[0m web_api::core::tracing::middleware::[1mhttp_request[0m [2;3mwith[0m [1mtrace_id[0m: 29270b1c-323b-4533-acc4-79bf23be0b72, [1mmethod[0m: GET, [1mpath[0m: /account/profile

  [2m2026-08-26T07:06:14.367270Z[0m [32m INFO[0m [1;32mhttp[0m[32m: [32mRequest completed, [1;32mtrace_id[0m[32m: 29270b1c-323b-4533-acc4-79bf23be0b72, [1;32mmethod[0m[32m: GET, [1;32mpath[0m[32m: /account/profile, [1;32mstatus[0m[32m: 200, [1;32mlatency_ms[0m[32m: 69[0m
    [2;3mat[0m apps/web-api/src/core/tracing/middleware.rs:58 [2;3mon[0m ThreadId(3)

  [2m2026-08-26T07:06:14.367319Z[0m [32m INFO[0m [1;32mweb_api::core::tracing::middleware[0m[32m: [32mclose, [1;32mtime.busy[0m[32m: 69.1ms, [1;32mtime.idle[0m[32m: 34.8µs[0m
    [2;3mat[0m apps/web-api/src/core/tracing/middleware.rs:38 [2;3mon[0m ThreadId(3)
    [2;3min[0m web_api::core::tracing::middleware::[1mhttp_request[0m [2;3mwith[0m [1mtrace_id[0m: 29270b1c-323b-4533-acc4-79bf23be0b72, [1mmethod[0m: GET, [1mpath[0m: /account/profile, [1mstatus_code[0m: 200, [1mlatency_ms[0m: 69

  [2m2026-08-26T07:06:14.369857Z[0m [32m INFO[0m [1;32mweb_api::core::tracing::middleware[0m[32m: [32mnew[0m
    [2;3mat[0m apps/web-api/src/core/tracing/middleware.rs:38 [2;3mon[0m ThreadId(11)
    [2;3min[0m web_api::core::tracing::middleware::[1mhttp_request[0m [2;3mwith[0m [1mtrace_id[0m: e88d8b67-52c2-48aa-a144-430b728f2072, [1mmethod[0m: POST, [1mpath[0m: /login

  [2m2026-08-26T07:06:14.369940Z[0m [32m INFO[0m [1;32mweb_api::core::handler::auth::login[0m[32m: [32mnew[0m
    [2;3mat[0m apps/web-api/src/core/handler/auth/login.rs:24 [2;3mon[0m ThreadId(11)
    [2;3min[0m web_api::core::handler::auth::login::[1mlogin[0m [2;3mwith[0m [1maccount_kind[0m: Admin
    [2;3min[0m web_api::core::tracing::middleware::[1mhttp_request[0m [2;3mwith[0m [1mtrace_id[0m: e88d8b67-52c2-48aa-a144-430b728f2072, [1mmethod[0m: POST, [1mpath[0m: /login

  [2m2026-08-26T07:06:14.370225Z[0m [32m INFO[0m [1;32mweb_api::core::handler::auth::login[0m[32m: [32mBackoffice login attempt[0m
    [2;3mat[0m apps/web-api/src/core/handler/auth/login.rs:34 [2;3mon[0m ThreadId(11)
    [2;3min[0m web_api::core::handler::auth::login::[1mlogin[0m [2;3mwith[0m [1maccount_kind[0m: Admin
    [2;3min[0m web_api::core::tracing::middleware::[1mhttp_request[0m [2;3mwith[0m [1mtrace_id[0m: e88d8b67-52c2-48aa-a144-430b728f2072, [1mmethod[0m: POST, [1mpath[0m: /login

  [2m2026-08-26T07:06:14.565964Z[0m [32m INFO[0m [1;32mweb_api::core::handler::auth::login[0m[32m: [32mLogin successful for account: xiaoshou[0m
    [2;3mat[0m apps/web-api/src/core/handler/auth/login.rs:80 [2;3mon[0m ThreadId(11)
    [2;3min[0m web_api::core::handler::auth::login::[1mlogin[0m [2;3mwith[0m [1maccount_kind[0m: Admin
    [2;3min[0m web_api::core::tracing::middleware::[1mhttp_request[0m [2;3mwith[0m [1mtrace_id[0m: e88d8b67-52c2-48aa-a144-430b728f2072, [1mmethod[0m: POST, [1mpath[0m: /login

  [2m2026-08-26T07:06:14.579096Z[0m [32m INFO[0m [1;32mweb_api::core::handler::auth::login[0m[32m: [32mclose, [1;32mtime.busy[0m[32m: 1.22ms, [1;32mtime.idle[0m[32m: 208ms[0m
    [2;3mat[0m apps/web-api/src/core/handler/auth/login.rs:24 [2;3mon[0m ThreadId(3)
    [2;3min[0m web_api::core::handler::auth::login::[1mlogin[0m [2;3mwith[0m [1maccount_kind[0m: Admin
    [2;3min[0m web_api::core::tracing::middleware::[1mhttp_request[0m [2;3mwith[0m [1mtrace_id[0m: e88d8b67-52c2-48aa-a144-430b728f2072, [1mmethod[0m: POST, [1mpath[0m: /login

  [2m2026-08-26T07:06:14.579250Z[0m [32m INFO[0m [1;32mhttp[0m[32m: [32mRequest completed, [1;32mtrace_id[0m[32m: e88d8b67-52c2-48aa-a144-430b728f2072, [1;32mmethod[0m[32m: POST, [1;32mpath[0m[32m: /login, [1;32mstatus[0m[32m: 200, [1;32mlatency_ms[0m[32m: 209[0m
    [2;3mat[0m apps/web-api/src/core/tracing/middleware.rs:58 [2;3mon[0m ThreadId(3)

  [2m2026-08-26T07:06:14.579267Z[0m [32m INFO[0m [1;32mweb_api::core::tracing::middleware[0m[32m: [32mclose, [1;32mtime.busy[0m[32m: 209ms, [1;32mtime.idle[0m[32m: 26.5µs[0m
    [2;3mat[0m apps/web-api/src/core/tracing/middleware.rs:38 [2;3mon[0m ThreadId(3)
    [2;3min[0m web_api::core::tracing::middleware::[1mhttp_request[0m [2;3mwith[0m [1mtrace_id[0m: e88d8b67-52c2-48aa-a144-430b728f2072, [1mmethod[0m: POST, [1mpath[0m: /login, [1mstatus_code[0m: 200, [1mlatency_ms[0m: 209

  [2m2026-08-26T07:06:14.581647Z[0m [32m INFO[0m [1;32mweb_api::core::tracing::middleware[0m[32m: [32mnew[0m
    [2;3mat[0m apps/web-api/src/core/tracing/middleware.rs:38 [2;3mon[0m ThreadId(11)
    [2;3min[0m web_api::core::tracing::middleware::[1mhttp_request[0m [2;3mwith[0m [1mtrace_id[0m: f4e3f479-2a66-4a5f-96af-8b172149e271, [1mmethod[0m: GET, [1mpath[0m: /account/profile

  [2m2026-08-26T07:06:14.594766Z[0m [32m INFO[0m [1;32mweb_api::core::middleware::authentication[0m[32m: [32mAuthorization success[0m
    [2;3mat[0m apps/web-api/src/core/middleware/authentication.rs:49 [2;3mon[0m ThreadId(11)
    [2;3min[0m web_api::core::tracing::middleware::[1mhttp_request[0m [2;3mwith[0m [1mtrace_id[0m: f4e3f479-2a66-4a5f-96af-8b172149e271, [1mmethod[0m: GET, [1mpath[0m: /account/profile

  [2m2026-08-26T07:06:14.627990Z[0m [32m INFO[0m [1;32mhttp[0m[32m: [32mRequest completed, [1;32mtrace_id[0m[32m: f4e3f479-2a66-4a5f-96af-8b172149e271, [1;32mmethod[0m[32m: GET, [1;32mpath[0m[32m: /account/profile, [1;32mstatus[0m[32m: 200, [1;32mlatency_ms[0m[32m: 46[0m
    [2;3mat[0m apps/web-api/src/core/tracing/middleware.rs:58 [2;3mon[0m ThreadId(11)
    [2;3min[0m web_api::core::tracing::middleware::[1mhttp_request[0m [2;3mwith[0m [1mtrace_id[0m: f4e3f479-2a66-4a5f-96af-8b172149e271, [1mmethod[0m: GET, [1mpath[0m: /account/profile, [1mstatus_code[0m: 200, [1mlatency_ms[0m: 46

  [2m2026-08-26T07:06:14.628077Z[0m [32m INFO[0m [1;32mweb_api::core::tracing::middleware[0m[32m: [32mclose, [1;32mtime.busy[0m[32m: 46.4ms, [1;32mtime.idle[0m[32m: 23.5µs[0m
    [2;3mat[0m apps/web-api/src/core/tracing/middleware.rs:38 [2;3mon[0m ThreadId(11)
    [2;3min[0m web_api::core::tracing::middleware::[1mhttp_request[0m [2;3mwith[0m [1mtrace_id[0m: f4e3f479-2a66-4a5f-96af-8b172149e271, [1mmethod[0m: GET, [1mpath[0m: /account/profile, [1mstatus_code[0m: 200, [1mlatency_ms[0m: 46

  [2m2026-08-26T07:06:14.630536Z[0m [32m INFO[0m [1;32mweb_api::core::tracing::middleware[0m[32m: [32mnew[0m
    [2;3mat[0m apps/web-api/src/core/tracing/middleware.rs:38 [2;3mon[0m ThreadId(3)
    [2;3min[0m web_api::core::tracing::middleware::[1mhttp_request[0m [2;3mwith[0m [1mtrace_id[0m: 49dddaad-d73f-4598-a69c-ba0f5824d5b2, [1mmethod[0m: POST, [1mpath[0m: /login

  [2m2026-08-26T07:06:14.630621Z[0m [32m INFO[0m [1;32mweb_api::core::handler::auth::login[0m[32m: [32mnew[0m
    [2;3mat[0m apps/web-api/src/core/handler/auth/login.rs:24 [2;3mon[0m ThreadId(3)
    [2;3min[0m web_api::core::handler::auth::login::[1mlogin[0m [2;3mwith[0m [1maccount_kind[0m: Admin
    [2;3min[0m web_api::core::tracing::middleware::[1mhttp_request[0m [2;3mwith[0m [1mtrace_id[0m: 49dddaad-d73f-4598-a69c-ba0f5824d5b2, [1mmethod[0m: POST, [1mpath[0m: /login

  [2m2026-08-26T07:06:14.630655Z[0m [32m INFO[0m [1;32mweb_api::core::handler::auth::login[0m[32m: [32mBackoffice login attempt[0m
    [2;3mat[0m apps/web-api/src/core/handler/auth/login.rs:34 [2;3mon[0m ThreadId(3)
    [2;3min[0m web_api::core::handler::auth::login::[1mlogin[0m [2;3mwith[0m [1maccount_kind[0m: Admin
    [2;3min[0m web_api::core::tracing::middleware::[1mhttp_request[0m [2;3mwith[0m [1mtrace_id[0m: 49dddaad-d73f-4598-a69c-ba0f5824d5b2, [1mmethod[0m: POST, [1mpath[0m: /login

  [2m2026-08-26T07:06:14.838656Z[0m [32m INFO[0m [1;32mweb_api::core::handler::auth::login[0m[32m: [32mLogin successful for account: caigou[0m
    [2;3mat[0m apps/web-api/src/core/handler/auth/login.rs:80 [2;3mon[0m ThreadId(5)
    [2;3min[0m web_api::core::handler::auth::login::[1mlogin[0m [2;3mwith[0m [1maccount_kind[0m: Admin
    [2;3min[0m web_api::core::tracing::middleware::[1mhttp_request[0m [2;3mwith[0m [1mtrace_id[0m: 49dddaad-d73f-4598-a69c-ba0f5824d5b2, [1mmethod[0m: POST, [1mpath[0m: /login

  [2m2026-08-26T07:06:14.850610Z[0m [32m INFO[0m [1;32mweb_api::core::handler::auth::login[0m[32m: [32mclose, [1;32mtime.busy[0m[32m: 776µs, [1;32mtime.idle[0m[32m: 219ms[0m
    [2;3mat[0m apps/web-api/src/core/handler/auth/login.rs:24 [2;3mon[0m ThreadId(2)
    [2;3min[0m web_api::core::handler::auth::login::[1mlogin[0m [2;3mwith[0m [1maccount_kind[0m: Admin
    [2;3min[0m web_api::core::tracing::middleware::[1mhttp_request[0m [2;3mwith[0m [1mtrace_id[0m: 49dddaad-d73f-4598-a69c-ba0f5824d5b2, [1mmethod[0m: POST, [1mpath[0m: /login

  [2m2026-08-26T07:06:14.850718Z[0m [32m INFO[0m [1;32mhttp[0m[32m: [32mRequest completed, [1;32mtrace_id[0m[32m: 49dddaad-d73f-4598-a69c-ba0f5824d5b2, [1;32mmethod[0m[32m: POST, [1;32mpath[0m[32m: /login, [1;32mstatus[0m[32m: 200, [1;32mlatency_ms[0m[32m: 220[0m
    [2;3mat[0m apps/web-api/src/core/tracing/middleware.rs:58 [2;3mon[0m ThreadId(2)

  [2m2026-08-26T07:06:14.850734Z[0m [32m INFO[0m [1;32mweb_api::core::tracing::middleware[0m[32m: [32mclose, [1;32mtime.busy[0m[32m: 220ms, [1;32mtime.idle[0m[32m: 24.6µs[0m
    [2;3mat[0m apps/web-api/src/core/tracing/middleware.rs:38 [2;3mon[0m ThreadId(2)
    [2;3min[0m web_api::core::tracing::middleware::[1mhttp_request[0m [2;3mwith[0m [1mtrace_id[0m: 49dddaad-d73f-4598-a69c-ba0f5824d5b2, [1mmethod[0m: POST, [1mpath[0m: /login, [1mstatus_code[0m: 200, [1mlatency_ms[0m: 220

  [2m2026-08-26T07:06:14.853004Z[0m [32m INFO[0m [1;32mweb_api::core::tracing::middleware[0m[32m: [32mnew[0m
    [2;3mat[0m apps/web-api/src/core/tracing/middleware.rs:38 [2;3mon[0m ThreadId(5)
    [2;3min[0m web_api::core::tracing::middleware::[1mhttp_request[0m [2;3mwith[0m [1mtrace_id[0m: 2690f631-f04f-42dd-a899-2651cd74b054, [1mmethod[0m: GET, [1mpath[0m: /account/profile

  [2m2026-08-26T07:06:14.865258Z[0m [32m INFO[0m [1;32mweb_api::core::middleware::authentication[0m[32m: [32mAuthorization success[0m
    [2;3mat[0m apps/web-api/src/core/middleware/authentication.rs:49 [2;3mon[0m ThreadId(5)
    [2;3min[0m web_api::core::tracing::middleware::[1mhttp_request[0m [2;3mwith[0m [1mtrace_id[0m: 2690f631-f04f-42dd-a899-2651cd74b054, [1mmethod[0m: GET, [1mpath[0m: /account/profile

  [2m2026-08-26T07:06:14.901907Z[0m [32m INFO[0m [1;32mhttp[0m[32m: [32mRequest completed, [1;32mtrace_id[0m[32m: 2690f631-f04f-42dd-a899-2651cd74b054, [1;32mmethod[0m[32m: GET, [1;32mpath[0m[32m: /account/profile, [1;32mstatus[0m[32m: 200, [1;32mlatency_ms[0m[32m: 48[0m
    [2;3mat[0m apps/web-api/src/core/tracing/middleware.rs:58 [2;3mon[0m ThreadId(3)

  [2m2026-08-26T07:06:14.901962Z[0m [32m INFO[0m [1;32mweb_api::core::tracing::middleware[0m[32m: [32mclose, [1;32mtime.busy[0m[32m: 48.9ms, [1;32mtime.idle[0m[32m: 17.7µs[0m
    [2;3mat[0m apps/web-api/src/core/tracing/middleware.rs:38 [2;3mon[0m ThreadId(3)
    [2;3min[0m web_api::core::tracing::middleware::[1mhttp_request[0m [2;3mwith[0m [1mtrace_id[0m: 2690f631-f04f-42dd-a899-2651cd74b054, [1mmethod[0m: GET, [1mpath[0m: /account/profile, [1mstatus_code[0m: 200, [1mlatency_ms[0m: 48

  [2m2026-08-26T07:06:14.903151Z[0m [32m INFO[0m [1;32mweb_api::core::tracing::middleware[0m[32m: [32mnew[0m
    [2;3mat[0m apps/web-api/src/core/tracing/middleware.rs:38 [2;3mon[0m ThreadId(5)
    [2;3min[0m web_api::core::tracing::middleware::[1mhttp_request[0m [2;3mwith[0m [1mtrace_id[0m: 68d6bc9e-221f-499a-bf1c-fb97d688bd77, [1mmethod[0m: POST, [1mpath[0m: /login

  [2m2026-08-26T07:06:14.903240Z[0m [32m INFO[0m [1;32mweb_api::core::handler::auth::login[0m[32m: [32mnew[0m
    [2;3mat[0m apps/web-api/src/core/handler/auth/login.rs:24 [2;3mon[0m ThreadId(5)
    [2;3min[0m web_api::core::handler::auth::login::[1mlogin[0m [2;3mwith[0m [1maccount_kind[0m: Admin
    [2;3min[0m web_api::core::tracing::middleware::[1mhttp_request[0m [2;3mwith[0m [1mtrace_id[0m: 68d6bc9e-221f-499a-bf1c-fb97d688bd77, [1mmethod[0m: POST, [1mpath[0m: /login

  [2m2026-08-26T07:06:14.903297Z[0m [32m INFO[0m [1;32mweb_api::core::handler::auth::login[0m[32m: [32mBackoffice login attempt[0m
    [2;3mat[0m apps/web-api/src/core/handler/auth/login.rs:34 [2;3mon[0m ThreadId(5)
    [2;3min[0m web_api::core::handler::auth::login::[1mlogin[0m [2;3mwith[0m [1maccount_kind[0m: Admin
    [2;3min[0m web_api::core::tracing::middleware::[1mhttp_request[0m [2;3mwith[0m [1mtrace_id[0m: 68d6bc9e-221f-499a-bf1c-fb97d688bd77, [1mmethod[0m: POST, [1mpath[0m: /login

  [2m2026-08-26T07:06:15.106891Z[0m [32m INFO[0m [1;32mweb_api::core::handler::auth::login[0m[32m: [32mLogin successful for account: yunying[0m
    [2;3mat[0m apps/web-api/src/core/handler/auth/login.rs:80 [2;3mon[0m ThreadId(5)
    [2;3min[0m web_api::core::handler::auth::login::[1mlogin[0m [2;3mwith[0m [1maccount_kind[0m: Admin
    [2;3min[0m web_api::core::tracing::middleware::[1mhttp_request[0m [2;3mwith[0m [1mtrace_id[0m: 68d6bc9e-221f-499a-bf1c-fb97d688bd77, [1mmethod[0m: POST, [1mpath[0m: /login

  [2m2026-08-26T07:06:15.119923Z[0m [32m INFO[0m [1;32mweb_api::core::handler::auth::login[0m[32m: [32mclose, [1;32mtime.busy[0m[32m: 887µs, [1;32mtime.idle[0m[32m: 216ms[0m
    [2;3mat[0m apps/web-api/src/core/handler/auth/login.rs:24 [2;3mon[0m ThreadId(2)
    [2;3min[0m web_api::core::handler::auth::login::[1mlogin[0m [2;3mwith[0m [1maccount_kind[0m: Admin
    [2;3min[0m web_api::core::tracing::middleware::[1mhttp_request[0m [2;3mwith[0m [1mtrace_id[0m: 68d6bc9e-221f-499a-bf1c-fb97d688bd77, [1mmethod[0m: POST, [1mpath[0m: /login

  [2m2026-08-26T07:06:15.120033Z[0m [32m INFO[0m [1;32mhttp[0m[32m: [32mRequest completed, [1;32mtrace_id[0m[32m: 68d6bc9e-221f-499a-bf1c-fb97d688bd77, [1;32mmethod[0m[32m: POST, [1;32mpath[0m[32m: /login, [1;32mstatus[0m[32m: 200, [1;32mlatency_ms[0m[32m: 216[0m
    [2;3mat[0m apps/web-api/src/core/tracing/middleware.rs:58 [2;3mon[0m ThreadId(2)

  [2m2026-08-26T07:06:15.120057Z[0m [32m INFO[0m [1;32mweb_api::core::tracing::middleware[0m[32m: [32mclose, [1;32mtime.busy[0m[32m: 217ms, [1;32mtime.idle[0m[32m: 25.4µs[0m
    [2;3mat[0m apps/web-api/src/core/tracing/middleware.rs:38 [2;3mon[0m ThreadId(2)
    [2;3min[0m web_api::core::tracing::middleware::[1mhttp_request[0m [2;3mwith[0m [1mtrace_id[0m: 68d6bc9e-221f-499a-bf1c-fb97d688bd77, [1mmethod[0m: POST, [1mpath[0m: /login, [1mstatus_code[0m: 200, [1mlatency_ms[0m: 216

  [2m2026-08-26T07:06:15.121274Z[0m [32m INFO[0m [1;32mweb_api::core::tracing::middleware[0m[32m: [32mnew[0m
    [2;3mat[0m apps/web-api/src/core/tracing/middleware.rs:38 [2;3mon[0m ThreadId(5)
    [2;3min[0m web_api::core::tracing::middleware::[1mhttp_request[0m [2;3mwith[0m [1mtrace_id[0m: 993b6e00-3fbc-442f-ad6e-00adcd9a0e8f, [1mmethod[0m: GET, [1mpath[0m: /account/profile

  [2m2026-08-26T07:06:15.132631Z[0m [32m INFO[0m [1;32mweb_api::core::middleware::authentication[0m[32m: [32mAuthorization success[0m
    [2;3mat[0m apps/web-api/src/core/middleware/authentication.rs:49 [2;3mon[0m ThreadId(5)
    [2;3min[0m web_api::core::tracing::middleware::[1mhttp_request[0m [2;3mwith[0m [1mtrace_id[0m: 993b6e00-3fbc-442f-ad6e-00adcd9a0e8f, [1mmethod[0m: GET, [1mpath[0m: /account/profile

  [2m2026-08-26T07:06:15.173367Z[0m [32m INFO[0m [1;32mhttp[0m[32m: [32mRequest completed, [1;32mtrace_id[0m[32m: 993b6e00-3fbc-442f-ad6e-00adcd9a0e8f, [1;32mmethod[0m[32m: GET, [1;32mpath[0m[32m: /account/profile, [1;32mstatus[0m[32m: 200, [1;32mlatency_ms[0m[32m: 52[0m
    [2;3mat[0m apps/web-api/src/core/tracing/middleware.rs:58 [2;3mon[0m ThreadId(2)

  [2m2026-08-26T07:06:15.173476Z[0m [32m INFO[0m [1;32mweb_api::core::tracing::middleware[0m[32m: [32mclose, [1;32mtime.busy[0m[32m: 52.2ms, [1;32mtime.idle[0m[32m: 25.4µs[0m
    [2;3mat[0m apps/web-api/src/core/tracing/middleware.rs:38 [2;3mon[0m ThreadId(2)
    [2;3min[0m web_api::core::tracing::middleware::[1mhttp_request[0m [2;3mwith[0m [1mtrace_id[0m: 993b6e00-3fbc-442f-ad6e-00adcd9a0e8f, [1mmethod[0m: GET, [1mpath[0m: /account/profile, [1mstatus_code[0m: 200, [1mlatency_ms[0m: 52

  [2m2026-08-26T07:06:15.176161Z[0m [32m INFO[0m [1;32mweb_api::core::tracing::middleware[0m[32m: [32mnew[0m
    [2;3mat[0m apps/web-api/src/core/tracing/middleware.rs:38 [2;3mon[0m ThreadId(3)
    [2;3min[0m web_api::core::tracing::middleware::[1mhttp_request[0m [2;3mwith[0m [1mtrace_id[0m: 23adcd50-2f57-4117-bccf-ffecfd7ada09, [1mmethod[0m: POST, [1mpath[0m: /login

  [2m2026-08-26T07:06:15.176290Z[0m [32m INFO[0m [1;32mweb_api::core::handler::auth::login[0m[32m: [32mnew[0m
    [2;3mat[0m apps/web-api/src/core/handler/auth/login.rs:24 [2;3mon[0m ThreadId(3)
    [2;3min[0m web_api::core::handler::auth::login::[1mlogin[0m [2;3mwith[0m [1maccount_kind[0m: Admin
    [2;3min[0m web_api::core::tracing::middleware::[1mhttp_request[0m [2;3mwith[0m [1mtrace_id[0m: 23adcd50-2f57-4117-bccf-ffecfd7ada09, [1mmethod[0m: POST, [1mpath[0m: /login

  [2m2026-08-26T07:06:15.176334Z[0m [32m INFO[0m [1;32mweb_api::core::handler::auth::login[0m[32m: [32mBackoffice login attempt[0m
    [2;3mat[0m apps/web-api/src/core/handler/auth/login.rs:34 [2;3mon[0m ThreadId(3)
    [2;3min[0m web_api::core::handler::auth::login::[1mlogin[0m [2;3mwith[0m [1maccount_kind[0m: Admin
    [2;3min[0m web_api::core::tracing::middleware::[1mhttp_request[0m [2;3mwith[0m [1mtrace_id[0m: 23adcd50-2f57-4117-bccf-ffecfd7ada09, [1mmethod[0m: POST, [1mpath[0m: /login

  [2m2026-08-26T07:06:15.389906Z[0m [32m INFO[0m [1;32mweb_api::core::handler::auth::login[0m[32m: [32mLogin successful for account: caiwu[0m
    [2;3mat[0m apps/web-api/src/core/handler/auth/login.rs:80 [2;3mon[0m ThreadId(3)
    [2;3min[0m web_api::core::handler::auth::login::[1mlogin[0m [2;3mwith[0m [1maccount_kind[0m: Admin
    [2;3min[0m web_api::core::tracing::middleware::[1mhttp_request[0m [2;3mwith[0m [1mtrace_id[0m: 23adcd50-2f57-4117-bccf-ffecfd7ada09, [1mmethod[0m: POST, [1mpath[0m: /login

  [2m2026-08-26T07:06:15.402640Z[0m [32m INFO[0m [1;32mweb_api::core::handler::auth::login[0m[32m: [32mclose, [1;32mtime.busy[0m[32m: 1.09ms, [1;32mtime.idle[0m[32m: 225ms[0m
    [2;3mat[0m apps/web-api/src/core/handler/auth/login.rs:24 [2;3mon[0m ThreadId(5)
    [2;3min[0m web_api::core::handler::auth::login::[1mlogin[0m [2;3mwith[0m [1maccount_kind[0m: Admin
    [2;3min[0m web_api::core::tracing::middleware::[1mhttp_request[0m [2;3mwith[0m [1mtrace_id[0m: 23adcd50-2f57-4117-bccf-ffecfd7ada09, [1mmethod[0m: POST, [1mpath[0m: /login

  [2m2026-08-26T07:06:15.402763Z[0m [32m INFO[0m [1;32mhttp[0m[32m: [32mRequest completed, [1;32mtrace_id[0m[32m: 23adcd50-2f57-4117-bccf-ffecfd7ada09, [1;32mmethod[0m[32m: POST, [1;32mpath[0m[32m: /login, [1;32mstatus[0m[32m: 200, [1;32mlatency_ms[0m[32m: 226[0m
    [2;3mat[0m apps/web-api/src/core/tracing/middleware.rs:58 [2;3mon[0m ThreadId(5)

  [2m2026-08-26T07:06:15.402781Z[0m [32m INFO[0m [1;32mweb_api::core::tracing::middleware[0m[32m: [32mclose, [1;32mtime.busy[0m[32m: 227ms, [1;32mtime.idle[0m[32m: 54.1µs[0m
    [2;3mat[0m apps/web-api/src/core/tracing/middleware.rs:38 [2;3mon[0m ThreadId(5)
    [2;3min[0m web_api::core::tracing::middleware::[1mhttp_request[0m [2;3mwith[0m [1mtrace_id[0m: 23adcd50-2f57-4117-bccf-ffecfd7ada09, [1mmethod[0m: POST, [1mpath[0m: /login, [1mstatus_code[0m: 200, [1mlatency_ms[0m: 226

  [2m2026-08-26T07:06:15.405035Z[0m [32m INFO[0m [1;32mweb_api::core::tracing::middleware[0m[32m: [32mnew[0m
    [2;3mat[0m apps/web-api/src/core/tracing/middleware.rs:38 [2;3mon[0m ThreadId(3)
    [2;3min[0m web_api::core::tracing::middleware::[1mhttp_request[0m [2;3mwith[0m [1mtrace_id[0m: 830a1dd7-a031-42da-b536-5e16cc881525, [1mmethod[0m: GET, [1mpath[0m: /account/profile

  [2m2026-08-26T07:06:15.416323Z[0m [32m INFO[0m [1;32mweb_api::core::middleware::authentication[0m[32m: [32mAuthorization success[0m
    [2;3mat[0m apps/web-api/src/core/middleware/authentication.rs:49 [2;3mon[0m ThreadId(3)
    [2;3min[0m web_api::core::tracing::middleware::[1mhttp_request[0m [2;3mwith[0m [1mtrace_id[0m: 830a1dd7-a031-42da-b536-5e16cc881525, [1mmethod[0m: GET, [1mpath[0m: /account/profile

  [2m2026-08-26T07:06:15.474250Z[0m [32m INFO[0m [1;32mhttp[0m[32m: [32mRequest completed, [1;32mtrace_id[0m[32m: 830a1dd7-a031-42da-b536-5e16cc881525, [1;32mmethod[0m[32m: GET, [1;32mpath[0m[32m: /account/profile, [1;32mstatus[0m[32m: 200, [1;32mlatency_ms[0m[32m: 69[0m
    [2;3mat[0m apps/web-api/src/core/tracing/middleware.rs:58 [2;3mon[0m ThreadId(5)

  [2m2026-08-26T07:06:15.474318Z[0m [32m INFO[0m [1;32mweb_api::core::tracing::middleware[0m[32m: [32mclose, [1;32mtime.busy[0m[32m: 69.2ms, [1;32mtime.idle[0m[32m: 44.5µs[0m
    [2;3mat[0m apps/web-api/src/core/tracing/middleware.rs:38 [2;3mon[0m ThreadId(5)
    [2;3min[0m web_api::core::tracing::middleware::[1mhttp_request[0m [2;3mwith[0m [1mtrace_id[0m: 830a1dd7-a031-42da-b536-5e16cc881525, [1mmethod[0m: GET, [1mpath[0m: /account/profile, [1mstatus_code[0m: 200, [1mlatency_ms[0m: 69

  [2m2026-08-26T07:06:15.477020Z[0m [32m INFO[0m [1;32mweb_api::core::tracing::middleware[0m[32m: [32mnew[0m
    [2;3mat[0m apps/web-api/src/core/tracing/middleware.rs:38 [2;3mon[0m ThreadId(3)
    [2;3min[0m web_api::core::tracing::middleware::[1mhttp_request[0m [2;3mwith[0m [1mtrace_id[0m: ee7dcc3c-ea24-4b13-a7d7-2cef99b8a960, [1mmethod[0m: POST, [1mpath[0m: /login

  [2m2026-08-26T07:06:15.477128Z[0m [32m INFO[0m [1;32mweb_api::core::handler::auth::login[0m[32m: [32mnew[0m
    [2;3mat[0m apps/web-api/src/core/handler/auth/login.rs:24 [2;3mon[0m ThreadId(3)
    [2;3min[0m web_api::core::handler::auth::login::[1mlogin[0m [2;3mwith[0m [1maccount_kind[0m: Admin
    [2;3min[0m web_api::core::tracing::middleware::[1mhttp_request[0m [2;3mwith[0m [1mtrace_id[0m: ee7dcc3c-ea24-4b13-a7d7-2cef99b8a960, [1mmethod[0m: POST, [1mpath[0m: /login

  [2m2026-08-26T07:06:15.477165Z[0m [32m INFO[0m [1;32mweb_api::core::handler::auth::login[0m[32m: [32mBackoffice login attempt[0m
    [2;3mat[0m apps/web-api/src/core/handler/auth/login.rs:34 [2;3mon[0m ThreadId(3)
    [2;3min[0m web_api::core::handler::auth::login::[1mlogin[0m [2;3mwith[0m [1maccount_kind[0m: Admin
    [2;3min[0m web_api::core::tracing::middleware::[1mhttp_request[0m [2;3mwith[0m [1mtrace_id[0m: ee7dcc3c-ea24-4b13-a7d7-2cef99b8a960, [1mmethod[0m: POST, [1mpath[0m: /login

  [2m2026-08-26T07:06:15.678695Z[0m [32m INFO[0m [1;32mweb_api::core::handler::auth::login[0m[32m: [32mLogin successful for account: lisiyong[0m
    [2;3mat[0m apps/web-api/src/core/handler/auth/login.rs:80 [2;3mon[0m ThreadId(2)
    [2;3min[0m web_api::core::handler::auth::login::[1mlogin[0m [2;3mwith[0m [1maccount_kind[0m: Admin
    [2;3min[0m web_api::core::tracing::middleware::[1mhttp_request[0m [2;3mwith[0m [1mtrace_id[0m: ee7dcc3c-ea24-4b13-a7d7-2cef99b8a960, [1mmethod[0m: POST, [1mpath[0m: /login

  [2m2026-08-26T07:06:15.691767Z[0m [32m INFO[0m [1;32mweb_api::core::handler::auth::login[0m[32m: [32mclose, [1;32mtime.busy[0m[32m: 1.10ms, [1;32mtime.idle[0m[32m: 214ms[0m
    [2;3mat[0m apps/web-api/src/core/handler/auth/login.rs:24 [2;3mon[0m ThreadId(3)
    [2;3min[0m web_api::core::handler::auth::login::[1mlogin[0m [2;3mwith[0m [1maccount_kind[0m: Admin
    [2;3min[0m web_api::core::tracing::middleware::[1mhttp_request[0m [2;3mwith[0m [1mtrace_id[0m: ee7dcc3c-ea24-4b13-a7d7-2cef99b8a960, [1mmethod[0m: POST, [1mpath[0m: /login

  [2m2026-08-26T07:06:15.691922Z[0m [32m INFO[0m [1;32mhttp[0m[32m: [32mRequest completed, [1;32mtrace_id[0m[32m: ee7dcc3c-ea24-4b13-a7d7-2cef99b8a960, [1;32mmethod[0m[32m: POST, [1;32mpath[0m[32m: /login, [1;32mstatus[0m[32m: 200, [1;32mlatency_ms[0m[32m: 214[0m
    [2;3mat[0m apps/web-api/src/core/tracing/middleware.rs:58 [2;3mon[0m ThreadId(3)
    [2;3min[0m web_api::core::tracing::middleware::[1mhttp_request[0m [2;3mwith[0m [1mtrace_id[0m: ee7dcc3c-ea24-4b13-a7d7-2cef99b8a960, [1mmethod[0m: POST, [1mpath[0m: /login, [1mstatus_code[0m: 200, [1mlatency_ms[0m: 214

  [2m2026-08-26T07:06:15.691958Z[0m [32m INFO[0m [1;32mweb_api::core::tracing::middleware[0m[32m: [32mclose, [1;32mtime.busy[0m[32m: 215ms, [1;32mtime.idle[0m[32m: 40.2µs[0m
    [2;3mat[0m apps/web-api/src/core/tracing/middleware.rs:38 [2;3mon[0m ThreadId(3)
    [2;3min[0m web_api::core::tracing::middleware::[1mhttp_request[0m [2;3mwith[0m [1mtrace_id[0m: ee7dcc3c-ea24-4b13-a7d7-2cef99b8a960, [1mmethod[0m: POST, [1mpath[0m: /login, [1mstatus_code[0m: 200, [1mlatency_ms[0m: 214

  [2m2026-08-26T07:06:15.693988Z[0m [32m INFO[0m [1;32mweb_api::core::tracing::middleware[0m[32m: [32mnew[0m
    [2;3mat[0m apps/web-api/src/core/tracing/middleware.rs:38 [2;3mon[0m ThreadId(5)
    [2;3min[0m web_api::core::tracing::middleware::[1mhttp_request[0m [2;3mwith[0m [1mtrace_id[0m: 09b7d38e-9086-4751-94db-7f640f8ff701, [1mmethod[0m: GET, [1mpath[0m: /account/profile

  [2m2026-08-26T07:06:15.705064Z[0m [32m INFO[0m [1;32mweb_api::core::middleware::authentication[0m[32m: [32mAuthorization success[0m
    [2;3mat[0m apps/web-api/src/core/middleware/authentication.rs:49 [2;3mon[0m ThreadId(5)
    [2;3min[0m web_api::core::tracing::middleware::[1mhttp_request[0m [2;3mwith[0m [1mtrace_id[0m: 09b7d38e-9086-4751-94db-7f640f8ff701, [1mmethod[0m: GET, [1mpath[0m: /account/profile

  [2m2026-08-26T07:06:15.739817Z[0m [32m INFO[0m [1;32mhttp[0m[32m: [32mRequest completed, [1;32mtrace_id[0m[32m: 09b7d38e-9086-4751-94db-7f640f8ff701, [1;32mmethod[0m[32m: GET, [1;32mpath[0m[32m: /account/profile, [1;32mstatus[0m[32m: 200, [1;32mlatency_ms[0m[32m: 45[0m
    [2;3mat[0m apps/web-api/src/core/tracing/middleware.rs:58 [2;3mon[0m ThreadId(3)

  [2m2026-08-26T07:06:15.739875Z[0m [32m INFO[0m [1;32mweb_api::core::tracing::middleware[0m[32m: [32mclose, [1;32mtime.busy[0m[32m: 45.9ms, [1;32mtime.idle[0m[32m: 31.7µs[0m
    [2;3mat[0m apps/web-api/src/core/tracing/middleware.rs:38 [2;3mon[0m ThreadId(3)
    [2;3min[0m web_api::core::tracing::middleware::[1mhttp_request[0m [2;3mwith[0m [1mtrace_id[0m: 09b7d38e-9086-4751-94db-7f640f8ff701, [1mmethod[0m: GET, [1mpath[0m: /account/profile, [1mstatus_code[0m: 200, [1mlatency_ms[0m: 45

  [2m2026-08-26T07:06:15.741929Z[0m [32m INFO[0m [1;32mweb_api::core::tracing::middleware[0m[32m: [32mnew[0m
    [2;3mat[0m apps/web-api/src/core/tracing/middleware.rs:38 [2;3mon[0m ThreadId(5)
    [2;3min[0m web_api::core::tracing::middleware::[1mhttp_request[0m [2;3mwith[0m [1mtrace_id[0m: 775cc822-cf08-4b0b-8f9c-f3c9bf200b7f, [1mmethod[0m: GET, [1mpath[0m: /admin/approval-processes/catalog

  [2m2026-08-26T07:06:15.752523Z[0m [32m INFO[0m [1;32mweb_api::core::middleware::authentication[0m[32m: [32mAuthorization success[0m
    [2;3mat[0m apps/web-api/src/core/middleware/authentication.rs:49 [2;3mon[0m ThreadId(5)
    [2;3min[0m web_api::core::tracing::middleware::[1mhttp_request[0m [2;3mwith[0m [1mtrace_id[0m: 775cc822-cf08-4b0b-8f9c-f3c9bf200b7f, [1mmethod[0m: GET, [1mpath[0m: /admin/approval-processes/catalog

  [2m2026-08-26T07:06:16.928392Z[0m [32m INFO[0m [1;32mhttp[0m[32m: [32mRequest completed, [1;32mtrace_id[0m[32m: 775cc822-cf08-4b0b-8f9c-f3c9bf200b7f, [1;32mmethod[0m[32m: GET, [1;32mpath[0m[32m: /admin/approval-processes/catalog, [1;32mstatus[0m[32m: 200, [1;32mlatency_ms[0m[32m: 1186[0m
    [2;3mat[0m apps/web-api/src/core/tracing/middleware.rs:58 [2;3mon[0m ThreadId(5)
    [2;3min[0m web_api::core::tracing::middleware::[1mhttp_request[0m [2;3mwith[0m [1mtrace_id[0m: 775cc822-cf08-4b0b-8f9c-f3c9bf200b7f, [1mmethod[0m: GET, [1mpath[0m: /admin/approval-processes/catalog, [1mstatus_code[0m: 200, [1mlatency_ms[0m: 1186

  [2m2026-08-26T07:06:16.928703Z[0m [32m INFO[0m [1;32mweb_api::core::tracing::middleware[0m[32m: [32mclose, [1;32mtime.busy[0m[32m: 1.19s, [1;32mtime.idle[0m[32m: 32.5µs[0m
    [2;3mat[0m apps/web-api/src/core/tracing/middleware.rs:38 [2;3mon[0m ThreadId(5)
    [2;3min[0m web_api::core::tracing::middleware::[1mhttp_request[0m [2;3mwith[0m [1mtrace_id[0m: 775cc822-cf08-4b0b-8f9c-f3c9bf200b7f, [1mmethod[0m: GET, [1mpath[0m: /admin/approval-processes/catalog, [1mstatus_code[0m: 200, [1mlatency_ms[0m: 1186

  [2m2026-08-26T07:06:16.934287Z[0m [32m INFO[0m [1;32mweb_api::core::tracing::middleware[0m[32m: [32mnew[0m
    [2;3mat[0m apps/web-api/src/core/tracing/middleware.rs:38 [2;3mon[0m ThreadId(3)
    [2;3min[0m web_api::core::tracing::middleware::[1mhttp_request[0m [2;3mwith[0m [1mtrace_id[0m: 38fbe764-2b81-4ab5-bba9-f839c3f01786, [1mmethod[0m: GET, [1mpath[0m: /admin/approval-processes/sales_order/versions

  [2m2026-08-26T07:06:16.949231Z[0m [32m INFO[0m [1;32mweb_api::core::middleware::authentication[0m[32m: [32mAuthorization success[0m
    [2;3mat[0m apps/web-api/src/core/middleware/authentication.rs:49 [2;3mon[0m ThreadId(3)
    [2;3min[0m web_api::core::tracing::middleware::[1mhttp_request[0m [2;3mwith[0m [1mtrace_id[0m: 38fbe764-2b81-4ab5-bba9-f839c3f01786, [1mmethod[0m: GET, [1mpath[0m: /admin/approval-processes/sales_order/versions

  [2m2026-08-26T07:06:17.752250Z[0m [32m INFO[0m [1;32mhttp[0m[32m: [32mRequest completed, [1;32mtrace_id[0m[32m: 38fbe764-2b81-4ab5-bba9-f839c3f01786, [1;32mmethod[0m[32m: GET, [1;32mpath[0m[32m: /admin/approval-processes/sales_order/versions, [1;32mstatus[0m[32m: 200, [1;32mlatency_ms[0m[32m: 817[0m
    [2;3mat[0m apps/web-api/src/core/tracing/middleware.rs:58 [2;3mon[0m ThreadId(5)

  [2m2026-08-26T07:06:17.752389Z[0m [32m INFO[0m [1;32mweb_api::core::tracing::middleware[0m[32m: [32mclose, [1;32mtime.busy[0m[32m: 818ms, [1;32mtime.idle[0m[32m: 151µs[0m
    [2;3mat[0m apps/web-api/src/core/tracing/middleware.rs:38 [2;3mon[0m ThreadId(5)
    [2;3min[0m web_api::core::tracing::middleware::[1mhttp_request[0m [2;3mwith[0m [1mtrace_id[0m: 38fbe764-2b81-4ab5-bba9-f839c3f01786, [1mmethod[0m: GET, [1mpath[0m: /admin/approval-processes/sales_order/versions, [1mstatus_code[0m: 200, [1mlatency_ms[0m: 817

  [2m2026-08-26T07:06:17.756181Z[0m [32m INFO[0m [1;32mweb_api::core::tracing::middleware[0m[32m: [32mnew[0m
    [2;3mat[0m apps/web-api/src/core/tracing/middleware.rs:38 [2;3mon[0m ThreadId(11)
    [2;3min[0m web_api::core::tracing::middleware::[1mhttp_request[0m [2;3mwith[0m [1mtrace_id[0m: a5906998-cfdb-490c-bb2a-11164e42b4d7, [1mmethod[0m: POST, [1mpath[0m: /admin/approval-process-definitions/drafts

  [2m2026-08-26T07:06:17.767917Z[0m [32m INFO[0m [1;32mweb_api::core::middleware::authentication[0m[32m: [32mAuthorization success[0m
    [2;3mat[0m apps/web-api/src/core/middleware/authentication.rs:49 [2;3mon[0m ThreadId(11)
    [2;3min[0m web_api::core::tracing::middleware::[1mhttp_request[0m [2;3mwith[0m [1mtrace_id[0m: a5906998-cfdb-490c-bb2a-11164e42b4d7, [1mmethod[0m: POST, [1mpath[0m: /admin/approval-process-definitions/drafts

  [2m2026-08-26T07:06:17.920202Z[0m [32m INFO[0m [1;32mhttp[0m[32m: [32mRequest completed, [1;32mtrace_id[0m[32m: a5906998-cfdb-490c-bb2a-11164e42b4d7, [1;32mmethod[0m[32m: POST, [1;32mpath[0m[32m: /admin/approval-process-definitions/drafts, [1;32mstatus[0m[32m: 200, [1;32mlatency_ms[0m[32m: 164[0m
    [2;3mat[0m apps/web-api/src/core/tracing/middleware.rs:58 [2;3mon[0m ThreadId(11)
    [2;3min[0m web_api::core::tracing::middleware::[1mhttp_request[0m [2;3mwith[0m [1mtrace_id[0m: a5906998-cfdb-490c-bb2a-11164e42b4d7, [1mmethod[0m: POST, [1mpath[0m: /admin/approval-process-definitions/drafts, [1mstatus_code[0m: 200, [1mlatency_ms[0m: 164

  [2m2026-08-26T07:06:17.920286Z[0m [32m INFO[0m [1;32mweb_api::core::tracing::middleware[0m[32m: [32mclose, [1;32mtime.busy[0m[32m: 164ms, [1;32mtime.idle[0m[32m: 106µs[0m
    [2;3mat[0m apps/web-api/src/core/tracing/middleware.rs:38 [2;3mon[0m ThreadId(11)
    [2;3min[0m web_api::core::tracing::middleware::[1mhttp_request[0m [2;3mwith[0m [1mtrace_id[0m: a5906998-cfdb-490c-bb2a-11164e42b4d7, [1mmethod[0m: POST, [1mpath[0m: /admin/approval-process-definitions/drafts, [1mstatus_code[0m: 200, [1mlatency_ms[0m: 164

  [2m2026-08-26T07:06:17.922550Z[0m [32m INFO[0m [1;32mweb_api::core::tracing::middleware[0m[32m: [32mnew[0m
    [2;3mat[0m apps/web-api/src/core/tracing/middleware.rs:38 [2;3mon[0m ThreadId(5)
    [2;3min[0m web_api::core::tracing::middleware::[1mhttp_request[0m [2;3mwith[0m [1mtrace_id[0m: 1dff5041-ea20-4c08-9fac-119d594848f5, [1mmethod[0m: PUT, [1mpath[0m: /admin/approval-process-definitions/838d700983944078b2b0d5a73d5b9716/nodes

  [2m2026-08-26T07:06:17.936913Z[0m [32m INFO[0m [1;32mweb_api::core::middleware::authentication[0m[32m: [32mAuthorization success[0m
    [2;3mat[0m apps/web-api/src/core/middleware/authentication.rs:49 [2;3mon[0m ThreadId(5)
    [2;3min[0m web_api::core::tracing::middleware::[1mhttp_request[0m [2;3mwith[0m [1mtrace_id[0m: 1dff5041-ea20-4c08-9fac-119d594848f5, [1mmethod[0m: PUT, [1mpath[0m: /admin/approval-process-definitions/838d700983944078b2b0d5a73d5b9716/nodes

  [2m2026-08-26T07:06:18.271488Z[0m [32m INFO[0m [1;32mhttp[0m[32m: [32mRequest completed, [1;32mtrace_id[0m[32m: 1dff5041-ea20-4c08-9fac-119d594848f5, [1;32mmethod[0m[32m: PUT, [1;32mpath[0m[32m: /admin/approval-process-definitions/838d700983944078b2b0d5a73d5b9716/nodes, [1;32mstatus[0m[32m: 200, [1;32mlatency_ms[0m[32m: 348[0m
    [2;3mat[0m apps/web-api/src/core/tracing/middleware.rs:58 [2;3mon[0m ThreadId(5)
    [2;3min[0m web_api::core::tracing::middleware::[1mhttp_request[0m [2;3mwith[0m [1mtrace_id[0m: 1dff5041-ea20-4c08-9fac-119d594848f5, [1mmethod[0m: PUT, [1mpath[0m: /admin/approval-process-definitions/838d700983944078b2b0d5a73d5b9716/nodes, [1mstatus_code[0m: 200, [1mlatency_ms[0m: 348

  [2m2026-08-26T07:06:18.271635Z[0m [32m INFO[0m [1;32mweb_api::core::tracing::middleware[0m[32m: [32mclose, [1;32mtime.busy[0m[32m: 349ms, [1;32mtime.idle[0m[32m: 35.8µs[0m
    [2;3mat[0m apps/web-api/src/core/tracing/middleware.rs:38 [2;3mon[0m ThreadId(5)
    [2;3min[0m web_api::core::tracing::middleware::[1mhttp_request[0m [2;3mwith[0m [1mtrace_id[0m: 1dff5041-ea20-4c08-9fac-119d594848f5, [1mmethod[0m: PUT, [1mpath[0m: /admin/approval-process-definitions/838d700983944078b2b0d5a73d5b9716/nodes, [1mstatus_code[0m: 200, [1mlatency_ms[0m: 348

  [2m2026-08-26T07:06:18.274863Z[0m [32m INFO[0m [1;32mweb_api::core::tracing::middleware[0m[32m: [32mnew[0m
    [2;3mat[0m apps/web-api/src/core/tracing/middleware.rs:38 [2;3mon[0m ThreadId(2)
    [2;3min[0m web_api::core::tracing::middleware::[1mhttp_request[0m [2;3mwith[0m [1mtrace_id[0m: 68fe59c1-0d72-4f73-b9ee-ed8e824545b0, [1mmethod[0m: POST, [1mpath[0m: /admin/approval-process-definitions/838d700983944078b2b0d5a73d5b9716/publish

  [2m2026-08-26T07:06:18.288047Z[0m [32m INFO[0m [1;32mweb_api::core::middleware::authentication[0m[32m: [32mAuthorization success[0m
    [2;3mat[0m apps/web-api/src/core/middleware/authentication.rs:49 [2;3mon[0m ThreadId(2)
    [2;3min[0m web_api::core::tracing::middleware::[1mhttp_request[0m [2;3mwith[0m [1mtrace_id[0m: 68fe59c1-0d72-4f73-b9ee-ed8e824545b0, [1mmethod[0m: POST, [1mpath[0m: /admin/approval-process-definitions/838d700983944078b2b0d5a73d5b9716/publish

  [2m2026-08-26T07:06:18.582427Z[0m [32m INFO[0m [1;32mhttp[0m[32m: [32mRequest completed, [1;32mtrace_id[0m[32m: 68fe59c1-0d72-4f73-b9ee-ed8e824545b0, [1;32mmethod[0m[32m: POST, [1;32mpath[0m[32m: /admin/approval-process-definitions/838d700983944078b2b0d5a73d5b9716/publish, [1;32mstatus[0m[32m: 200, [1;32mlatency_ms[0m[32m: 307[0m
    [2;3mat[0m apps/web-api/src/core/tracing/middleware.rs:58 [2;3mon[0m ThreadId(6)

  [2m2026-08-26T07:06:18.582494Z[0m [32m INFO[0m [1;32mweb_api::core::tracing::middleware[0m[32m: [32mclose, [1;32mtime.busy[0m[32m: 308ms, [1;32mtime.idle[0m[32m: 36.2µs[0m
    [2;3mat[0m apps/web-api/src/core/tracing/middleware.rs:38 [2;3mon[0m ThreadId(6)
    [2;3min[0m web_api::core::tracing::middleware::[1mhttp_request[0m [2;3mwith[0m [1mtrace_id[0m: 68fe59c1-0d72-4f73-b9ee-ed8e824545b0, [1mmethod[0m: POST, [1mpath[0m: /admin/approval-process-definitions/838d700983944078b2b0d5a73d5b9716/publish, [1mstatus_code[0m: 200, [1mlatency_ms[0m: 307

  [2m2026-08-26T07:06:18.584704Z[0m [32m INFO[0m [1;32mweb_api::core::tracing::middleware[0m[32m: [32mnew[0m
    [2;3mat[0m apps/web-api/src/core/tracing/middleware.rs:38 [2;3mon[0m ThreadId(2)
    [2;3min[0m web_api::core::tracing::middleware::[1mhttp_request[0m [2;3mwith[0m [1mtrace_id[0m: 61ddb4f6-bc49-483b-a402-f28c156437ce, [1mmethod[0m: GET, [1mpath[0m: /admin/approval-processes/voucher_sales_order/versions

  [2m2026-08-26T07:06:18.604420Z[0m [32m INFO[0m [1;32mweb_api::core::middleware::authentication[0m[32m: [32mAuthorization success[0m
    [2;3mat[0m apps/web-api/src/core/middleware/authentication.rs:49 [2;3mon[0m ThreadId(2)
    [2;3min[0m web_api::core::tracing::middleware::[1mhttp_request[0m [2;3mwith[0m [1mtrace_id[0m: 61ddb4f6-bc49-483b-a402-f28c156437ce, [1mmethod[0m: GET, [1mpath[0m: /admin/approval-processes/voucher_sales_order/versions

  [2m2026-08-26T07:06:19.434977Z[0m [32m INFO[0m [1;32mhttp[0m[32m: [32mRequest completed, [1;32mtrace_id[0m[32m: 61ddb4f6-bc49-483b-a402-f28c156437ce, [1;32mmethod[0m[32m: GET, [1;32mpath[0m[32m: /admin/approval-processes/voucher_sales_order/versions, [1;32mstatus[0m[32m: 200, [1;32mlatency_ms[0m[32m: 850[0m
    [2;3mat[0m apps/web-api/src/core/tracing/middleware.rs:58 [2;3mon[0m ThreadId(2)
    [2;3min[0m web_api::core::tracing::middleware::[1mhttp_request[0m [2;3mwith[0m [1mtrace_id[0m: 61ddb4f6-bc49-483b-a402-f28c156437ce, [1mmethod[0m: GET, [1mpath[0m: /admin/approval-processes/voucher_sales_order/versions, [1mstatus_code[0m: 200, [1mlatency_ms[0m: 850

  [2m2026-08-26T07:06:19.435140Z[0m [32m INFO[0m [1;32mweb_api::core::tracing::middleware[0m[32m: [32mclose, [1;32mtime.busy[0m[32m: 850ms, [1;32mtime.idle[0m[32m: 45.5µs[0m
    [2;3mat[0m apps/web-api/src/core/tracing/middleware.rs:38 [2;3mon[0m ThreadId(2)
    [2;3min[0m web_api::core::tracing::middleware::[1mhttp_request[0m [2;3mwith[0m [1mtrace_id[0m: 61ddb4f6-bc49-483b-a402-f28c156437ce, [1mmethod[0m: GET, [1mpath[0m: /admin/approval-processes/voucher_sales_order/versions, [1mstatus_code[0m: 200, [1mlatency_ms[0m: 850

  [2m2026-08-26T07:06:19.439253Z[0m [32m INFO[0m [1;32mweb_api::core::tracing::middleware[0m[32m: [32mnew[0m
    [2;3mat[0m apps/web-api/src/core/tracing/middleware.rs:38 [2;3mon[0m ThreadId(11)
    [2;3min[0m web_api::core::tracing::middleware::[1mhttp_request[0m [2;3mwith[0m [1mtrace_id[0m: 7f07a702-93ce-46b0-8076-3d3fe8adebe3, [1mmethod[0m: POST, [1mpath[0m: /admin/approval-process-definitions/drafts

  [2m2026-08-26T07:06:19.452207Z[0m [32m INFO[0m [1;32mweb_api::core::middleware::authentication[0m[32m: [32mAuthorization success[0m
    [2;3mat[0m apps/web-api/src/core/middleware/authentication.rs:49 [2;3mon[0m ThreadId(11)
    [2;3min[0m web_api::core::tracing::middleware::[1mhttp_request[0m [2;3mwith[0m [1mtrace_id[0m: 7f07a702-93ce-46b0-8076-3d3fe8adebe3, [1mmethod[0m: POST, [1mpath[0m: /admin/approval-process-definitions/drafts

  [2m2026-08-26T07:06:19.588923Z[0m [32m INFO[0m [1;32mhttp[0m[32m: [32mRequest completed, [1;32mtrace_id[0m[32m: 7f07a702-93ce-46b0-8076-3d3fe8adebe3, [1;32mmethod[0m[32m: POST, [1;32mpath[0m[32m: /admin/approval-process-definitions/drafts, [1;32mstatus[0m[32m: 200, [1;32mlatency_ms[0m[32m: 149[0m
    [2;3mat[0m apps/web-api/src/core/tracing/middleware.rs:58 [2;3mon[0m ThreadId(2)

  [2m2026-08-26T07:06:19.588995Z[0m [32m INFO[0m [1;32mweb_api::core::tracing::middleware[0m[32m: [32mclose, [1;32mtime.busy[0m[32m: 150ms, [1;32mtime.idle[0m[32m: 76.2µs[0m
    [2;3mat[0m apps/web-api/src/core/tracing/middleware.rs:38 [2;3mon[0m ThreadId(2)
    [2;3min[0m web_api::core::tracing::middleware::[1mhttp_request[0m [2;3mwith[0m [1mtrace_id[0m: 7f07a702-93ce-46b0-8076-3d3fe8adebe3, [1mmethod[0m: POST, [1mpath[0m: /admin/approval-process-definitions/drafts, [1mstatus_code[0m: 200, [1mlatency_ms[0m: 149

  [2m2026-08-26T07:06:19.590250Z[0m [32m INFO[0m [1;32mweb_api::core::tracing::middleware[0m[32m: [32mnew[0m
    [2;3mat[0m apps/web-api/src/core/tracing/middleware.rs:38 [2;3mon[0m ThreadId(5)
    [2;3min[0m web_api::core::tracing::middleware::[1mhttp_request[0m [2;3mwith[0m [1mtrace_id[0m: 17860a9d-6bad-48f3-bd34-119fdf79d676, [1mmethod[0m: PUT, [1mpath[0m: /admin/approval-process-definitions/13105425394242d9b0a588c9fc5ec42e/nodes

  [2m2026-08-26T07:06:19.600976Z[0m [32m INFO[0m [1;32mweb_api::core::middleware::authentication[0m[32m: [32mAuthorization success[0m
    [2;3mat[0m apps/web-api/src/core/middleware/authentication.rs:49 [2;3mon[0m ThreadId(5)
    [2;3min[0m web_api::core::tracing::middleware::[1mhttp_request[0m [2;3mwith[0m [1mtrace_id[0m: 17860a9d-6bad-48f3-bd34-119fdf79d676, [1mmethod[0m: PUT, [1mpath[0m: /admin/approval-process-definitions/13105425394242d9b0a588c9fc5ec42e/nodes

  [2m2026-08-26T07:06:19.950185Z[0m [32m INFO[0m [1;32mhttp[0m[32m: [32mRequest completed, [1;32mtrace_id[0m[32m: 17860a9d-6bad-48f3-bd34-119fdf79d676, [1;32mmethod[0m[32m: PUT, [1;32mpath[0m[32m: /admin/approval-process-definitions/13105425394242d9b0a588c9fc5ec42e/nodes, [1;32mstatus[0m[32m: 200, [1;32mlatency_ms[0m[32m: 359[0m
    [2;3mat[0m apps/web-api/src/core/tracing/middleware.rs:58 [2;3mon[0m ThreadId(6)

  [2m2026-08-26T07:06:19.950291Z[0m [32m INFO[0m [1;32mweb_api::core::tracing::middleware[0m[32m: [32mclose, [1;32mtime.busy[0m[32m: 360ms, [1;32mtime.idle[0m[32m: 42.3µs[0m
    [2;3mat[0m apps/web-api/src/core/tracing/middleware.rs:38 [2;3mon[0m ThreadId(6)
    [2;3min[0m web_api::core::tracing::middleware::[1mhttp_request[0m [2;3mwith[0m [1mtrace_id[0m: 17860a9d-6bad-48f3-bd34-119fdf79d676, [1mmethod[0m: PUT, [1mpath[0m: /admin/approval-process-definitions/13105425394242d9b0a588c9fc5ec42e/nodes, [1mstatus_code[0m: 200, [1mlatency_ms[0m: 359

  [2m2026-08-26T07:06:19.952675Z[0m [32m INFO[0m [1;32mweb_api::core::tracing::middleware[0m[32m: [32mnew[0m
    [2;3mat[0m apps/web-api/src/core/tracing/middleware.rs:38 [2;3mon[0m ThreadId(2)
    [2;3min[0m web_api::core::tracing::middleware::[1mhttp_request[0m [2;3mwith[0m [1mtrace_id[0m: 16b57ffa-514a-4fe2-9906-32a099be97b2, [1mmethod[0m: POST, [1mpath[0m: /admin/approval-process-definitions/13105425394242d9b0a588c9fc5ec42e/publish

  [2m2026-08-26T07:06:19.963568Z[0m [32m INFO[0m [1;32mweb_api::core::middleware::authentication[0m[32m: [32mAuthorization success[0m
    [2;3mat[0m apps/web-api/src/core/middleware/authentication.rs:49 [2;3mon[0m ThreadId(6)

  [2m2026-08-26T07:06:20.406321Z[0m [32m INFO[0m [1;32mhttp[0m[32m: [32mRequest completed, [1;32mtrace_id[0m[32m: 16b57ffa-514a-4fe2-9906-32a099be97b2, [1;32mmethod[0m[32m: POST, [1;32mpath[0m[32m: /admin/approval-process-definitions/13105425394242d9b0a588c9fc5ec42e/publish, [1;32mstatus[0m[32m: 200, [1;32mlatency_ms[0m[32m: 453[0m
    [2;3mat[0m apps/web-api/src/core/tracing/middleware.rs:58 [2;3mon[0m ThreadId(2)
    [2;3min[0m web_api::core::tracing::middleware::[1mhttp_request[0m [2;3mwith[0m [1mtrace_id[0m: 16b57ffa-514a-4fe2-9906-32a099be97b2, [1mmethod[0m: POST, [1mpath[0m: /admin/approval-process-definitions/13105425394242d9b0a588c9fc5ec42e/publish, [1mstatus_code[0m: 200, [1mlatency_ms[0m: 453

  [2m2026-08-26T07:06:20.406626Z[0m [32m INFO[0m [1;32mweb_api::core::tracing::middleware[0m[32m: [32mclose, [1;32mtime.busy[0m[32m: 454ms, [1;32mtime.idle[0m[32m: 75.6µs[0m
    [2;3mat[0m apps/web-api/src/core/tracing/middleware.rs:38 [2;3mon[0m ThreadId(2)
    [2;3min[0m web_api::core::tracing::middleware::[1mhttp_request[0m [2;3mwith[0m [1mtrace_id[0m: 16b57ffa-514a-4fe2-9906-32a099be97b2, [1mmethod[0m: POST, [1mpath[0m: /admin/approval-process-definitions/13105425394242d9b0a588c9fc5ec42e/publish, [1mstatus_code[0m: 200, [1mlatency_ms[0m: 453

  [2m2026-08-26T07:06:20.409586Z[0m [32m INFO[0m [1;32mweb_api::core::tracing::middleware[0m[32m: [32mnew[0m
    [2;3mat[0m apps/web-api/src/core/tracing/middleware.rs:38 [2;3mon[0m ThreadId(5)
    [2;3min[0m web_api::core::tracing::middleware::[1mhttp_request[0m [2;3mwith[0m [1mtrace_id[0m: 5d511aa2-c83c-4590-8b50-d6c2b4cfaf7e, [1mmethod[0m: GET, [1mpath[0m: /admin/approval-processes/sales_change_order/versions

  [2m2026-08-26T07:06:20.424344Z[0m [32m INFO[0m [1;32mweb_api::core::middleware::authentication[0m[32m: [32mAuthorization success[0m
    [2;3mat[0m apps/web-api/src/core/middleware/authentication.rs:49 [2;3mon[0m ThreadId(5)
    [2;3min[0m web_api::core::tracing::middleware::[1mhttp_request[0m [2;3mwith[0m [1mtrace_id[0m: 5d511aa2-c83c-4590-8b50-d6c2b4cfaf7e, [1mmethod[0m: GET, [1mpath[0m: /admin/approval-processes/sales_change_order/versions

  [2m2026-08-26T07:06:21.136712Z[0m [32m INFO[0m [1;32mhttp[0m[32m: [32mRequest completed, [1;32mtrace_id[0m[32m: 5d511aa2-c83c-4590-8b50-d6c2b4cfaf7e, [1;32mmethod[0m[32m: GET, [1;32mpath[0m[32m: /admin/approval-processes/sales_change_order/versions, [1;32mstatus[0m[32m: 200, [1;32mlatency_ms[0m[32m: 727[0m
    [2;3mat[0m apps/web-api/src/core/tracing/middleware.rs:58 [2;3mon[0m ThreadId(6)

  [2m2026-08-26T07:06:21.136814Z[0m [32m INFO[0m [1;32mweb_api::core::tracing::middleware[0m[32m: [32mclose, [1;32mtime.busy[0m[32m: 727ms, [1;32mtime.idle[0m[32m: 157µs[0m
    [2;3mat[0m apps/web-api/src/core/tracing/middleware.rs:38 [2;3mon[0m ThreadId(6)
    [2;3min[0m web_api::core::tracing::middleware::[1mhttp_request[0m [2;3mwith[0m [1mtrace_id[0m: 5d511aa2-c83c-4590-8b50-d6c2b4cfaf7e, [1mmethod[0m: GET, [1mpath[0m: /admin/approval-processes/sales_change_order/versions, [1mstatus_code[0m: 200, [1mlatency_ms[0m: 727

  [2m2026-08-26T07:06:21.139129Z[0m [32m INFO[0m [1;32mweb_api::core::tracing::middleware[0m[32m: [32mnew[0m
    [2;3mat[0m apps/web-api/src/core/tracing/middleware.rs:38 [2;3mon[0m ThreadId(11)
    [2;3min[0m web_api::core::tracing::middleware::[1mhttp_request[0m [2;3mwith[0m [1mtrace_id[0m: c8a7a715-167d-490d-9097-79eea8d4d21b, [1mmethod[0m: POST, [1mpath[0m: /admin/approval-process-definitions/drafts

  [2m2026-08-26T07:06:21.151398Z[0m [32m INFO[0m [1;32mweb_api::core::middleware::authentication[0m[32m: [32mAuthorization success[0m
    [2;3mat[0m apps/web-api/src/core/middleware/authentication.rs:49 [2;3mon[0m ThreadId(11)
    [2;3min[0m web_api::core::tracing::middleware::[1mhttp_request[0m [2;3mwith[0m [1mtrace_id[0m: c8a7a715-167d-490d-9097-79eea8d4d21b, [1mmethod[0m: POST, [1mpath[0m: /admin/approval-process-definitions/drafts

  [2m2026-08-26T07:06:21.275522Z[0m [32m INFO[0m [1;32mhttp[0m[32m: [32mRequest completed, [1;32mtrace_id[0m[32m: c8a7a715-167d-490d-9097-79eea8d4d21b, [1;32mmethod[0m[32m: POST, [1;32mpath[0m[32m: /admin/approval-process-definitions/drafts, [1;32mstatus[0m[32m: 200, [1;32mlatency_ms[0m[32m: 136[0m
    [2;3mat[0m apps/web-api/src/core/tracing/middleware.rs:58 [2;3mon[0m ThreadId(11)
    [2;3min[0m web_api::core::tracing::middleware::[1mhttp_request[0m [2;3mwith[0m [1mtrace_id[0m: c8a7a715-167d-490d-9097-79eea8d4d21b, [1mmethod[0m: POST, [1mpath[0m: /admin/approval-process-definitions/drafts, [1mstatus_code[0m: 200, [1mlatency_ms[0m: 136

  [2m2026-08-26T07:06:21.275633Z[0m [32m INFO[0m [1;32mweb_api::core::tracing::middleware[0m[32m: [32mclose, [1;32mtime.busy[0m[32m: 136ms, [1;32mtime.idle[0m[32m: 37.0µs[0m
    [2;3mat[0m apps/web-api/src/core/tracing/middleware.rs:38 [2;3mon[0m ThreadId(11)
    [2;3min[0m web_api::core::tracing::middleware::[1mhttp_request[0m [2;3mwith[0m [1mtrace_id[0m: c8a7a715-167d-490d-9097-79eea8d4d21b, [1mmethod[0m: POST, [1mpath[0m: /admin/approval-process-definitions/drafts, [1mstatus_code[0m: 200, [1mlatency_ms[0m: 136

  [2m2026-08-26T07:06:21.278035Z[0m [32m INFO[0m [1;32mweb_api::core::tracing::middleware[0m[32m: [32mnew[0m
    [2;3mat[0m apps/web-api/src/core/tracing/middleware.rs:38 [2;3mon[0m ThreadId(5)
    [2;3min[0m web_api::core::tracing::middleware::[1mhttp_request[0m [2;3mwith[0m [1mtrace_id[0m: 4976c0ee-8178-4193-9ebd-abf2bf2c4a14, [1mmethod[0m: PUT, [1mpath[0m: /admin/approval-process-definitions/8b047982a3104470b355a2b5d69de6ab/nodes

  [2m2026-08-26T07:06:21.370258Z[0m [32m INFO[0m [1;32mweb_api::core::middleware::authentication[0m[32m: [32mAuthorization success[0m
    [2;3mat[0m apps/web-api/src/core/middleware/authentication.rs:49 [2;3mon[0m ThreadId(5)
    [2;3min[0m web_api::core::tracing::middleware::[1mhttp_request[0m [2;3mwith[0m [1mtrace_id[0m: 4976c0ee-8178-4193-9ebd-abf2bf2c4a14, [1mmethod[0m: PUT, [1mpath[0m: /admin/approval-process-definitions/8b047982a3104470b355a2b5d69de6ab/nodes

  [2m2026-08-26T07:06:21.614013Z[0m [32m INFO[0m [1;32mhttp[0m[32m: [32mRequest completed, [1;32mtrace_id[0m[32m: 4976c0ee-8178-4193-9ebd-abf2bf2c4a14, [1;32mmethod[0m[32m: PUT, [1;32mpath[0m[32m: /admin/approval-process-definitions/8b047982a3104470b355a2b5d69de6ab/nodes, [1;32mstatus[0m[32m: 200, [1;32mlatency_ms[0m[32m: 335[0m
    [2;3mat[0m apps/web-api/src/core/tracing/middleware.rs:58 [2;3mon[0m ThreadId(3)

  [2m2026-08-26T07:06:21.614084Z[0m [32m INFO[0m [1;32mweb_api::core::tracing::middleware[0m[32m: [32mclose, [1;32mtime.busy[0m[32m: 336ms, [1;32mtime.idle[0m[32m: 59.5µs[0m
    [2;3mat[0m apps/web-api/src/core/tracing/middleware.rs:38 [2;3mon[0m ThreadId(3)
    [2;3min[0m web_api::core::tracing::middleware::[1mhttp_request[0m [2;3mwith[0m [1mtrace_id[0m: 4976c0ee-8178-4193-9ebd-abf2bf2c4a14, [1mmethod[0m: PUT, [1mpath[0m: /admin/approval-process-definitions/8b047982a3104470b355a2b5d69de6ab/nodes, [1mstatus_code[0m: 200, [1mlatency_ms[0m: 335

  [2m2026-08-26T07:06:21.616448Z[0m [32m INFO[0m [1;32mweb_api::core::tracing::middleware[0m[32m: [32mnew[0m
    [2;3mat[0m apps/web-api/src/core/tracing/middleware.rs:38 [2;3mon[0m ThreadId(5)
    [2;3min[0m web_api::core::tracing::middleware::[1mhttp_request[0m [2;3mwith[0m [1mtrace_id[0m: 7033c63b-24c2-4c66-b9b8-75cb55e980e9, [1mmethod[0m: POST, [1mpath[0m: /admin/approval-process-definitions/8b047982a3104470b355a2b5d69de6ab/publish

  [2m2026-08-26T07:06:21.630017Z[0m [32m INFO[0m [1;32mweb_api::core::middleware::authentication[0m[32m: [32mAuthorization success[0m
    [2;3mat[0m apps/web-api/src/core/middleware/authentication.rs:49 [2;3mon[0m ThreadId(5)
    [2;3min[0m web_api::core::tracing::middleware::[1mhttp_request[0m [2;3mwith[0m [1mtrace_id[0m: 7033c63b-24c2-4c66-b9b8-75cb55e980e9, [1mmethod[0m: POST, [1mpath[0m: /admin/approval-process-definitions/8b047982a3104470b355a2b5d69de6ab/publish

  [2m2026-08-26T07:06:22.050612Z[0m [32m INFO[0m [1;32mhttp[0m[32m: [32mRequest completed, [1;32mtrace_id[0m[32m: 7033c63b-24c2-4c66-b9b8-75cb55e980e9, [1;32mmethod[0m[32m: POST, [1;32mpath[0m[32m: /admin/approval-process-definitions/8b047982a3104470b355a2b5d69de6ab/publish, [1;32mstatus[0m[32m: 200, [1;32mlatency_ms[0m[32m: 434[0m
    [2;3mat[0m apps/web-api/src/core/tracing/middleware.rs:58 [2;3mon[0m ThreadId(5)
    [2;3min[0m web_api::core::tracing::middleware::[1mhttp_request[0m [2;3mwith[0m [1mtrace_id[0m: 7033c63b-24c2-4c66-b9b8-75cb55e980e9, [1mmethod[0m: POST, [1mpath[0m: /admin/approval-process-definitions/8b047982a3104470b355a2b5d69de6ab/publish, [1mstatus_code[0m: 200, [1mlatency_ms[0m: 434

  [2m2026-08-26T07:06:22.050840Z[0m [32m INFO[0m [1;32mweb_api::core::tracing::middleware[0m[32m: [32mclose, [1;32mtime.busy[0m[32m: 434ms, [1;32mtime.idle[0m[32m: 50.0µs[0m
    [2;3mat[0m apps/web-api/src/core/tracing/middleware.rs:38 [2;3mon[0m ThreadId(5)
    [2;3min[0m web_api::core::tracing::middleware::[1mhttp_request[0m [2;3mwith[0m [1mtrace_id[0m: 7033c63b-24c2-4c66-b9b8-75cb55e980e9, [1mmethod[0m: POST, [1mpath[0m: /admin/approval-process-definitions/8b047982a3104470b355a2b5d69de6ab/publish, [1mstatus_code[0m: 200, [1mlatency_ms[0m: 434

  [2m2026-08-26T07:06:22.055058Z[0m [32m INFO[0m [1;32mweb_api::core::tracing::middleware[0m[32m: [32mnew[0m
    [2;3mat[0m apps/web-api/src/core/tracing/middleware.rs:38 [2;3mon[0m ThreadId(6)
    [2;3min[0m web_api::core::tracing::middleware::[1mhttp_request[0m [2;3mwith[0m [1mtrace_id[0m: 39d32547-a439-412c-8438-becaa059a592, [1mmethod[0m: GET, [1mpath[0m: /admin/approval-processes/purchase_order/versions

  [2m2026-08-26T07:06:22.066203Z[0m [32m INFO[0m [1;32mweb_api::core::middleware::authentication[0m[32m: [32mAuthorization success[0m
    [2;3mat[0m apps/web-api/src/core/middleware/authentication.rs:49 [2;3mon[0m ThreadId(6)
    [2;3min[0m web_api::core::tracing::middleware::[1mhttp_request[0m [2;3mwith[0m [1mtrace_id[0m: 39d32547-a439-412c-8438-becaa059a592, [1mmethod[0m: GET, [1mpath[0m: /admin/approval-processes/purchase_order/versions

  [2m2026-08-26T07:06:22.790045Z[0m [32m INFO[0m [1;32mhttp[0m[32m: [32mRequest completed, [1;32mtrace_id[0m[32m: 39d32547-a439-412c-8438-becaa059a592, [1;32mmethod[0m[32m: GET, [1;32mpath[0m[32m: /admin/approval-processes/purchase_order/versions, [1;32mstatus[0m[32m: 200, [1;32mlatency_ms[0m[32m: 734[0m
    [2;3mat[0m apps/web-api/src/core/tracing/middleware.rs:58 [2;3mon[0m ThreadId(11)

  [2m2026-08-26T07:06:22.790255Z[0m [32m INFO[0m [1;32mweb_api::core::tracing::middleware[0m[32m: [32mclose, [1;32mtime.busy[0m[32m: 735ms, [1;32mtime.idle[0m[32m: 141µs[0m
    [2;3mat[0m apps/web-api/src/core/tracing/middleware.rs:38 [2;3mon[0m ThreadId(11)
    [2;3min[0m web_api::core::tracing::middleware::[1mhttp_request[0m [2;3mwith[0m [1mtrace_id[0m: 39d32547-a439-412c-8438-becaa059a592, [1mmethod[0m: GET, [1mpath[0m: /admin/approval-processes/purchase_order/versions, [1mstatus_code[0m: 200, [1mlatency_ms[0m: 734

  [2m2026-08-26T07:06:22.795188Z[0m [32m INFO[0m [1;32mweb_api::core::tracing::middleware[0m[32m: [32mnew[0m
    [2;3mat[0m apps/web-api/src/core/tracing/middleware.rs:38 [2;3mon[0m ThreadId(3)
    [2;3min[0m web_api::core::tracing::middleware::[1mhttp_request[0m [2;3mwith[0m [1mtrace_id[0m: fb02c643-95a1-4502-a930-1abe15ca3a41, [1mmethod[0m: POST, [1mpath[0m: /admin/approval-process-definitions/drafts

  [2m2026-08-26T07:06:22.808825Z[0m [32m INFO[0m [1;32mweb_api::core::middleware::authentication[0m[32m: [32mAuthorization success[0m
    [2;3mat[0m apps/web-api/src/core/middleware/authentication.rs:49 [2;3mon[0m ThreadId(3)
    [2;3min[0m web_api::core::tracing::middleware::[1mhttp_request[0m [2;3mwith[0m [1mtrace_id[0m: fb02c643-95a1-4502-a930-1abe15ca3a41, [1mmethod[0m: POST, [1mpath[0m: /admin/approval-process-definitions/drafts

  [2m2026-08-26T07:06:23.042375Z[0m [32m INFO[0m [1;32mhttp[0m[32m: [32mRequest completed, [1;32mtrace_id[0m[32m: fb02c643-95a1-4502-a930-1abe15ca3a41, [1;32mmethod[0m[32m: POST, [1;32mpath[0m[32m: /admin/approval-process-definitions/drafts, [1;32mstatus[0m[32m: 200, [1;32mlatency_ms[0m[32m: 247[0m
    [2;3mat[0m apps/web-api/src/core/tracing/middleware.rs:58 [2;3mon[0m ThreadId(11)

  [2m2026-08-26T07:06:23.042599Z[0m [32m INFO[0m [1;32mweb_api::core::tracing::middleware[0m[32m: [32mclose, [1;32mtime.busy[0m[32m: 247ms, [1;32mtime.idle[0m[32m: 180µs[0m
    [2;3mat[0m apps/web-api/src/core/tracing/middleware.rs:38 [2;3mon[0m ThreadId(11)
    [2;3min[0m web_api::core::tracing::middleware::[1mhttp_request[0m [2;3mwith[0m [1mtrace_id[0m: fb02c643-95a1-4502-a930-1abe15ca3a41, [1mmethod[0m: POST, [1mpath[0m: /admin/approval-process-definitions/drafts, [1mstatus_code[0m: 200, [1mlatency_ms[0m: 247

  [2m2026-08-26T07:06:23.047246Z[0m [32m INFO[0m [1;32mweb_api::core::tracing::middleware[0m[32m: [32mnew[0m
    [2;3mat[0m apps/web-api/src/core/tracing/middleware.rs:38 [2;3mon[0m ThreadId(6)
    [2;3min[0m web_api::core::tracing::middleware::[1mhttp_request[0m [2;3mwith[0m [1mtrace_id[0m: e0944f67-a587-449c-a365-6130dafdd1fa, [1mmethod[0m: PUT, [1mpath[0m: /admin/approval-process-definitions/7eaf1d18543a4e4d91dad64d61255522/nodes

  [2m2026-08-26T07:06:23.072049Z[0m [32m INFO[0m [1;32mweb_api::core::middleware::authentication[0m[32m: [32mAuthorization success[0m
    [2;3mat[0m apps/web-api/src/core/middleware/authentication.rs:49 [2;3mon[0m ThreadId(6)
    [2;3min[0m web_api::core::tracing::middleware::[1mhttp_request[0m [2;3mwith[0m [1mtrace_id[0m: e0944f67-a587-449c-a365-6130dafdd1fa, [1mmethod[0m: PUT, [1mpath[0m: /admin/approval-process-definitions/7eaf1d18543a4e4d91dad64d61255522/nodes

  [2m2026-08-26T07:06:23.300520Z[0m [32m INFO[0m [1;32mhttp[0m[32m: [32mRequest completed, [1;32mtrace_id[0m[32m: e0944f67-a587-449c-a365-6130dafdd1fa, [1;32mmethod[0m[32m: PUT, [1;32mpath[0m[32m: /admin/approval-process-definitions/7eaf1d18543a4e4d91dad64d61255522/nodes, [1;32mstatus[0m[32m: 200, [1;32mlatency_ms[0m[32m: 253[0m
    [2;3mat[0m apps/web-api/src/core/tracing/middleware.rs:58 [2;3mon[0m ThreadId(6)
    [2;3min[0m web_api::core::tracing::middleware::[1mhttp_request[0m [2;3mwith[0m [1mtrace_id[0m: e0944f67-a587-449c-a365-6130dafdd1fa, [1mmethod[0m: PUT, [1mpath[0m: /admin/approval-process-definitions/7eaf1d18543a4e4d91dad64d61255522/nodes, [1mstatus_code[0m: 200, [1mlatency_ms[0m: 253

  [2m2026-08-26T07:06:23.300672Z[0m [32m INFO[0m [1;32mweb_api::core::tracing::middleware[0m[32m: [32mclose, [1;32mtime.busy[0m[32m: 253ms, [1;32mtime.idle[0m[32m: 131µs[0m
    [2;3mat[0m apps/web-api/src/core/tracing/middleware.rs:38 [2;3mon[0m ThreadId(6)
    [2;3min[0m web_api::core::tracing::middleware::[1mhttp_request[0m [2;3mwith[0m [1mtrace_id[0m: e0944f67-a587-449c-a365-6130dafdd1fa, [1mmethod[0m: PUT, [1mpath[0m: /admin/approval-process-definitions/7eaf1d18543a4e4d91dad64d61255522/nodes, [1mstatus_code[0m: 200, [1mlatency_ms[0m: 253

  [2m2026-08-26T07:06:23.304709Z[0m [32m INFO[0m [1;32mweb_api::core::tracing::middleware[0m[32m: [32mnew[0m
    [2;3mat[0m apps/web-api/src/core/tracing/middleware.rs:38 [2;3mon[0m ThreadId(5)
    [2;3min[0m web_api::core::tracing::middleware::[1mhttp_request[0m [2;3mwith[0m [1mtrace_id[0m: 7e51fb6c-a442-4fee-9805-16e5989f65d7, [1mmethod[0m: POST, [1mpath[0m: /admin/approval-process-definitions/7eaf1d18543a4e4d91dad64d61255522/publish

  [2m2026-08-26T07:06:23.317969Z[0m [32m INFO[0m [1;32mweb_api::core::middleware::authentication[0m[32m: [32mAuthorization success[0m
    [2;3mat[0m apps/web-api/src/core/middleware/authentication.rs:49 [2;3mon[0m ThreadId(5)
    [2;3min[0m web_api::core::tracing::middleware::[1mhttp_request[0m [2;3mwith[0m [1mtrace_id[0m: 7e51fb6c-a442-4fee-9805-16e5989f65d7, [1mmethod[0m: POST, [1mpath[0m: /admin/approval-process-definitions/7eaf1d18543a4e4d91dad64d61255522/publish

  [2m2026-08-26T07:06:23.710506Z[0m [32m INFO[0m [1;32mhttp[0m[32m: [32mRequest completed, [1;32mtrace_id[0m[32m: 7e51fb6c-a442-4fee-9805-16e5989f65d7, [1;32mmethod[0m[32m: POST, [1;32mpath[0m[32m: /admin/approval-process-definitions/7eaf1d18543a4e4d91dad64d61255522/publish, [1;32mstatus[0m[32m: 200, [1;32mlatency_ms[0m[32m: 405[0m
    [2;3mat[0m apps/web-api/src/core/tracing/middleware.rs:58 [2;3mon[0m ThreadId(11)

  [2m2026-08-26T07:06:23.710584Z[0m [32m INFO[0m [1;32mweb_api::core::tracing::middleware[0m[32m: [32mclose, [1;32mtime.busy[0m[32m: 406ms, [1;32mtime.idle[0m[32m: 129µs[0m
    [2;3mat[0m apps/web-api/src/core/tracing/middleware.rs:38 [2;3mon[0m ThreadId(11)
    [2;3min[0m web_api::core::tracing::middleware::[1mhttp_request[0m [2;3mwith[0m [1mtrace_id[0m: 7e51fb6c-a442-4fee-9805-16e5989f65d7, [1mmethod[0m: POST, [1mpath[0m: /admin/approval-process-definitions/7eaf1d18543a4e4d91dad64d61255522/publish, [1mstatus_code[0m: 200, [1mlatency_ms[0m: 405

  [2m2026-08-26T07:06:23.713016Z[0m [32m INFO[0m [1;32mweb_api::core::tracing::middleware[0m[32m: [32mnew[0m
    [2;3mat[0m apps/web-api/src/core/tracing/middleware.rs:38 [2;3mon[0m ThreadId(3)
    [2;3min[0m web_api::core::tracing::middleware::[1mhttp_request[0m [2;3mwith[0m [1mtrace_id[0m: 8950de4a-bd15-42ec-a765-1104dea4f53b, [1mmethod[0m: GET, [1mpath[0m: /admin/approval-processes/purchase_change_order/versions

  [2m2026-08-26T07:06:23.729175Z[0m [32m INFO[0m [1;32mweb_api::core::middleware::authentication[0m[32m: [32mAuthorization success[0m
    [2;3mat[0m apps/web-api/src/core/middleware/authentication.rs:49 [2;3mon[0m ThreadId(3)
    [2;3min[0m web_api::core::tracing::middleware::[1mhttp_request[0m [2;3mwith[0m [1mtrace_id[0m: 8950de4a-bd15-42ec-a765-1104dea4f53b, [1mmethod[0m: GET, [1mpath[0m: /admin/approval-processes/purchase_change_order/versions

  [2m2026-08-26T07:06:24.626296Z[0m [32m INFO[0m [1;32mhttp[0m[32m: [32mRequest completed, [1;32mtrace_id[0m[32m: 8950de4a-bd15-42ec-a765-1104dea4f53b, [1;32mmethod[0m[32m: GET, [1;32mpath[0m[32m: /admin/approval-processes/purchase_change_order/versions, [1;32mstatus[0m[32m: 200, [1;32mlatency_ms[0m[32m: 913[0m
    [2;3mat[0m apps/web-api/src/core/tracing/middleware.rs:58 [2;3mon[0m ThreadId(3)
    [2;3min[0m web_api::core::tracing::middleware::[1mhttp_request[0m [2;3mwith[0m [1mtrace_id[0m: 8950de4a-bd15-42ec-a765-1104dea4f53b, [1mmethod[0m: GET, [1mpath[0m: /admin/approval-processes/purchase_change_order/versions, [1mstatus_code[0m: 200, [1mlatency_ms[0m: 913

  [2m2026-08-26T07:06:24.626559Z[0m [32m INFO[0m [1;32mweb_api::core::tracing::middleware[0m[32m: [32mclose, [1;32mtime.busy[0m[32m: 913ms, [1;32mtime.idle[0m[32m: 43.0µs[0m
    [2;3mat[0m apps/web-api/src/core/tracing/middleware.rs:38 [2;3mon[0m ThreadId(3)
    [2;3min[0m web_api::core::tracing::middleware::[1mhttp_request[0m [2;3mwith[0m [1mtrace_id[0m: 8950de4a-bd15-42ec-a765-1104dea4f53b, [1mmethod[0m: GET, [1mpath[0m: /admin/approval-processes/purchase_change_order/versions, [1mstatus_code[0m: 200, [1mlatency_ms[0m: 913

  [2m2026-08-26T07:06:24.629975Z[0m [32m INFO[0m [1;32mweb_api::core::tracing::middleware[0m[32m: [32mnew[0m
    [2;3mat[0m apps/web-api/src/core/tracing/middleware.rs:38 [2;3mon[0m ThreadId(5)
    [2;3min[0m web_api::core::tracing::middleware::[1mhttp_request[0m [2;3mwith[0m [1mtrace_id[0m: ac3290dd-6d31-4441-afd7-c88d930e4322, [1mmethod[0m: POST, [1mpath[0m: /admin/approval-process-definitions/drafts

  [2m2026-08-26T07:06:24.642237Z[0m [32m INFO[0m [1;32mweb_api::core::middleware::authentication[0m[32m: [32mAuthorization success[0m
    [2;3mat[0m apps/web-api/src/core/middleware/authentication.rs:49 [2;3mon[0m ThreadId(5)
    [2;3min[0m web_api::core::tracing::middleware::[1mhttp_request[0m [2;3mwith[0m [1mtrace_id[0m: ac3290dd-6d31-4441-afd7-c88d930e4322, [1mmethod[0m: POST, [1mpath[0m: /admin/approval-process-definitions/drafts

  [2m2026-08-26T07:06:24.801785Z[0m [32m INFO[0m [1;32mhttp[0m[32m: [32mRequest completed, [1;32mtrace_id[0m[32m: ac3290dd-6d31-4441-afd7-c88d930e4322, [1;32mmethod[0m[32m: POST, [1;32mpath[0m[32m: /admin/approval-process-definitions/drafts, [1;32mstatus[0m[32m: 200, [1;32mlatency_ms[0m[32m: 171[0m
    [2;3mat[0m apps/web-api/src/core/tracing/middleware.rs:58 [2;3mon[0m ThreadId(3)

  [2m2026-08-26T07:06:24.801851Z[0m [32m INFO[0m [1;32mweb_api::core::tracing::middleware[0m[32m: [32mclose, [1;32mtime.busy[0m[32m: 172ms, [1;32mtime.idle[0m[32m: 124µs[0m
    [2;3mat[0m apps/web-api/src/core/tracing/middleware.rs:38 [2;3mon[0m ThreadId(3)
    [2;3min[0m web_api::core::tracing::middleware::[1mhttp_request[0m [2;3mwith[0m [1mtrace_id[0m: ac3290dd-6d31-4441-afd7-c88d930e4322, [1mmethod[0m: POST, [1mpath[0m: /admin/approval-process-definitions/drafts, [1mstatus_code[0m: 200, [1mlatency_ms[0m: 171

  [2m2026-08-26T07:06:24.804115Z[0m [32m INFO[0m [1;32mweb_api::core::tracing::middleware[0m[32m: [32mnew[0m
    [2;3mat[0m apps/web-api/src/core/tracing/middleware.rs:38 [2;3mon[0m ThreadId(6)
    [2;3min[0m web_api::core::tracing::middleware::[1mhttp_request[0m [2;3mwith[0m [1mtrace_id[0m: 0f3f45a0-2ade-4328-8cd7-7cca17aea8c3, [1mmethod[0m: PUT, [1mpath[0m: /admin/approval-process-definitions/5b62e72ccda94c7bbd9e64ad6f08e423/nodes

  [2m2026-08-26T07:06:24.818667Z[0m [32m INFO[0m [1;32mweb_api::core::middleware::authentication[0m[32m: [32mAuthorization success[0m
    [2;3mat[0m apps/web-api/src/core/middleware/authentication.rs:49 [2;3mon[0m ThreadId(6)
    [2;3min[0m web_api::core::tracing::middleware::[1mhttp_request[0m [2;3mwith[0m [1mtrace_id[0m: 0f3f45a0-2ade-4328-8cd7-7cca17aea8c3, [1mmethod[0m: PUT, [1mpath[0m: /admin/approval-process-definitions/5b62e72ccda94c7bbd9e64ad6f08e423/nodes

  [2m2026-08-26T07:06:25.186265Z[0m [32m INFO[0m [1;32mhttp[0m[32m: [32mRequest completed, [1;32mtrace_id[0m[32m: 0f3f45a0-2ade-4328-8cd7-7cca17aea8c3, [1;32mmethod[0m[32m: PUT, [1;32mpath[0m[32m: /admin/approval-process-definitions/5b62e72ccda94c7bbd9e64ad6f08e423/nodes, [1;32mstatus[0m[32m: 200, [1;32mlatency_ms[0m[32m: 382[0m
    [2;3mat[0m apps/web-api/src/core/tracing/middleware.rs:58 [2;3mon[0m ThreadId(11)

  [2m2026-08-26T07:06:25.186516Z[0m [32m INFO[0m [1;32mweb_api::core::tracing::middleware[0m[32m: [32mclose, [1;32mtime.busy[0m[32m: 382ms, [1;32mtime.idle[0m[32m: 43.8µs[0m
    [2;3mat[0m apps/web-api/src/core/tracing/middleware.rs:38 [2;3mon[0m ThreadId(11)
    [2;3min[0m web_api::core::tracing::middleware::[1mhttp_request[0m [2;3mwith[0m [1mtrace_id[0m: 0f3f45a0-2ade-4328-8cd7-7cca17aea8c3, [1mmethod[0m: PUT, [1mpath[0m: /admin/approval-process-definitions/5b62e72ccda94c7bbd9e64ad6f08e423/nodes, [1mstatus_code[0m: 200, [1mlatency_ms[0m: 382

  [2m2026-08-26T07:06:25.190903Z[0m [32m INFO[0m [1;32mweb_api::core::tracing::middleware[0m[32m: [32mnew[0m
    [2;3mat[0m apps/web-api/src/core/tracing/middleware.rs:38 [2;3mon[0m ThreadId(11)
    [2;3min[0m web_api::core::tracing::middleware::[1mhttp_request[0m [2;3mwith[0m [1mtrace_id[0m: e74d14b5-729a-446a-a747-68bca4872d92, [1mmethod[0m: POST, [1mpath[0m: /admin/approval-process-definitions/5b62e72ccda94c7bbd9e64ad6f08e423/publish

  [2m2026-08-26T07:06:25.208828Z[0m [32m INFO[0m [1;32mweb_api::core::middleware::authentication[0m[32m: [32mAuthorization success[0m
    [2;3mat[0m apps/web-api/src/core/middleware/authentication.rs:49 [2;3mon[0m ThreadId(11)
    [2;3min[0m web_api::core::tracing::middleware::[1mhttp_request[0m [2;3mwith[0m [1mtrace_id[0m: e74d14b5-729a-446a-a747-68bca4872d92, [1mmethod[0m: POST, [1mpath[0m: /admin/approval-process-definitions/5b62e72ccda94c7bbd9e64ad6f08e423/publish

  [2m2026-08-26T07:06:25.637872Z[0m [32m INFO[0m [1;32mhttp[0m[32m: [32mRequest completed, [1;32mtrace_id[0m[32m: e74d14b5-729a-446a-a747-68bca4872d92, [1;32mmethod[0m[32m: POST, [1;32mpath[0m[32m: /admin/approval-process-definitions/5b62e72ccda94c7bbd9e64ad6f08e423/publish, [1;32mstatus[0m[32m: 200, [1;32mlatency_ms[0m[32m: 446[0m
    [2;3mat[0m apps/web-api/src/core/tracing/middleware.rs:58 [2;3mon[0m ThreadId(6)

  [2m2026-08-26T07:06:25.638151Z[0m [32m INFO[0m [1;32mweb_api::core::tracing::middleware[0m[32m: [32mclose, [1;32mtime.busy[0m[32m: 447ms, [1;32mtime.idle[0m[32m: 141µs[0m
    [2;3mat[0m apps/web-api/src/core/tracing/middleware.rs:38 [2;3mon[0m ThreadId(6)
    [2;3min[0m web_api::core::tracing::middleware::[1mhttp_request[0m [2;3mwith[0m [1mtrace_id[0m: e74d14b5-729a-446a-a747-68bca4872d92, [1mmethod[0m: POST, [1mpath[0m: /admin/approval-process-definitions/5b62e72ccda94c7bbd9e64ad6f08e423/publish, [1mstatus_code[0m: 200, [1mlatency_ms[0m: 446

  [2m2026-08-26T07:06:25.642386Z[0m [32m INFO[0m [1;32mweb_api::core::tracing::middleware[0m[32m: [32mnew[0m
    [2;3mat[0m apps/web-api/src/core/tracing/middleware.rs:38 [2;3mon[0m ThreadId(5)
    [2;3min[0m web_api::core::tracing::middleware::[1mhttp_request[0m [2;3mwith[0m [1mtrace_id[0m: a051b682-e31d-4e69-b4bb-284e33dbef6e, [1mmethod[0m: GET, [1mpath[0m: /admin/approval-processes/stock_adjustment/versions

  [2m2026-08-26T07:06:25.656509Z[0m [32m INFO[0m [1;32mweb_api::core::middleware::authentication[0m[32m: [32mAuthorization success[0m
    [2;3mat[0m apps/web-api/src/core/middleware/authentication.rs:49 [2;3mon[0m ThreadId(5)
    [2;3min[0m web_api::core::tracing::middleware::[1mhttp_request[0m [2;3mwith[0m [1mtrace_id[0m: a051b682-e31d-4e69-b4bb-284e33dbef6e, [1mmethod[0m: GET, [1mpath[0m: /admin/approval-processes/stock_adjustment/versions

  [2m2026-08-26T07:06:26.502295Z[0m [32m INFO[0m [1;32mhttp[0m[32m: [32mRequest completed, [1;32mtrace_id[0m[32m: a051b682-e31d-4e69-b4bb-284e33dbef6e, [1;32mmethod[0m[32m: GET, [1;32mpath[0m[32m: /admin/approval-processes/stock_adjustment/versions, [1;32mstatus[0m[32m: 200, [1;32mlatency_ms[0m[32m: 859[0m
    [2;3mat[0m apps/web-api/src/core/tracing/middleware.rs:58 [2;3mon[0m ThreadId(11)

  [2m2026-08-26T07:06:26.502501Z[0m [32m INFO[0m [1;32mweb_api::core::tracing::middleware[0m[32m: [32mclose, [1;32mtime.busy[0m[32m: 860ms, [1;32mtime.idle[0m[32m: 98.8µs[0m
    [2;3mat[0m apps/web-api/src/core/tracing/middleware.rs:38 [2;3mon[0m ThreadId(11)
    [2;3min[0m web_api::core::tracing::middleware::[1mhttp_request[0m [2;3mwith[0m [1mtrace_id[0m: a051b682-e31d-4e69-b4bb-284e33dbef6e, [1mmethod[0m: GET, [1mpath[0m: /admin/approval-processes/stock_adjustment/versions, [1mstatus_code[0m: 200, [1mlatency_ms[0m: 859

  [2m2026-08-26T07:06:26.507587Z[0m [32m INFO[0m [1;32mweb_api::core::tracing::middleware[0m[32m: [32mnew[0m
    [2;3mat[0m apps/web-api/src/core/tracing/middleware.rs:38 [2;3mon[0m ThreadId(2)
    [2;3min[0m web_api::core::tracing::middleware::[1mhttp_request[0m [2;3mwith[0m [1mtrace_id[0m: 12668fb3-be75-448a-9315-811fbf2dd29d, [1mmethod[0m: POST, [1mpath[0m: /admin/approval-process-definitions/drafts

  [2m2026-08-26T07:06:26.613598Z[0m [32m INFO[0m [1;32mweb_api::core::middleware::authentication[0m[32m: [32mAuthorization success[0m
    [2;3mat[0m apps/web-api/src/core/middleware/authentication.rs:49 [2;3mon[0m ThreadId(2)
    [2;3min[0m web_api::core::tracing::middleware::[1mhttp_request[0m [2;3mwith[0m [1mtrace_id[0m: 12668fb3-be75-448a-9315-811fbf2dd29d, [1mmethod[0m: POST, [1mpath[0m: /admin/approval-process-definitions/drafts

  [2m2026-08-26T07:06:26.745118Z[0m [32m INFO[0m [1;32mhttp[0m[32m: [32mRequest completed, [1;32mtrace_id[0m[32m: 12668fb3-be75-448a-9315-811fbf2dd29d, [1;32mmethod[0m[32m: POST, [1;32mpath[0m[32m: /admin/approval-process-definitions/drafts, [1;32mstatus[0m[32m: 200, [1;32mlatency_ms[0m[32m: 237[0m
    [2;3mat[0m apps/web-api/src/core/tracing/middleware.rs:58 [2;3mon[0m ThreadId(6)

  [2m2026-08-26T07:06:26.745515Z[0m [32m INFO[0m [1;32mweb_api::core::tracing::middleware[0m[32m: [32mclose, [1;32mtime.busy[0m[32m: 238ms, [1;32mtime.idle[0m[32m: 129µs[0m
    [2;3mat[0m apps/web-api/src/core/tracing/middleware.rs:38 [2;3mon[0m ThreadId(6)
    [2;3min[0m web_api::core::tracing::middleware::[1mhttp_request[0m [2;3mwith[0m [1mtrace_id[0m: 12668fb3-be75-448a-9315-811fbf2dd29d, [1mmethod[0m: POST, [1mpath[0m: /admin/approval-process-definitions/drafts, [1mstatus_code[0m: 200, [1mlatency_ms[0m: 237

  [2m2026-08-26T07:06:26.749679Z[0m [32m INFO[0m [1;32mweb_api::core::tracing::middleware[0m[32m: [32mnew[0m
    [2;3mat[0m apps/web-api/src/core/tracing/middleware.rs:38 [2;3mon[0m ThreadId(11)
    [2;3min[0m web_api::core::tracing::middleware::[1mhttp_request[0m [2;3mwith[0m [1mtrace_id[0m: 094c0044-7494-4a2e-9a59-3e70a913f616, [1mmethod[0m: PUT, [1mpath[0m: /admin/approval-process-definitions/9ce33b23436d4eb7a20293e0b5084b75/nodes

  [2m2026-08-26T07:06:26.764291Z[0m [32m INFO[0m [1;32mweb_api::core::middleware::authentication[0m[32m: [32mAuthorization success[0m
    [2;3mat[0m apps/web-api/src/core/middleware/authentication.rs:49 [2;3mon[0m ThreadId(11)
    [2;3min[0m web_api::core::tracing::middleware::[1mhttp_request[0m [2;3mwith[0m [1mtrace_id[0m: 094c0044-7494-4a2e-9a59-3e70a913f616, [1mmethod[0m: PUT, [1mpath[0m: /admin/approval-process-definitions/9ce33b23436d4eb7a20293e0b5084b75/nodes

  [2m2026-08-26T07:06:27.131304Z[0m [32m INFO[0m [1;32mhttp[0m[32m: [32mRequest completed, [1;32mtrace_id[0m[32m: 094c0044-7494-4a2e-9a59-3e70a913f616, [1;32mmethod[0m[32m: PUT, [1;32mpath[0m[32m: /admin/approval-process-definitions/9ce33b23436d4eb7a20293e0b5084b75/nodes, [1;32mstatus[0m[32m: 200, [1;32mlatency_ms[0m[32m: 381[0m
    [2;3mat[0m apps/web-api/src/core/tracing/middleware.rs:58 [2;3mon[0m ThreadId(2)

  [2m2026-08-26T07:06:27.131530Z[0m [32m INFO[0m [1;32mweb_api::core::tracing::middleware[0m[32m: [32mclose, [1;32mtime.busy[0m[32m: 382ms, [1;32mtime.idle[0m[32m: 158µs[0m
    [2;3mat[0m apps/web-api/src/core/tracing/middleware.rs:38 [2;3mon[0m ThreadId(2)
    [2;3min[0m web_api::core::tracing::middleware::[1mhttp_request[0m [2;3mwith[0m [1mtrace_id[0m: 094c0044-7494-4a2e-9a59-3e70a913f616, [1mmethod[0m: PUT, [1mpath[0m: /admin/approval-process-definitions/9ce33b23436d4eb7a20293e0b5084b75/nodes, [1mstatus_code[0m: 200, [1mlatency_ms[0m: 381

  [2m2026-08-26T07:06:27.135630Z[0m [32m INFO[0m [1;32mweb_api::core::tracing::middleware[0m[32m: [32mnew[0m
    [2;3mat[0m apps/web-api/src/core/tracing/middleware.rs:38 [2;3mon[0m ThreadId(2)
    [2;3min[0m web_api::core::tracing::middleware::[1mhttp_request[0m [2;3mwith[0m [1mtrace_id[0m: 7d39852d-6d07-427d-bf30-9983b2218f87, [1mmethod[0m: POST, [1mpath[0m: /admin/approval-process-definitions/9ce33b23436d4eb7a20293e0b5084b75/publish

  [2m2026-08-26T07:06:27.149082Z[0m [32m INFO[0m [1;32mweb_api::core::middleware::authentication[0m[32m: [32mAuthorization success[0m
    [2;3mat[0m apps/web-api/src/core/middleware/authentication.rs:49 [2;3mon[0m ThreadId(11)

  [2m2026-08-26T07:06:27.445990Z[0m [32m INFO[0m [1;32mhttp[0m[32m: [32mRequest completed, [1;32mtrace_id[0m[32m: 7d39852d-6d07-427d-bf30-9983b2218f87, [1;32mmethod[0m[32m: POST, [1;32mpath[0m[32m: /admin/approval-process-definitions/9ce33b23436d4eb7a20293e0b5084b75/publish, [1;32mstatus[0m[32m: 200, [1;32mlatency_ms[0m[32m: 310[0m
    [2;3mat[0m apps/web-api/src/core/tracing/middleware.rs:58 [2;3mon[0m ThreadId(2)
    [2;3min[0m web_api::core::tracing::middleware::[1mhttp_request[0m [2;3mwith[0m [1mtrace_id[0m: 7d39852d-6d07-427d-bf30-9983b2218f87, [1mmethod[0m: POST, [1mpath[0m: /admin/approval-process-definitions/9ce33b23436d4eb7a20293e0b5084b75/publish, [1mstatus_code[0m: 200, [1mlatency_ms[0m: 310

  [2m2026-08-26T07:06:27.446191Z[0m [32m INFO[0m [1;32mweb_api::core::tracing::middleware[0m[32m: [32mclose, [1;32mtime.busy[0m[32m: 310ms, [1;32mtime.idle[0m[32m: 166µs[0m
    [2;3mat[0m apps/web-api/src/core/tracing/middleware.rs:38 [2;3mon[0m ThreadId(2)
    [2;3min[0m web_api::core::tracing::middleware::[1mhttp_request[0m [2;3mwith[0m [1mtrace_id[0m: 7d39852d-6d07-427d-bf30-9983b2218f87, [1mmethod[0m: POST, [1mpath[0m: /admin/approval-process-definitions/9ce33b23436d4eb7a20293e0b5084b75/publish, [1mstatus_code[0m: 200, [1mlatency_ms[0m: 310

  [2m2026-08-26T07:06:27.449796Z[0m [32m INFO[0m [1;32mweb_api::core::tracing::middleware[0m[32m: [32mnew[0m
    [2;3mat[0m apps/web-api/src/core/tracing/middleware.rs:38 [2;3mon[0m ThreadId(11)
    [2;3min[0m web_api::core::tracing::middleware::[1mhttp_request[0m [2;3mwith[0m [1mtrace_id[0m: 368b5839-d33e-4393-ac37-ea2a278a13d0, [1mmethod[0m: GET, [1mpath[0m: /admin/approval-processes/customer_receipt/versions

  [2m2026-08-26T07:06:27.467878Z[0m [32m INFO[0m [1;32mweb_api::core::middleware::authentication[0m[32m: [32mAuthorization success[0m
    [2;3mat[0m apps/web-api/src/core/middleware/authentication.rs:49 [2;3mon[0m ThreadId(11)
    [2;3min[0m web_api::core::tracing::middleware::[1mhttp_request[0m [2;3mwith[0m [1mtrace_id[0m: 368b5839-d33e-4393-ac37-ea2a278a13d0, [1mmethod[0m: GET, [1mpath[0m: /admin/approval-processes/customer_receipt/versions

  [2m2026-08-26T07:06:28.365229Z[0m [32m INFO[0m [1;32mhttp[0m[32m: [32mRequest completed, [1;32mtrace_id[0m[32m: 368b5839-d33e-4393-ac37-ea2a278a13d0, [1;32mmethod[0m[32m: GET, [1;32mpath[0m[32m: /admin/approval-processes/customer_receipt/versions, [1;32mstatus[0m[32m: 200, [1;32mlatency_ms[0m[32m: 915[0m
    [2;3mat[0m apps/web-api/src/core/tracing/middleware.rs:58 [2;3mon[0m ThreadId(2)

  [2m2026-08-26T07:06:28.365421Z[0m [32m INFO[0m [1;32mweb_api::core::tracing::middleware[0m[32m: [32mclose, [1;32mtime.busy[0m[32m: 915ms, [1;32mtime.idle[0m[32m: 144µs[0m
    [2;3mat[0m apps/web-api/src/core/tracing/middleware.rs:38 [2;3mon[0m ThreadId(2)
    [2;3min[0m web_api::core::tracing::middleware::[1mhttp_request[0m [2;3mwith[0m [1mtrace_id[0m: 368b5839-d33e-4393-ac37-ea2a278a13d0, [1mmethod[0m: GET, [1mpath[0m: /admin/approval-processes/customer_receipt/versions, [1mstatus_code[0m: 200, [1mlatency_ms[0m: 915

  [2m2026-08-26T07:06:28.369809Z[0m [32m INFO[0m [1;32mweb_api::core::tracing::middleware[0m[32m: [32mnew[0m
    [2;3mat[0m apps/web-api/src/core/tracing/middleware.rs:38 [2;3mon[0m ThreadId(6)
    [2;3min[0m web_api::core::tracing::middleware::[1mhttp_request[0m [2;3mwith[0m [1mtrace_id[0m: e400d349-f1ed-477a-b141-628b5aa6629c, [1mmethod[0m: POST, [1mpath[0m: /admin/approval-process-definitions/drafts

  [2m2026-08-26T07:06:28.386490Z[0m [32m INFO[0m [1;32mweb_api::core::middleware::authentication[0m[32m: [32mAuthorization success[0m
    [2;3mat[0m apps/web-api/src/core/middleware/authentication.rs:49 [2;3mon[0m ThreadId(6)
    [2;3min[0m web_api::core::tracing::middleware::[1mhttp_request[0m [2;3mwith[0m [1mtrace_id[0m: e400d349-f1ed-477a-b141-628b5aa6629c, [1mmethod[0m: POST, [1mpath[0m: /admin/approval-process-definitions/drafts

  [2m2026-08-26T07:06:28.523502Z[0m [32m INFO[0m [1;32mhttp[0m[32m: [32mRequest completed, [1;32mtrace_id[0m[32m: e400d349-f1ed-477a-b141-628b5aa6629c, [1;32mmethod[0m[32m: POST, [1;32mpath[0m[32m: /admin/approval-process-definitions/drafts, [1;32mstatus[0m[32m: 200, [1;32mlatency_ms[0m[32m: 153[0m
    [2;3mat[0m apps/web-api/src/core/tracing/middleware.rs:58 [2;3mon[0m ThreadId(5)

  [2m2026-08-26T07:06:28.523659Z[0m [32m INFO[0m [1;32mweb_api::core::tracing::middleware[0m[32m: [32mclose, [1;32mtime.busy[0m[32m: 154ms, [1;32mtime.idle[0m[32m: 166µs[0m
    [2;3mat[0m apps/web-api/src/core/tracing/middleware.rs:38 [2;3mon[0m ThreadId(5)
    [2;3min[0m web_api::core::tracing::middleware::[1mhttp_request[0m [2;3mwith[0m [1mtrace_id[0m: e400d349-f1ed-477a-b141-628b5aa6629c, [1mmethod[0m: POST, [1mpath[0m: /admin/approval-process-definitions/drafts, [1mstatus_code[0m: 200, [1mlatency_ms[0m: 153

  [2m2026-08-26T07:06:28.528801Z[0m [32m INFO[0m [1;32mweb_api::core::tracing::middleware[0m[32m: [32mnew[0m
    [2;3mat[0m apps/web-api/src/core/tracing/middleware.rs:38 [2;3mon[0m ThreadId(2)
    [2;3min[0m web_api::core::tracing::middleware::[1mhttp_request[0m [2;3mwith[0m [1mtrace_id[0m: 2955d974-a396-4bea-bddb-14f29f322f90, [1mmethod[0m: PUT, [1mpath[0m: /admin/approval-process-definitions/7dfd2f4043d64b6a8b7cb70a7c06d686/nodes

  [2m2026-08-26T07:06:28.539889Z[0m [32m INFO[0m [1;32mweb_api::core::middleware::authentication[0m[32m: [32mAuthorization success[0m
    [2;3mat[0m apps/web-api/src/core/middleware/authentication.rs:49 [2;3mon[0m ThreadId(2)
    [2;3min[0m web_api::core::tracing::middleware::[1mhttp_request[0m [2;3mwith[0m [1mtrace_id[0m: 2955d974-a396-4bea-bddb-14f29f322f90, [1mmethod[0m: PUT, [1mpath[0m: /admin/approval-process-definitions/7dfd2f4043d64b6a8b7cb70a7c06d686/nodes

  [2m2026-08-26T07:06:28.866514Z[0m [32m INFO[0m [1;32mhttp[0m[32m: [32mRequest completed, [1;32mtrace_id[0m[32m: 2955d974-a396-4bea-bddb-14f29f322f90, [1;32mmethod[0m[32m: PUT, [1;32mpath[0m[32m: /admin/approval-process-definitions/7dfd2f4043d64b6a8b7cb70a7c06d686/nodes, [1;32mstatus[0m[32m: 200, [1;32mlatency_ms[0m[32m: 337[0m
    [2;3mat[0m apps/web-api/src/core/tracing/middleware.rs:58 [2;3mon[0m ThreadId(2)
    [2;3min[0m web_api::core::tracing::middleware::[1mhttp_request[0m [2;3mwith[0m [1mtrace_id[0m: 2955d974-a396-4bea-bddb-14f29f322f90, [1mmethod[0m: PUT, [1mpath[0m: /admin/approval-process-definitions/7dfd2f4043d64b6a8b7cb70a7c06d686/nodes, [1mstatus_code[0m: 200, [1mlatency_ms[0m: 337

  [2m2026-08-26T07:06:28.866736Z[0m [32m INFO[0m [1;32mweb_api::core::tracing::middleware[0m[32m: [32mclose, [1;32mtime.busy[0m[32m: 338ms, [1;32mtime.idle[0m[32m: 173µs[0m
    [2;3mat[0m apps/web-api/src/core/tracing/middleware.rs:38 [2;3mon[0m ThreadId(2)
    [2;3min[0m web_api::core::tracing::middleware::[1mhttp_request[0m [2;3mwith[0m [1mtrace_id[0m: 2955d974-a396-4bea-bddb-14f29f322f90, [1mmethod[0m: PUT, [1mpath[0m: /admin/approval-process-definitions/7dfd2f4043d64b6a8b7cb70a7c06d686/nodes, [1mstatus_code[0m: 200, [1mlatency_ms[0m: 337

  [2m2026-08-26T07:06:28.871759Z[0m [32m INFO[0m [1;32mweb_api::core::tracing::middleware[0m[32m: [32mnew[0m
    [2;3mat[0m apps/web-api/src/core/tracing/middleware.rs:38 [2;3mon[0m ThreadId(5)
    [2;3min[0m web_api::core::tracing::middleware::[1mhttp_request[0m [2;3mwith[0m [1mtrace_id[0m: fa07827b-fba2-44d4-8fde-ee5045a49ea2, [1mmethod[0m: POST, [1mpath[0m: /admin/approval-process-definitions/7dfd2f4043d64b6a8b7cb70a7c06d686/publish

  [2m2026-08-26T07:06:28.884605Z[0m [32m INFO[0m [1;32mweb_api::core::middleware::authentication[0m[32m: [32mAuthorization success[0m
    [2;3mat[0m apps/web-api/src/core/middleware/authentication.rs:49 [2;3mon[0m ThreadId(5)
    [2;3min[0m web_api::core::tracing::middleware::[1mhttp_request[0m [2;3mwith[0m [1mtrace_id[0m: fa07827b-fba2-44d4-8fde-ee5045a49ea2, [1mmethod[0m: POST, [1mpath[0m: /admin/approval-process-definitions/7dfd2f4043d64b6a8b7cb70a7c06d686/publish

  [2m2026-08-26T07:06:29.344776Z[0m [32m INFO[0m [1;32mhttp[0m[32m: [32mRequest completed, [1;32mtrace_id[0m[32m: fa07827b-fba2-44d4-8fde-ee5045a49ea2, [1;32mmethod[0m[32m: POST, [1;32mpath[0m[32m: /admin/approval-process-definitions/7dfd2f4043d64b6a8b7cb70a7c06d686/publish, [1;32mstatus[0m[32m: 200, [1;32mlatency_ms[0m[32m: 472[0m
    [2;3mat[0m apps/web-api/src/core/tracing/middleware.rs:58 [2;3mon[0m ThreadId(5)
    [2;3min[0m web_api::core::tracing::middleware::[1mhttp_request[0m [2;3mwith[0m [1mtrace_id[0m: fa07827b-fba2-44d4-8fde-ee5045a49ea2, [1mmethod[0m: POST, [1mpath[0m: /admin/approval-process-definitions/7dfd2f4043d64b6a8b7cb70a7c06d686/publish, [1mstatus_code[0m: 200, [1mlatency_ms[0m: 472

  [2m2026-08-26T07:06:29.345153Z[0m [32m INFO[0m [1;32mweb_api::core::tracing::middleware[0m[32m: [32mclose, [1;32mtime.busy[0m[32m: 473ms, [1;32mtime.idle[0m[32m: 122µs[0m
    [2;3mat[0m apps/web-api/src/core/tracing/middleware.rs:38 [2;3mon[0m ThreadId(5)
    [2;3min[0m web_api::core::tracing::middleware::[1mhttp_request[0m [2;3mwith[0m [1mtrace_id[0m: fa07827b-fba2-44d4-8fde-ee5045a49ea2, [1mmethod[0m: POST, [1mpath[0m: /admin/approval-process-definitions/7dfd2f4043d64b6a8b7cb70a7c06d686/publish, [1mstatus_code[0m: 200, [1mlatency_ms[0m: 472

  [2m2026-08-26T07:06:29.349276Z[0m [32m INFO[0m [1;32mweb_api::core::tracing::middleware[0m[32m: [32mnew[0m
    [2;3mat[0m apps/web-api/src/core/tracing/middleware.rs:38 [2;3mon[0m ThreadId(2)
    [2;3min[0m web_api::core::tracing::middleware::[1mhttp_request[0m [2;3mwith[0m [1mtrace_id[0m: a773ab60-f71a-45b2-90c5-f8172c286aa0, [1mmethod[0m: GET, [1mpath[0m: /admin/approval-processes/supplier_payment/versions

  [2m2026-08-26T07:06:29.361829Z[0m [32m INFO[0m [1;32mweb_api::core::middleware::authentication[0m[32m: [32mAuthorization success[0m
    [2;3mat[0m apps/web-api/src/core/middleware/authentication.rs:49 [2;3mon[0m ThreadId(2)
    [2;3min[0m web_api::core::tracing::middleware::[1mhttp_request[0m [2;3mwith[0m [1mtrace_id[0m: a773ab60-f71a-45b2-90c5-f8172c286aa0, [1mmethod[0m: GET, [1mpath[0m: /admin/approval-processes/supplier_payment/versions

  [2m2026-08-26T07:06:30.073798Z[0m [32m INFO[0m [1;32mhttp[0m[32m: [32mRequest completed, [1;32mtrace_id[0m[32m: a773ab60-f71a-45b2-90c5-f8172c286aa0, [1;32mmethod[0m[32m: GET, [1;32mpath[0m[32m: /admin/approval-processes/supplier_payment/versions, [1;32mstatus[0m[32m: 200, [1;32mlatency_ms[0m[32m: 724[0m
    [2;3mat[0m apps/web-api/src/core/tracing/middleware.rs:58 [2;3mon[0m ThreadId(6)

  [2m2026-08-26T07:06:30.074047Z[0m [32m INFO[0m [1;32mweb_api::core::tracing::middleware[0m[32m: [32mclose, [1;32mtime.busy[0m[32m: 725ms, [1;32mtime.idle[0m[32m: 166µs[0m
    [2;3mat[0m apps/web-api/src/core/tracing/middleware.rs:38 [2;3mon[0m ThreadId(6)
    [2;3min[0m web_api::core::tracing::middleware::[1mhttp_request[0m [2;3mwith[0m [1mtrace_id[0m: a773ab60-f71a-45b2-90c5-f8172c286aa0, [1mmethod[0m: GET, [1mpath[0m: /admin/approval-processes/supplier_payment/versions, [1mstatus_code[0m: 200, [1mlatency_ms[0m: 724

  [2m2026-08-26T07:06:30.076980Z[0m [32m INFO[0m [1;32mweb_api::core::tracing::middleware[0m[32m: [32mnew[0m
    [2;3mat[0m apps/web-api/src/core/tracing/middleware.rs:38 [2;3mon[0m ThreadId(11)
    [2;3min[0m web_api::core::tracing::middleware::[1mhttp_request[0m [2;3mwith[0m [1mtrace_id[0m: d7a7ac09-33b6-496a-afa5-014ce75fc916, [1mmethod[0m: POST, [1mpath[0m: /admin/approval-process-definitions/drafts

  [2m2026-08-26T07:06:30.103867Z[0m [32m INFO[0m [1;32mweb_api::core::middleware::authentication[0m[32m: [32mAuthorization success[0m
    [2;3mat[0m apps/web-api/src/core/middleware/authentication.rs:49 [2;3mon[0m ThreadId(11)
    [2;3min[0m web_api::core::tracing::middleware::[1mhttp_request[0m [2;3mwith[0m [1mtrace_id[0m: d7a7ac09-33b6-496a-afa5-014ce75fc916, [1mmethod[0m: POST, [1mpath[0m: /admin/approval-process-definitions/drafts

  [2m2026-08-26T07:06:30.321744Z[0m [32m INFO[0m [1;32mhttp[0m[32m: [32mRequest completed, [1;32mtrace_id[0m[32m: d7a7ac09-33b6-496a-afa5-014ce75fc916, [1;32mmethod[0m[32m: POST, [1;32mpath[0m[32m: /admin/approval-process-definitions/drafts, [1;32mstatus[0m[32m: 200, [1;32mlatency_ms[0m[32m: 244[0m
    [2;3mat[0m apps/web-api/src/core/tracing/middleware.rs:58 [2;3mon[0m ThreadId(5)

  [2m2026-08-26T07:06:30.321922Z[0m [32m INFO[0m [1;32mweb_api::core::tracing::middleware[0m[32m: [32mclose, [1;32mtime.busy[0m[32m: 245ms, [1;32mtime.idle[0m[32m: 130µs[0m
    [2;3mat[0m apps/web-api/src/core/tracing/middleware.rs:38 [2;3mon[0m ThreadId(5)
    [2;3min[0m web_api::core::tracing::middleware::[1mhttp_request[0m [2;3mwith[0m [1mtrace_id[0m: d7a7ac09-33b6-496a-afa5-014ce75fc916, [1mmethod[0m: POST, [1mpath[0m: /admin/approval-process-definitions/drafts, [1mstatus_code[0m: 200, [1mlatency_ms[0m: 244

  [2m2026-08-26T07:06:30.326695Z[0m [32m INFO[0m [1;32mweb_api::core::tracing::middleware[0m[32m: [32mnew[0m
    [2;3mat[0m apps/web-api/src/core/tracing/middleware.rs:38 [2;3mon[0m ThreadId(2)
    [2;3min[0m web_api::core::tracing::middleware::[1mhttp_request[0m [2;3mwith[0m [1mtrace_id[0m: 6c412720-ce7e-4e60-a255-5265a25baeba, [1mmethod[0m: PUT, [1mpath[0m: /admin/approval-process-definitions/8307670cbd074df4b12a1f1b203dcba3/nodes

  [2m2026-08-26T07:06:30.339722Z[0m [32m INFO[0m [1;32mweb_api::core::middleware::authentication[0m[32m: [32mAuthorization success[0m
    [2;3mat[0m apps/web-api/src/core/middleware/authentication.rs:49 [2;3mon[0m ThreadId(2)
    [2;3min[0m web_api::core::tracing::middleware::[1mhttp_request[0m [2;3mwith[0m [1mtrace_id[0m: 6c412720-ce7e-4e60-a255-5265a25baeba, [1mmethod[0m: PUT, [1mpath[0m: /admin/approval-process-definitions/8307670cbd074df4b12a1f1b203dcba3/nodes

  [2m2026-08-26T07:06:30.567855Z[0m [32m INFO[0m [1;32mhttp[0m[32m: [32mRequest completed, [1;32mtrace_id[0m[32m: 6c412720-ce7e-4e60-a255-5265a25baeba, [1;32mmethod[0m[32m: PUT, [1;32mpath[0m[32m: /admin/approval-process-definitions/8307670cbd074df4b12a1f1b203dcba3/nodes, [1;32mstatus[0m[32m: 200, [1;32mlatency_ms[0m[32m: 241[0m
    [2;3mat[0m apps/web-api/src/core/tracing/middleware.rs:58 [2;3mon[0m ThreadId(2)
    [2;3min[0m web_api::core::tracing::middleware::[1mhttp_request[0m [2;3mwith[0m [1mtrace_id[0m: 6c412720-ce7e-4e60-a255-5265a25baeba, [1mmethod[0m: PUT, [1mpath[0m: /admin/approval-process-definitions/8307670cbd074df4b12a1f1b203dcba3/nodes, [1mstatus_code[0m: 200, [1mlatency_ms[0m: 241

  [2m2026-08-26T07:06:30.568072Z[0m [32m INFO[0m [1;32mweb_api::core::tracing::middleware[0m[32m: [32mclose, [1;32mtime.busy[0m[32m: 241ms, [1;32mtime.idle[0m[32m: 138µs[0m
    [2;3mat[0m apps/web-api/src/core/tracing/middleware.rs:38 [2;3mon[0m ThreadId(2)
    [2;3min[0m web_api::core::tracing::middleware::[1mhttp_request[0m [2;3mwith[0m [1mtrace_id[0m: 6c412720-ce7e-4e60-a255-5265a25baeba, [1mmethod[0m: PUT, [1mpath[0m: /admin/approval-process-definitions/8307670cbd074df4b12a1f1b203dcba3/nodes, [1mstatus_code[0m: 200, [1mlatency_ms[0m: 241

  [2m2026-08-26T07:06:30.573229Z[0m [32m INFO[0m [1;32mweb_api::core::tracing::middleware[0m[32m: [32mnew[0m
    [2;3mat[0m apps/web-api/src/core/tracing/middleware.rs:38 [2;3mon[0m ThreadId(6)
    [2;3min[0m web_api::core::tracing::middleware::[1mhttp_request[0m [2;3mwith[0m [1mtrace_id[0m: f01d5830-3249-42f3-b3b5-8cda37332b2c, [1mmethod[0m: POST, [1mpath[0m: /admin/approval-process-definitions/8307670cbd074df4b12a1f1b203dcba3/publish

  [2m2026-08-26T07:06:30.585926Z[0m [32m INFO[0m [1;32mweb_api::core::middleware::authentication[0m[32m: [32mAuthorization success[0m
    [2;3mat[0m apps/web-api/src/core/middleware/authentication.rs:49 [2;3mon[0m ThreadId(6)
    [2;3min[0m web_api::core::tracing::middleware::[1mhttp_request[0m [2;3mwith[0m [1mtrace_id[0m: f01d5830-3249-42f3-b3b5-8cda37332b2c, [1mmethod[0m: POST, [1mpath[0m: /admin/approval-process-definitions/8307670cbd074df4b12a1f1b203dcba3/publish

  [2m2026-08-26T07:06:30.976999Z[0m [32m INFO[0m [1;32mhttp[0m[32m: [32mRequest completed, [1;32mtrace_id[0m[32m: f01d5830-3249-42f3-b3b5-8cda37332b2c, [1;32mmethod[0m[32m: POST, [1;32mpath[0m[32m: /admin/approval-process-definitions/8307670cbd074df4b12a1f1b203dcba3/publish, [1;32mstatus[0m[32m: 200, [1;32mlatency_ms[0m[32m: 403[0m
    [2;3mat[0m apps/web-api/src/core/tracing/middleware.rs:58 [2;3mon[0m ThreadId(2)

  [2m2026-08-26T07:06:30.977311Z[0m [32m INFO[0m [1;32mweb_api::core::tracing::middleware[0m[32m: [32mclose, [1;32mtime.busy[0m[32m: 404ms, [1;32mtime.idle[0m[32m: 266µs[0m
    [2;3mat[0m apps/web-api/src/core/tracing/middleware.rs:38 [2;3mon[0m ThreadId(2)
    [2;3min[0m web_api::core::tracing::middleware::[1mhttp_request[0m [2;3mwith[0m [1mtrace_id[0m: f01d5830-3249-42f3-b3b5-8cda37332b2c, [1mmethod[0m: POST, [1mpath[0m: /admin/approval-process-definitions/8307670cbd074df4b12a1f1b203dcba3/publish, [1mstatus_code[0m: 200, [1mlatency_ms[0m: 403

  [2m2026-08-26T07:06:30.981654Z[0m [32m INFO[0m [1;32mweb_api::core::tracing::middleware[0m[32m: [32mnew[0m
    [2;3mat[0m apps/web-api/src/core/tracing/middleware.rs:38 [2;3mon[0m ThreadId(5)
    [2;3min[0m web_api::core::tracing::middleware::[1mhttp_request[0m [2;3mwith[0m [1mtrace_id[0m: d1dd69e5-72ce-466e-92e4-0806dc7b0167, [1mmethod[0m: GET, [1mpath[0m: /admin/approval-processes/customer_refund/versions

  [2m2026-08-26T07:06:31.000550Z[0m [32m INFO[0m [1;32mweb_api::core::middleware::authentication[0m[32m: [32mAuthorization success[0m
    [2;3mat[0m apps/web-api/src/core/middleware/authentication.rs:49 [2;3mon[0m ThreadId(5)
    [2;3min[0m web_api::core::tracing::middleware::[1mhttp_request[0m [2;3mwith[0m [1mtrace_id[0m: d1dd69e5-72ce-466e-92e4-0806dc7b0167, [1mmethod[0m: GET, [1mpath[0m: /admin/approval-processes/customer_refund/versions

  [2m2026-08-26T07:06:31.899882Z[0m [32m INFO[0m [1;32mhttp[0m[32m: [32mRequest completed, [1;32mtrace_id[0m[32m: d1dd69e5-72ce-466e-92e4-0806dc7b0167, [1;32mmethod[0m[32m: GET, [1;32mpath[0m[32m: /admin/approval-processes/customer_refund/versions, [1;32mstatus[0m[32m: 200, [1;32mlatency_ms[0m[32m: 918[0m
    [2;3mat[0m apps/web-api/src/core/tracing/middleware.rs:58 [2;3mon[0m ThreadId(6)

  [2m2026-08-26T07:06:31.899950Z[0m [32m INFO[0m [1;32mweb_api::core::tracing::middleware[0m[32m: [32mclose, [1;32mtime.busy[0m[32m: 918ms, [1;32mtime.idle[0m[32m: 175µs[0m
    [2;3mat[0m apps/web-api/src/core/tracing/middleware.rs:38 [2;3mon[0m ThreadId(6)
    [2;3min[0m web_api::core::tracing::middleware::[1mhttp_request[0m [2;3mwith[0m [1mtrace_id[0m: d1dd69e5-72ce-466e-92e4-0806dc7b0167, [1mmethod[0m: GET, [1mpath[0m: /admin/approval-processes/customer_refund/versions, [1mstatus_code[0m: 200, [1mlatency_ms[0m: 918

  [2m2026-08-26T07:06:31.902038Z[0m [32m INFO[0m [1;32mweb_api::core::tracing::middleware[0m[32m: [32mnew[0m
    [2;3mat[0m apps/web-api/src/core/tracing/middleware.rs:38 [2;3mon[0m ThreadId(11)
    [2;3min[0m web_api::core::tracing::middleware::[1mhttp_request[0m [2;3mwith[0m [1mtrace_id[0m: 8bfd188e-94b4-4072-9b37-108c751f54b3, [1mmethod[0m: POST, [1mpath[0m: /admin/approval-process-definitions/drafts

  [2m2026-08-26T07:06:31.914641Z[0m [32m INFO[0m [1;32mweb_api::core::middleware::authentication[0m[32m: [32mAuthorization success[0m
    [2;3mat[0m apps/web-api/src/core/middleware/authentication.rs:49 [2;3mon[0m ThreadId(11)
    [2;3min[0m web_api::core::tracing::middleware::[1mhttp_request[0m [2;3mwith[0m [1mtrace_id[0m: 8bfd188e-94b4-4072-9b37-108c751f54b3, [1mmethod[0m: POST, [1mpath[0m: /admin/approval-process-definitions/drafts

  [2m2026-08-26T07:06:32.056603Z[0m [32m INFO[0m [1;32mhttp[0m[32m: [32mRequest completed, [1;32mtrace_id[0m[32m: 8bfd188e-94b4-4072-9b37-108c751f54b3, [1;32mmethod[0m[32m: POST, [1;32mpath[0m[32m: /admin/approval-process-definitions/drafts, [1;32mstatus[0m[32m: 200, [1;32mlatency_ms[0m[32m: 154[0m
    [2;3mat[0m apps/web-api/src/core/tracing/middleware.rs:58 [2;3mon[0m ThreadId(2)

  [2m2026-08-26T07:06:32.056796Z[0m [32m INFO[0m [1;32mweb_api::core::tracing::middleware[0m[32m: [32mclose, [1;32mtime.busy[0m[32m: 155ms, [1;32mtime.idle[0m[32m: 30.0µs[0m
    [2;3mat[0m apps/web-api/src/core/tracing/middleware.rs:38 [2;3mon[0m ThreadId(2)
    [2;3min[0m web_api::core::tracing::middleware::[1mhttp_request[0m [2;3mwith[0m [1mtrace_id[0m: 8bfd188e-94b4-4072-9b37-108c751f54b3, [1mmethod[0m: POST, [1mpath[0m: /admin/approval-process-definitions/drafts, [1mstatus_code[0m: 200, [1mlatency_ms[0m: 154

  [2m2026-08-26T07:06:32.060179Z[0m [32m INFO[0m [1;32mweb_api::core::tracing::middleware[0m[32m: [32mnew[0m
    [2;3mat[0m apps/web-api/src/core/tracing/middleware.rs:38 [2;3mon[0m ThreadId(6)
    [2;3min[0m web_api::core::tracing::middleware::[1mhttp_request[0m [2;3mwith[0m [1mtrace_id[0m: 845a8d8c-2a85-479f-8863-f59ffa197fa3, [1mmethod[0m: PUT, [1mpath[0m: /admin/approval-process-definitions/f42cd39054974ddcbd4be1a457242914/nodes

  [2m2026-08-26T07:06:32.083286Z[0m [32m INFO[0m [1;32mweb_api::core::middleware::authentication[0m[32m: [32mAuthorization success[0m
    [2;3mat[0m apps/web-api/src/core/middleware/authentication.rs:49 [2;3mon[0m ThreadId(6)
    [2;3min[0m web_api::core::tracing::middleware::[1mhttp_request[0m [2;3mwith[0m [1mtrace_id[0m: 845a8d8c-2a85-479f-8863-f59ffa197fa3, [1mmethod[0m: PUT, [1mpath[0m: /admin/approval-process-definitions/f42cd39054974ddcbd4be1a457242914/nodes

  [2m2026-08-26T07:06:32.443413Z[0m [32m INFO[0m [1;32mhttp[0m[32m: [32mRequest completed, [1;32mtrace_id[0m[32m: 845a8d8c-2a85-479f-8863-f59ffa197fa3, [1;32mmethod[0m[32m: PUT, [1;32mpath[0m[32m: /admin/approval-process-definitions/f42cd39054974ddcbd4be1a457242914/nodes, [1;32mstatus[0m[32m: 200, [1;32mlatency_ms[0m[32m: 383[0m
    [2;3mat[0m apps/web-api/src/core/tracing/middleware.rs:58 [2;3mon[0m ThreadId(5)

  [2m2026-08-26T07:06:32.443571Z[0m [32m INFO[0m [1;32mweb_api::core::tracing::middleware[0m[32m: [32mclose, [1;32mtime.busy[0m[32m: 383ms, [1;32mtime.idle[0m[32m: 118µs[0m
    [2;3mat[0m apps/web-api/src/core/tracing/middleware.rs:38 [2;3mon[0m ThreadId(5)
    [2;3min[0m web_api::core::tracing::middleware::[1mhttp_request[0m [2;3mwith[0m [1mtrace_id[0m: 845a8d8c-2a85-479f-8863-f59ffa197fa3, [1mmethod[0m: PUT, [1mpath[0m: /admin/approval-process-definitions/f42cd39054974ddcbd4be1a457242914/nodes, [1mstatus_code[0m: 200, [1mlatency_ms[0m: 383

  [2m2026-08-26T07:06:32.445815Z[0m [32m INFO[0m [1;32mweb_api::core::tracing::middleware[0m[32m: [32mnew[0m
    [2;3mat[0m apps/web-api/src/core/tracing/middleware.rs:38 [2;3mon[0m ThreadId(6)
    [2;3min[0m web_api::core::tracing::middleware::[1mhttp_request[0m [2;3mwith[0m [1mtrace_id[0m: 316ad516-844a-4175-980f-533a541260a1, [1mmethod[0m: POST, [1mpath[0m: /admin/approval-process-definitions/f42cd39054974ddcbd4be1a457242914/publish

  [2m2026-08-26T07:06:32.459495Z[0m [32m INFO[0m [1;32mweb_api::core::middleware::authentication[0m[32m: [32mAuthorization success[0m
    [2;3mat[0m apps/web-api/src/core/middleware/authentication.rs:49 [2;3mon[0m ThreadId(6)
    [2;3min[0m web_api::core::tracing::middleware::[1mhttp_request[0m [2;3mwith[0m [1mtrace_id[0m: 316ad516-844a-4175-980f-533a541260a1, [1mmethod[0m: POST, [1mpath[0m: /admin/approval-process-definitions/f42cd39054974ddcbd4be1a457242914/publish

  [2m2026-08-26T07:06:32.806129Z[0m [32m INFO[0m [1;32mhttp[0m[32m: [32mRequest completed, [1;32mtrace_id[0m[32m: 316ad516-844a-4175-980f-533a541260a1, [1;32mmethod[0m[32m: POST, [1;32mpath[0m[32m: /admin/approval-process-definitions/f42cd39054974ddcbd4be1a457242914/publish, [1;32mstatus[0m[32m: 200, [1;32mlatency_ms[0m[32m: 360[0m
    [2;3mat[0m apps/web-api/src/core/tracing/middleware.rs:58 [2;3mon[0m ThreadId(6)
    [2;3min[0m web_api::core::tracing::middleware::[1mhttp_request[0m [2;3mwith[0m [1mtrace_id[0m: 316ad516-844a-4175-980f-533a541260a1, [1mmethod[0m: POST, [1mpath[0m: /admin/approval-process-definitions/f42cd39054974ddcbd4be1a457242914/publish, [1mstatus_code[0m: 200, [1mlatency_ms[0m: 360

  [2m2026-08-26T07:06:32.806418Z[0m [32m INFO[0m [1;32mweb_api::core::tracing::middleware[0m[32m: [32mclose, [1;32mtime.busy[0m[32m: 360ms, [1;32mtime.idle[0m[32m: 135µs[0m
    [2;3mat[0m apps/web-api/src/core/tracing/middleware.rs:38 [2;3mon[0m ThreadId(6)
    [2;3min[0m web_api::core::tracing::middleware::[1mhttp_request[0m [2;3mwith[0m [1mtrace_id[0m: 316ad516-844a-4175-980f-533a541260a1, [1mmethod[0m: POST, [1mpath[0m: /admin/approval-process-definitions/f42cd39054974ddcbd4be1a457242914/publish, [1mstatus_code[0m: 200, [1mlatency_ms[0m: 360

  [2m2026-08-26T07:06:32.810466Z[0m [32m INFO[0m [1;32mweb_api::core::tracing::middleware[0m[32m: [32mnew[0m
    [2;3mat[0m apps/web-api/src/core/tracing/middleware.rs:38 [2;3mon[0m ThreadId(2)
    [2;3min[0m web_api::core::tracing::middleware::[1mhttp_request[0m [2;3mwith[0m [1mtrace_id[0m: 25108bcb-67ca-4722-8157-cfa67bd0d55d, [1mmethod[0m: GET, [1mpath[0m: /admin/approval-processes/supplier_refund/versions

  [2m2026-08-26T07:06:32.917864Z[0m [32m INFO[0m [1;32mweb_api::core::middleware::authentication[0m[32m: [32mAuthorization success[0m
    [2;3mat[0m apps/web-api/src/core/middleware/authentication.rs:49 [2;3mon[0m ThreadId(2)
    [2;3min[0m web_api::core::tracing::middleware::[1mhttp_request[0m [2;3mwith[0m [1mtrace_id[0m: 25108bcb-67ca-4722-8157-cfa67bd0d55d, [1mmethod[0m: GET, [1mpath[0m: /admin/approval-processes/supplier_refund/versions

  [2m2026-08-26T07:06:33.755217Z[0m [32m INFO[0m [1;32mhttp[0m[32m: [32mRequest completed, [1;32mtrace_id[0m[32m: 25108bcb-67ca-4722-8157-cfa67bd0d55d, [1;32mmethod[0m[32m: GET, [1;32mpath[0m[32m: /admin/approval-processes/supplier_refund/versions, [1;32mstatus[0m[32m: 200, [1;32mlatency_ms[0m[32m: 944[0m
    [2;3mat[0m apps/web-api/src/core/tracing/middleware.rs:58 [2;3mon[0m ThreadId(2)
    [2;3min[0m web_api::core::tracing::middleware::[1mhttp_request[0m [2;3mwith[0m [1mtrace_id[0m: 25108bcb-67ca-4722-8157-cfa67bd0d55d, [1mmethod[0m: GET, [1mpath[0m: /admin/approval-processes/supplier_refund/versions, [1mstatus_code[0m: 200, [1mlatency_ms[0m: 944

  [2m2026-08-26T07:06:33.755379Z[0m [32m INFO[0m [1;32mweb_api::core::tracing::middleware[0m[32m: [32mclose, [1;32mtime.busy[0m[32m: 945ms, [1;32mtime.idle[0m[32m: 127µs[0m
    [2;3mat[0m apps/web-api/src/core/tracing/middleware.rs:38 [2;3mon[0m ThreadId(2)
    [2;3min[0m web_api::core::tracing::middleware::[1mhttp_request[0m [2;3mwith[0m [1mtrace_id[0m: 25108bcb-67ca-4722-8157-cfa67bd0d55d, [1mmethod[0m: GET, [1mpath[0m: /admin/approval-processes/supplier_refund/versions, [1mstatus_code[0m: 200, [1mlatency_ms[0m: 944

  [2m2026-08-26T07:06:33.759914Z[0m [32m INFO[0m [1;32mweb_api::core::tracing::middleware[0m[32m: [32mnew[0m
    [2;3mat[0m apps/web-api/src/core/tracing/middleware.rs:38 [2;3mon[0m ThreadId(11)
    [2;3min[0m web_api::core::tracing::middleware::[1mhttp_request[0m [2;3mwith[0m [1mtrace_id[0m: 2feb8671-a6a6-4506-9db4-f130a79e4f1f, [1mmethod[0m: POST, [1mpath[0m: /admin/approval-process-definitions/drafts

  [2m2026-08-26T07:06:33.771972Z[0m [32m INFO[0m [1;32mweb_api::core::middleware::authentication[0m[32m: [32mAuthorization success[0m
    [2;3mat[0m apps/web-api/src/core/middleware/authentication.rs:49 [2;3mon[0m ThreadId(11)
    [2;3min[0m web_api::core::tracing::middleware::[1mhttp_request[0m [2;3mwith[0m [1mtrace_id[0m: 2feb8671-a6a6-4506-9db4-f130a79e4f1f, [1mmethod[0m: POST, [1mpath[0m: /admin/approval-process-definitions/drafts

  [2m2026-08-26T07:06:33.984549Z[0m [32m INFO[0m [1;32mhttp[0m[32m: [32mRequest completed, [1;32mtrace_id[0m[32m: 2feb8671-a6a6-4506-9db4-f130a79e4f1f, [1;32mmethod[0m[32m: POST, [1;32mpath[0m[32m: /admin/approval-process-definitions/drafts, [1;32mstatus[0m[32m: 200, [1;32mlatency_ms[0m[32m: 224[0m
    [2;3mat[0m apps/web-api/src/core/tracing/middleware.rs:58 [2;3mon[0m ThreadId(5)

  [2m2026-08-26T07:06:33.984757Z[0m [32m INFO[0m [1;32mweb_api::core::tracing::middleware[0m[32m: [32mclose, [1;32mtime.busy[0m[32m: 225ms, [1;32mtime.idle[0m[32m: 127µs[0m
    [2;3mat[0m apps/web-api/src/core/tracing/middleware.rs:38 [2;3mon[0m ThreadId(5)
    [2;3min[0m web_api::core::tracing::middleware::[1mhttp_request[0m [2;3mwith[0m [1mtrace_id[0m: 2feb8671-a6a6-4506-9db4-f130a79e4f1f, [1mmethod[0m: POST, [1mpath[0m: /admin/approval-process-definitions/drafts, [1mstatus_code[0m: 200, [1mlatency_ms[0m: 224

  [2m2026-08-26T07:06:33.988221Z[0m [32m INFO[0m [1;32mweb_api::core::tracing::middleware[0m[32m: [32mnew[0m
    [2;3mat[0m apps/web-api/src/core/tracing/middleware.rs:38 [2;3mon[0m ThreadId(2)
    [2;3min[0m web_api::core::tracing::middleware::[1mhttp_request[0m [2;3mwith[0m [1mtrace_id[0m: 358a29ab-51f8-438b-8bc8-887541a12c80, [1mmethod[0m: PUT, [1mpath[0m: /admin/approval-process-definitions/704eae5ca4c3434383e24f66051fbe88/nodes

  [2m2026-08-26T07:06:34.001773Z[0m [32m INFO[0m [1;32mweb_api::core::middleware::authentication[0m[32m: [32mAuthorization success[0m
    [2;3mat[0m apps/web-api/src/core/middleware/authentication.rs:49 [2;3mon[0m ThreadId(2)
    [2;3min[0m web_api::core::tracing::middleware::[1mhttp_request[0m [2;3mwith[0m [1mtrace_id[0m: 358a29ab-51f8-438b-8bc8-887541a12c80, [1mmethod[0m: PUT, [1mpath[0m: /admin/approval-process-definitions/704eae5ca4c3434383e24f66051fbe88/nodes

  [2m2026-08-26T07:06:34.287734Z[0m [32m INFO[0m [1;32mhttp[0m[32m: [32mRequest completed, [1;32mtrace_id[0m[32m: 358a29ab-51f8-438b-8bc8-887541a12c80, [1;32mmethod[0m[32m: PUT, [1;32mpath[0m[32m: /admin/approval-process-definitions/704eae5ca4c3434383e24f66051fbe88/nodes, [1;32mstatus[0m[32m: 200, [1;32mlatency_ms[0m[32m: 299[0m
    [2;3mat[0m apps/web-api/src/core/tracing/middleware.rs:58 [2;3mon[0m ThreadId(2)
    [2;3min[0m web_api::core::tracing::middleware::[1mhttp_request[0m [2;3mwith[0m [1mtrace_id[0m: 358a29ab-51f8-438b-8bc8-887541a12c80, [1mmethod[0m: PUT, [1mpath[0m: /admin/approval-process-definitions/704eae5ca4c3434383e24f66051fbe88/nodes, [1mstatus_code[0m: 200, [1mlatency_ms[0m: 299

  [2m2026-08-26T07:06:34.287936Z[0m [32m INFO[0m [1;32mweb_api::core::tracing::middleware[0m[32m: [32mclose, [1;32mtime.busy[0m[32m: 300ms, [1;32mtime.idle[0m[32m: 206µs[0m
    [2;3mat[0m apps/web-api/src/core/tracing/middleware.rs:38 [2;3mon[0m ThreadId(2)
    [2;3min[0m web_api::core::tracing::middleware::[1mhttp_request[0m [2;3mwith[0m [1mtrace_id[0m: 358a29ab-51f8-438b-8bc8-887541a12c80, [1mmethod[0m: PUT, [1mpath[0m: /admin/approval-process-definitions/704eae5ca4c3434383e24f66051fbe88/nodes, [1mstatus_code[0m: 200, [1mlatency_ms[0m: 299

  [2m2026-08-26T07:06:34.291130Z[0m [32m INFO[0m [1;32mweb_api::core::tracing::middleware[0m[32m: [32mnew[0m
    [2;3mat[0m apps/web-api/src/core/tracing/middleware.rs:38 [2;3mon[0m ThreadId(2)
    [2;3min[0m web_api::core::tracing::middleware::[1mhttp_request[0m [2;3mwith[0m [1mtrace_id[0m: 9014533d-3c9a-4d2b-a223-fda0ca28564f, [1mmethod[0m: POST, [1mpath[0m: /admin/approval-process-definitions/704eae5ca4c3434383e24f66051fbe88/publish

  [2m2026-08-26T07:06:34.303949Z[0m [32m INFO[0m [1;32mweb_api::core::middleware::authentication[0m[32m: [32mAuthorization success[0m
    [2;3mat[0m apps/web-api/src/core/middleware/authentication.rs:49 [2;3mon[0m ThreadId(2)
    [2;3min[0m web_api::core::tracing::middleware::[1mhttp_request[0m [2;3mwith[0m [1mtrace_id[0m: 9014533d-3c9a-4d2b-a223-fda0ca28564f, [1mmethod[0m: POST, [1mpath[0m: /admin/approval-process-definitions/704eae5ca4c3434383e24f66051fbe88/publish

  [2m2026-08-26T07:06:34.705521Z[0m [32m INFO[0m [1;32mhttp[0m[32m: [32mRequest completed, [1;32mtrace_id[0m[32m: 9014533d-3c9a-4d2b-a223-fda0ca28564f, [1;32mmethod[0m[32m: POST, [1;32mpath[0m[32m: /admin/approval-process-definitions/704eae5ca4c3434383e24f66051fbe88/publish, [1;32mstatus[0m[32m: 200, [1;32mlatency_ms[0m[32m: 414[0m
    [2;3mat[0m apps/web-api/src/core/tracing/middleware.rs:58 [2;3mon[0m ThreadId(11)

  [2m2026-08-26T07:06:34.705668Z[0m [32m INFO[0m [1;32mweb_api::core::tracing::middleware[0m[32m: [32mclose, [1;32mtime.busy[0m[32m: 414ms, [1;32mtime.idle[0m[32m: 90.4µs[0m
    [2;3mat[0m apps/web-api/src/core/tracing/middleware.rs:38 [2;3mon[0m ThreadId(11)
    [2;3min[0m web_api::core::tracing::middleware::[1mhttp_request[0m [2;3mwith[0m [1mtrace_id[0m: 9014533d-3c9a-4d2b-a223-fda0ca28564f, [1mmethod[0m: POST, [1mpath[0m: /admin/approval-process-definitions/704eae5ca4c3434383e24f66051fbe88/publish, [1mstatus_code[0m: 200, [1mlatency_ms[0m: 414

  [2m2026-08-26T07:06:34.708555Z[0m [32m INFO[0m [1;32mweb_api::core::tracing::middleware[0m[32m: [32mnew[0m
    [2;3mat[0m apps/web-api/src/core/tracing/middleware.rs:38 [2;3mon[0m ThreadId(2)
    [2;3min[0m web_api::core::tracing::middleware::[1mhttp_request[0m [2;3mwith[0m [1mtrace_id[0m: 9ff5a136-aba9-4293-ace7-f1f6c598ca97, [1mmethod[0m: GET, [1mpath[0m: /admin/approval-processes/receipt_reversal/versions

  [2m2026-08-26T07:06:34.725187Z[0m [32m INFO[0m [1;32mweb_api::core::middleware::authentication[0m[32m: [32mAuthorization success[0m
    [2;3mat[0m apps/web-api/src/core/middleware/authentication.rs:49 [2;3mon[0m ThreadId(2)
    [2;3min[0m web_api::core::tracing::middleware::[1mhttp_request[0m [2;3mwith[0m [1mtrace_id[0m: 9ff5a136-aba9-4293-ace7-f1f6c598ca97, [1mmethod[0m: GET, [1mpath[0m: /admin/approval-processes/receipt_reversal/versions

  [2m2026-08-26T07:06:35.606309Z[0m [32m INFO[0m [1;32mhttp[0m[32m: [32mRequest completed, [1;32mtrace_id[0m[32m: 9ff5a136-aba9-4293-ace7-f1f6c598ca97, [1;32mmethod[0m[32m: GET, [1;32mpath[0m[32m: /admin/approval-processes/receipt_reversal/versions, [1;32mstatus[0m[32m: 200, [1;32mlatency_ms[0m[32m: 897[0m
    [2;3mat[0m apps/web-api/src/core/tracing/middleware.rs:58 [2;3mon[0m ThreadId(5)

  [2m2026-08-26T07:06:35.606475Z[0m [32m INFO[0m [1;32mweb_api::core::tracing::middleware[0m[32m: [32mclose, [1;32mtime.busy[0m[32m: 898ms, [1;32mtime.idle[0m[32m: 65.2µs[0m
    [2;3mat[0m apps/web-api/src/core/tracing/middleware.rs:38 [2;3mon[0m ThreadId(5)
    [2;3min[0m web_api::core::tracing::middleware::[1mhttp_request[0m [2;3mwith[0m [1mtrace_id[0m: 9ff5a136-aba9-4293-ace7-f1f6c598ca97, [1mmethod[0m: GET, [1mpath[0m: /admin/approval-processes/receipt_reversal/versions, [1mstatus_code[0m: 200, [1mlatency_ms[0m: 897

  [2m2026-08-26T07:06:35.610946Z[0m [32m INFO[0m [1;32mweb_api::core::tracing::middleware[0m[32m: [32mnew[0m
    [2;3mat[0m apps/web-api/src/core/tracing/middleware.rs:38 [2;3mon[0m ThreadId(11)
    [2;3min[0m web_api::core::tracing::middleware::[1mhttp_request[0m [2;3mwith[0m [1mtrace_id[0m: ac2e9d07-876f-4290-b0ac-a6b2d103ae57, [1mmethod[0m: POST, [1mpath[0m: /admin/approval-process-definitions/drafts

  [2m2026-08-26T07:06:35.625084Z[0m [32m INFO[0m [1;32mweb_api::core::middleware::authentication[0m[32m: [32mAuthorization success[0m
    [2;3mat[0m apps/web-api/src/core/middleware/authentication.rs:49 [2;3mon[0m ThreadId(11)
    [2;3min[0m web_api::core::tracing::middleware::[1mhttp_request[0m [2;3mwith[0m [1mtrace_id[0m: ac2e9d07-876f-4290-b0ac-a6b2d103ae57, [1mmethod[0m: POST, [1mpath[0m: /admin/approval-process-definitions/drafts

  [2m2026-08-26T07:06:35.763054Z[0m [32m INFO[0m [1;32mhttp[0m[32m: [32mRequest completed, [1;32mtrace_id[0m[32m: ac2e9d07-876f-4290-b0ac-a6b2d103ae57, [1;32mmethod[0m[32m: POST, [1;32mpath[0m[32m: /admin/approval-process-definitions/drafts, [1;32mstatus[0m[32m: 200, [1;32mlatency_ms[0m[32m: 152[0m
    [2;3mat[0m apps/web-api/src/core/tracing/middleware.rs:58 [2;3mon[0m ThreadId(11)
    [2;3min[0m web_api::core::tracing::middleware::[1mhttp_request[0m [2;3mwith[0m [1mtrace_id[0m: ac2e9d07-876f-4290-b0ac-a6b2d103ae57, [1mmethod[0m: POST, [1mpath[0m: /admin/approval-process-definitions/drafts, [1mstatus_code[0m: 200, [1mlatency_ms[0m: 152

  [2m2026-08-26T07:06:35.763349Z[0m [32m INFO[0m [1;32mweb_api::core::tracing::middleware[0m[32m: [32mclose, [1;32mtime.busy[0m[32m: 152ms, [1;32mtime.idle[0m[32m: 140µs[0m
    [2;3mat[0m apps/web-api/src/core/tracing/middleware.rs:38 [2;3mon[0m ThreadId(11)
    [2;3min[0m web_api::core::tracing::middleware::[1mhttp_request[0m [2;3mwith[0m [1mtrace_id[0m: ac2e9d07-876f-4290-b0ac-a6b2d103ae57, [1mmethod[0m: POST, [1mpath[0m: /admin/approval-process-definitions/drafts, [1mstatus_code[0m: 200, [1mlatency_ms[0m: 152

  [2m2026-08-26T07:06:35.766080Z[0m [32m INFO[0m [1;32mweb_api::core::tracing::middleware[0m[32m: [32mnew[0m
    [2;3mat[0m apps/web-api/src/core/tracing/middleware.rs:38 [2;3mon[0m ThreadId(6)
    [2;3min[0m web_api::core::tracing::middleware::[1mhttp_request[0m [2;3mwith[0m [1mtrace_id[0m: a22aabd2-3ec1-4927-bbc2-af04c727a486, [1mmethod[0m: PUT, [1mpath[0m: /admin/approval-process-definitions/cc2dfd8ff466455c9ff652b19511c452/nodes

  [2m2026-08-26T07:06:35.780951Z[0m [32m INFO[0m [1;32mweb_api::core::middleware::authentication[0m[32m: [32mAuthorization success[0m
    [2;3mat[0m apps/web-api/src/core/middleware/authentication.rs:49 [2;3mon[0m ThreadId(6)
    [2;3min[0m web_api::core::tracing::middleware::[1mhttp_request[0m [2;3mwith[0m [1mtrace_id[0m: a22aabd2-3ec1-4927-bbc2-af04c727a486, [1mmethod[0m: PUT, [1mpath[0m: /admin/approval-process-definitions/cc2dfd8ff466455c9ff652b19511c452/nodes

  [2m2026-08-26T07:06:36.125856Z[0m [32m INFO[0m [1;32mhttp[0m[32m: [32mRequest completed, [1;32mtrace_id[0m[32m: a22aabd2-3ec1-4927-bbc2-af04c727a486, [1;32mmethod[0m[32m: PUT, [1;32mpath[0m[32m: /admin/approval-process-definitions/cc2dfd8ff466455c9ff652b19511c452/nodes, [1;32mstatus[0m[32m: 200, [1;32mlatency_ms[0m[32m: 359[0m
    [2;3mat[0m apps/web-api/src/core/tracing/middleware.rs:58 [2;3mon[0m ThreadId(2)

  [2m2026-08-26T07:06:36.126163Z[0m [32m INFO[0m [1;32mweb_api::core::tracing::middleware[0m[32m: [32mclose, [1;32mtime.busy[0m[32m: 360ms, [1;32mtime.idle[0m[32m: 92.0µs[0m
    [2;3mat[0m apps/web-api/src/core/tracing/middleware.rs:38 [2;3mon[0m ThreadId(2)
    [2;3min[0m web_api::core::tracing::middleware::[1mhttp_request[0m [2;3mwith[0m [1mtrace_id[0m: a22aabd2-3ec1-4927-bbc2-af04c727a486, [1mmethod[0m: PUT, [1mpath[0m: /admin/approval-process-definitions/cc2dfd8ff466455c9ff652b19511c452/nodes, [1mstatus_code[0m: 200, [1mlatency_ms[0m: 359

  [2m2026-08-26T07:06:36.128986Z[0m [32m INFO[0m [1;32mweb_api::core::tracing::middleware[0m[32m: [32mnew[0m
    [2;3mat[0m apps/web-api/src/core/tracing/middleware.rs:38 [2;3mon[0m ThreadId(5)
    [2;3min[0m web_api::core::tracing::middleware::[1mhttp_request[0m [2;3mwith[0m [1mtrace_id[0m: f653ffc4-afb2-474e-bde9-b7f4a4116ebe, [1mmethod[0m: POST, [1mpath[0m: /admin/approval-process-definitions/cc2dfd8ff466455c9ff652b19511c452/publish

  [2m2026-08-26T07:06:36.142524Z[0m [32m INFO[0m [1;32mweb_api::core::middleware::authentication[0m[32m: [32mAuthorization success[0m
    [2;3mat[0m apps/web-api/src/core/middleware/authentication.rs:49 [2;3mon[0m ThreadId(5)
    [2;3min[0m web_api::core::tracing::middleware::[1mhttp_request[0m [2;3mwith[0m [1mtrace_id[0m: f653ffc4-afb2-474e-bde9-b7f4a4116ebe, [1mmethod[0m: POST, [1mpath[0m: /admin/approval-process-definitions/cc2dfd8ff466455c9ff652b19511c452/publish

  [2m2026-08-26T07:06:36.471956Z[0m [32m INFO[0m [1;32mhttp[0m[32m: [32mRequest completed, [1;32mtrace_id[0m[32m: f653ffc4-afb2-474e-bde9-b7f4a4116ebe, [1;32mmethod[0m[32m: POST, [1;32mpath[0m[32m: /admin/approval-process-definitions/cc2dfd8ff466455c9ff652b19511c452/publish, [1;32mstatus[0m[32m: 200, [1;32mlatency_ms[0m[32m: 342[0m
    [2;3mat[0m apps/web-api/src/core/tracing/middleware.rs:58 [2;3mon[0m ThreadId(11)

  [2m2026-08-26T07:06:36.472201Z[0m [32m INFO[0m [1;32mweb_api::core::tracing::middleware[0m[32m: [32mclose, [1;32mtime.busy[0m[32m: 343ms, [1;32mtime.idle[0m[32m: 177µs[0m
    [2;3mat[0m apps/web-api/src/core/tracing/middleware.rs:38 [2;3mon[0m ThreadId(11)
    [2;3min[0m web_api::core::tracing::middleware::[1mhttp_request[0m [2;3mwith[0m [1mtrace_id[0m: f653ffc4-afb2-474e-bde9-b7f4a4116ebe, [1mmethod[0m: POST, [1mpath[0m: /admin/approval-process-definitions/cc2dfd8ff466455c9ff652b19511c452/publish, [1mstatus_code[0m: 200, [1mlatency_ms[0m: 342

  [2m2026-08-26T07:06:36.476630Z[0m [32m INFO[0m [1;32mweb_api::core::tracing::middleware[0m[32m: [32mnew[0m
    [2;3mat[0m apps/web-api/src/core/tracing/middleware.rs:38 [2;3mon[0m ThreadId(11)
    [2;3min[0m web_api::core::tracing::middleware::[1mhttp_request[0m [2;3mwith[0m [1mtrace_id[0m: 428bae06-1d82-4b8e-8915-57a3bd1afa3b, [1mmethod[0m: GET, [1mpath[0m: /admin/approval-processes/payment_reversal/versions

  [2m2026-08-26T07:06:36.582297Z[0m [32m INFO[0m [1;32mweb_api::core::middleware::authentication[0m[32m: [32mAuthorization success[0m
    [2;3mat[0m apps/web-api/src/core/middleware/authentication.rs:49 [2;3mon[0m ThreadId(6)

  [2m2026-08-26T07:06:37.412415Z[0m [32m INFO[0m [1;32mhttp[0m[32m: [32mRequest completed, [1;32mtrace_id[0m[32m: 428bae06-1d82-4b8e-8915-57a3bd1afa3b, [1;32mmethod[0m[32m: GET, [1;32mpath[0m[32m: /admin/approval-processes/payment_reversal/versions, [1;32mstatus[0m[32m: 200, [1;32mlatency_ms[0m[32m: 935[0m
    [2;3mat[0m apps/web-api/src/core/tracing/middleware.rs:58 [2;3mon[0m ThreadId(11)
    [2;3min[0m web_api::core::tracing::middleware::[1mhttp_request[0m [2;3mwith[0m [1mtrace_id[0m: 428bae06-1d82-4b8e-8915-57a3bd1afa3b, [1mmethod[0m: GET, [1mpath[0m: /admin/approval-processes/payment_reversal/versions, [1mstatus_code[0m: 200, [1mlatency_ms[0m: 935

  [2m2026-08-26T07:06:37.412514Z[0m [32m INFO[0m [1;32mweb_api::core::tracing::middleware[0m[32m: [32mclose, [1;32mtime.busy[0m[32m: 936ms, [1;32mtime.idle[0m[32m: 128µs[0m
    [2;3mat[0m apps/web-api/src/core/tracing/middleware.rs:38 [2;3mon[0m ThreadId(11)
    [2;3min[0m web_api::core::tracing::middleware::[1mhttp_request[0m [2;3mwith[0m [1mtrace_id[0m: 428bae06-1d82-4b8e-8915-57a3bd1afa3b, [1mmethod[0m: GET, [1mpath[0m: /admin/approval-processes/payment_reversal/versions, [1mstatus_code[0m: 200, [1mlatency_ms[0m: 935

  [2m2026-08-26T07:06:37.415195Z[0m [32m INFO[0m [1;32mweb_api::core::tracing::middleware[0m[32m: [32mnew[0m
    [2;3mat[0m apps/web-api/src/core/tracing/middleware.rs:38 [2;3mon[0m ThreadId(5)
    [2;3min[0m web_api::core::tracing::middleware::[1mhttp_request[0m [2;3mwith[0m [1mtrace_id[0m: ceb943ae-9726-4877-acf8-3e25c50c1d08, [1mmethod[0m: POST, [1mpath[0m: /admin/approval-process-definitions/drafts

  [2m2026-08-26T07:06:37.430532Z[0m [32m INFO[0m [1;32mweb_api::core::middleware::authentication[0m[32m: [32mAuthorization success[0m
    [2;3mat[0m apps/web-api/src/core/middleware/authentication.rs:49 [2;3mon[0m ThreadId(5)
    [2;3min[0m web_api::core::tracing::middleware::[1mhttp_request[0m [2;3mwith[0m [1mtrace_id[0m: ceb943ae-9726-4877-acf8-3e25c50c1d08, [1mmethod[0m: POST, [1mpath[0m: /admin/approval-process-definitions/drafts

  [2m2026-08-26T07:06:37.661674Z[0m [32m INFO[0m [1;32mhttp[0m[32m: [32mRequest completed, [1;32mtrace_id[0m[32m: ceb943ae-9726-4877-acf8-3e25c50c1d08, [1;32mmethod[0m[32m: POST, [1;32mpath[0m[32m: /admin/approval-process-definitions/drafts, [1;32mstatus[0m[32m: 200, [1;32mlatency_ms[0m[32m: 246[0m
    [2;3mat[0m apps/web-api/src/core/tracing/middleware.rs:58 [2;3mon[0m ThreadId(2)

  [2m2026-08-26T07:06:37.661880Z[0m [32m INFO[0m [1;32mweb_api::core::tracing::middleware[0m[32m: [32mclose, [1;32mtime.busy[0m[32m: 247ms, [1;32mtime.idle[0m[32m: 95.7µs[0m
    [2;3mat[0m apps/web-api/src/core/tracing/middleware.rs:38 [2;3mon[0m ThreadId(2)
    [2;3min[0m web_api::core::tracing::middleware::[1mhttp_request[0m [2;3mwith[0m [1mtrace_id[0m: ceb943ae-9726-4877-acf8-3e25c50c1d08, [1mmethod[0m: POST, [1mpath[0m: /admin/approval-process-definitions/drafts, [1mstatus_code[0m: 200, [1mlatency_ms[0m: 246

  [2m2026-08-26T07:06:37.665062Z[0m [32m INFO[0m [1;32mweb_api::core::tracing::middleware[0m[32m: [32mnew[0m
    [2;3mat[0m apps/web-api/src/core/tracing/middleware.rs:38 [2;3mon[0m ThreadId(6)
    [2;3min[0m web_api::core::tracing::middleware::[1mhttp_request[0m [2;3mwith[0m [1mtrace_id[0m: 2605db55-3eb6-40b1-afdf-4ce523ec27de, [1mmethod[0m: PUT, [1mpath[0m: /admin/approval-process-definitions/d8b4cbf5cdce44f8a026ec1f0e621f7f/nodes

  [2m2026-08-26T07:06:37.679562Z[0m [32m INFO[0m [1;32mweb_api::core::middleware::authentication[0m[32m: [32mAuthorization success[0m
    [2;3mat[0m apps/web-api/src/core/middleware/authentication.rs:49 [2;3mon[0m ThreadId(6)
    [2;3min[0m web_api::core::tracing::middleware::[1mhttp_request[0m [2;3mwith[0m [1mtrace_id[0m: 2605db55-3eb6-40b1-afdf-4ce523ec27de, [1mmethod[0m: PUT, [1mpath[0m: /admin/approval-process-definitions/d8b4cbf5cdce44f8a026ec1f0e621f7f/nodes

  [2m2026-08-26T07:06:37.950069Z[0m [32m INFO[0m [1;32mhttp[0m[32m: [32mRequest completed, [1;32mtrace_id[0m[32m: 2605db55-3eb6-40b1-afdf-4ce523ec27de, [1;32mmethod[0m[32m: PUT, [1;32mpath[0m[32m: /admin/approval-process-definitions/d8b4cbf5cdce44f8a026ec1f0e621f7f/nodes, [1;32mstatus[0m[32m: 200, [1;32mlatency_ms[0m[32m: 285[0m
    [2;3mat[0m apps/web-api/src/core/tracing/middleware.rs:58 [2;3mon[0m ThreadId(5)

  [2m2026-08-26T07:06:37.950143Z[0m [32m INFO[0m [1;32mweb_api::core::tracing::middleware[0m[32m: [32mclose, [1;32mtime.busy[0m[32m: 285ms, [1;32mtime.idle[0m[32m: 95.0µs[0m
    [2;3mat[0m apps/web-api/src/core/tracing/middleware.rs:38 [2;3mon[0m ThreadId(5)
    [2;3min[0m web_api::core::tracing::middleware::[1mhttp_request[0m [2;3mwith[0m [1mtrace_id[0m: 2605db55-3eb6-40b1-afdf-4ce523ec27de, [1mmethod[0m: PUT, [1mpath[0m: /admin/approval-process-definitions/d8b4cbf5cdce44f8a026ec1f0e621f7f/nodes, [1mstatus_code[0m: 200, [1mlatency_ms[0m: 285

  [2m2026-08-26T07:06:37.952465Z[0m [32m INFO[0m [1;32mweb_api::core::tracing::middleware[0m[32m: [32mnew[0m
    [2;3mat[0m apps/web-api/src/core/tracing/middleware.rs:38 [2;3mon[0m ThreadId(6)
    [2;3min[0m web_api::core::tracing::middleware::[1mhttp_request[0m [2;3mwith[0m [1mtrace_id[0m: 8d1154fa-8d22-4a78-94c3-881a302cb348, [1mmethod[0m: POST, [1mpath[0m: /admin/approval-process-definitions/d8b4cbf5cdce44f8a026ec1f0e621f7f/publish

  [2m2026-08-26T07:06:37.966874Z[0m [32m INFO[0m [1;32mweb_api::core::middleware::authentication[0m[32m: [32mAuthorization success[0m
    [2;3mat[0m apps/web-api/src/core/middleware/authentication.rs:49 [2;3mon[0m ThreadId(6)
    [2;3min[0m web_api::core::tracing::middleware::[1mhttp_request[0m [2;3mwith[0m [1mtrace_id[0m: 8d1154fa-8d22-4a78-94c3-881a302cb348, [1mmethod[0m: POST, [1mpath[0m: /admin/approval-process-definitions/d8b4cbf5cdce44f8a026ec1f0e621f7f/publish

  [2m2026-08-26T07:06:38.407099Z[0m [32m INFO[0m [1;32mhttp[0m[32m: [32mRequest completed, [1;32mtrace_id[0m[32m: 8d1154fa-8d22-4a78-94c3-881a302cb348, [1;32mmethod[0m[32m: POST, [1;32mpath[0m[32m: /admin/approval-process-definitions/d8b4cbf5cdce44f8a026ec1f0e621f7f/publish, [1;32mstatus[0m[32m: 200, [1;32mlatency_ms[0m[32m: 454[0m
    [2;3mat[0m apps/web-api/src/core/tracing/middleware.rs:58 [2;3mon[0m ThreadId(6)
    [2;3min[0m web_api::core::tracing::middleware::[1mhttp_request[0m [2;3mwith[0m [1mtrace_id[0m: 8d1154fa-8d22-4a78-94c3-881a302cb348, [1mmethod[0m: POST, [1mpath[0m: /admin/approval-process-definitions/d8b4cbf5cdce44f8a026ec1f0e621f7f/publish, [1mstatus_code[0m: 200, [1mlatency_ms[0m: 454

  [2m2026-08-26T07:06:38.407362Z[0m [32m INFO[0m [1;32mweb_api::core::tracing::middleware[0m[32m: [32mclose, [1;32mtime.busy[0m[32m: 455ms, [1;32mtime.idle[0m[32m: 40.5µs[0m
    [2;3mat[0m apps/web-api/src/core/tracing/middleware.rs:38 [2;3mon[0m ThreadId(6)
    [2;3min[0m web_api::core::tracing::middleware::[1mhttp_request[0m [2;3mwith[0m [1mtrace_id[0m: 8d1154fa-8d22-4a78-94c3-881a302cb348, [1mmethod[0m: POST, [1mpath[0m: /admin/approval-process-definitions/d8b4cbf5cdce44f8a026ec1f0e621f7f/publish, [1mstatus_code[0m: 200, [1mlatency_ms[0m: 454

  [2m2026-08-26T07:06:38.478107Z[0m [32m INFO[0m [1;32mweb_api::core::tracing::middleware[0m[32m: [32mnew[0m
    [2;3mat[0m apps/web-api/src/core/tracing/middleware.rs:38 [2;3mon[0m ThreadId(5)
    [2;3min[0m web_api::core::tracing::middleware::[1mhttp_request[0m [2;3mwith[0m [1mtrace_id[0m: 4e95e745-67e8-4a85-89c2-af6be362536d, [1mmethod[0m: POST, [1mpath[0m: /login

  [2m2026-08-26T07:06:38.478233Z[0m [32m INFO[0m [1;32mweb_api::core::handler::auth::login[0m[32m: [32mnew[0m
    [2;3mat[0m apps/web-api/src/core/handler/auth/login.rs:24 [2;3mon[0m ThreadId(5)
    [2;3min[0m web_api::core::handler::auth::login::[1mlogin[0m [2;3mwith[0m [1maccount_kind[0m: Admin
    [2;3min[0m web_api::core::tracing::middleware::[1mhttp_request[0m [2;3mwith[0m [1mtrace_id[0m: 4e95e745-67e8-4a85-89c2-af6be362536d, [1mmethod[0m: POST, [1mpath[0m: /login

  [2m2026-08-26T07:06:38.478277Z[0m [32m INFO[0m [1;32mweb_api::core::handler::auth::login[0m[32m: [32mBackoffice login attempt[0m
    [2;3mat[0m apps/web-api/src/core/handler/auth/login.rs:34 [2;3mon[0m ThreadId(5)
    [2;3min[0m web_api::core::handler::auth::login::[1mlogin[0m [2;3mwith[0m [1maccount_kind[0m: Admin
    [2;3min[0m web_api::core::tracing::middleware::[1mhttp_request[0m [2;3mwith[0m [1mtrace_id[0m: 4e95e745-67e8-4a85-89c2-af6be362536d, [1mmethod[0m: POST, [1mpath[0m: /login

  [2m2026-08-26T07:06:38.683900Z[0m [32m INFO[0m [1;32mweb_api::core::handler::auth::login[0m[32m: [32mLogin successful for account: admin[0m
    [2;3mat[0m apps/web-api/src/core/handler/auth/login.rs:80 [2;3mon[0m ThreadId(6)
    [2;3min[0m web_api::core::handler::auth::login::[1mlogin[0m [2;3mwith[0m [1maccount_kind[0m: Admin
    [2;3min[0m web_api::core::tracing::middleware::[1mhttp_request[0m [2;3mwith[0m [1mtrace_id[0m: 4e95e745-67e8-4a85-89c2-af6be362536d, [1mmethod[0m: POST, [1mpath[0m: /login

  [2m2026-08-26T07:06:38.696125Z[0m [32m INFO[0m [1;32mweb_api::core::handler::auth::login[0m[32m: [32mclose, [1;32mtime.busy[0m[32m: 908µs, [1;32mtime.idle[0m[32m: 217ms[0m
    [2;3mat[0m apps/web-api/src/core/handler/auth/login.rs:24 [2;3mon[0m ThreadId(5)
    [2;3min[0m web_api::core::handler::auth::login::[1mlogin[0m [2;3mwith[0m [1maccount_kind[0m: Admin
    [2;3min[0m web_api::core::tracing::middleware::[1mhttp_request[0m [2;3mwith[0m [1mtrace_id[0m: 4e95e745-67e8-4a85-89c2-af6be362536d, [1mmethod[0m: POST, [1mpath[0m: /login

  [2m2026-08-26T07:06:38.696234Z[0m [32m INFO[0m [1;32mhttp[0m[32m: [32mRequest completed, [1;32mtrace_id[0m[32m: 4e95e745-67e8-4a85-89c2-af6be362536d, [1;32mmethod[0m[32m: POST, [1;32mpath[0m[32m: /login, [1;32mstatus[0m[32m: 200, [1;32mlatency_ms[0m[32m: 218[0m
    [2;3mat[0m apps/web-api/src/core/tracing/middleware.rs:58 [2;3mon[0m ThreadId(5)
    [2;3min[0m web_api::core::tracing::middleware::[1mhttp_request[0m [2;3mwith[0m [1mtrace_id[0m: 4e95e745-67e8-4a85-89c2-af6be362536d, [1mmethod[0m: POST, [1mpath[0m: /login, [1mstatus_code[0m: 200, [1mlatency_ms[0m: 218

  [2m2026-08-26T07:06:38.696254Z[0m [32m INFO[0m [1;32mweb_api::core::tracing::middleware[0m[32m: [32mclose, [1;32mtime.busy[0m[32m: 218ms, [1;32mtime.idle[0m[32m: 61.8µs[0m
    [2;3mat[0m apps/web-api/src/core/tracing/middleware.rs:38 [2;3mon[0m ThreadId(5)
    [2;3min[0m web_api::core::tracing::middleware::[1mhttp_request[0m [2;3mwith[0m [1mtrace_id[0m: 4e95e745-67e8-4a85-89c2-af6be362536d, [1mmethod[0m: POST, [1mpath[0m: /login, [1mstatus_code[0m: 200, [1mlatency_ms[0m: 218

  [2m2026-08-26T07:06:38.700251Z[0m [32m INFO[0m [1;32mweb_api::core::tracing::middleware[0m[32m: [32mnew[0m
    [2;3mat[0m apps/web-api/src/core/tracing/middleware.rs:38 [2;3mon[0m ThreadId(6)
    [2;3min[0m web_api::core::tracing::middleware::[1mhttp_request[0m [2;3mwith[0m [1mtrace_id[0m: afc14716-5236-4385-88f8-093980f1f0ab, [1mmethod[0m: POST, [1mpath[0m: /login

  [2m2026-08-26T07:06:38.700360Z[0m [32m INFO[0m [1;32mweb_api::core::handler::auth::login[0m[32m: [32mnew[0m
    [2;3mat[0m apps/web-api/src/core/handler/auth/login.rs:24 [2;3mon[0m ThreadId(6)
    [2;3min[0m web_api::core::handler::auth::login::[1mlogin[0m [2;3mwith[0m [1maccount_kind[0m: Admin
    [2;3min[0m web_api::core::tracing::middleware::[1mhttp_request[0m [2;3mwith[0m [1mtrace_id[0m: afc14716-5236-4385-88f8-093980f1f0ab, [1mmethod[0m: POST, [1mpath[0m: /login

  [2m2026-08-26T07:06:38.700391Z[0m [32m INFO[0m [1;32mweb_api::core::handler::auth::login[0m[32m: [32mBackoffice login attempt[0m
    [2;3mat[0m apps/web-api/src/core/handler/auth/login.rs:34 [2;3mon[0m ThreadId(6)
    [2;3min[0m web_api::core::handler::auth::login::[1mlogin[0m [2;3mwith[0m [1maccount_kind[0m: Admin
    [2;3min[0m web_api::core::tracing::middleware::[1mhttp_request[0m [2;3mwith[0m [1mtrace_id[0m: afc14716-5236-4385-88f8-093980f1f0ab, [1mmethod[0m: POST, [1mpath[0m: /login

  [2m2026-08-26T07:06:38.899505Z[0m [32m INFO[0m [1;32mweb_api::core::handler::auth::login[0m[32m: [32mLogin successful for account: xiaoshou[0m
    [2;3mat[0m apps/web-api/src/core/handler/auth/login.rs:80 [2;3mon[0m ThreadId(6)
    [2;3min[0m web_api::core::handler::auth::login::[1mlogin[0m [2;3mwith[0m [1maccount_kind[0m: Admin
    [2;3min[0m web_api::core::tracing::middleware::[1mhttp_request[0m [2;3mwith[0m [1mtrace_id[0m: afc14716-5236-4385-88f8-093980f1f0ab, [1mmethod[0m: POST, [1mpath[0m: /login

  [2m2026-08-26T07:06:38.915529Z[0m [32m INFO[0m [1;32mweb_api::core::handler::auth::login[0m[32m: [32mclose, [1;32mtime.busy[0m[32m: 864µs, [1;32mtime.idle[0m[32m: 214ms[0m
    [2;3mat[0m apps/web-api/src/core/handler/auth/login.rs:24 [2;3mon[0m ThreadId(11)
    [2;3min[0m web_api::core::handler::auth::login::[1mlogin[0m [2;3mwith[0m [1maccount_kind[0m: Admin
    [2;3min[0m web_api::core::tracing::middleware::[1mhttp_request[0m [2;3mwith[0m [1mtrace_id[0m: afc14716-5236-4385-88f8-093980f1f0ab, [1mmethod[0m: POST, [1mpath[0m: /login

  [2m2026-08-26T07:06:38.915625Z[0m [32m INFO[0m [1;32mhttp[0m[32m: [32mRequest completed, [1;32mtrace_id[0m[32m: afc14716-5236-4385-88f8-093980f1f0ab, [1;32mmethod[0m[32m: POST, [1;32mpath[0m[32m: /login, [1;32mstatus[0m[32m: 200, [1;32mlatency_ms[0m[32m: 215[0m
    [2;3mat[0m apps/web-api/src/core/tracing/middleware.rs:58 [2;3mon[0m ThreadId(11)

  [2m2026-08-26T07:06:38.915643Z[0m [32m INFO[0m [1;32mweb_api::core::tracing::middleware[0m[32m: [32mclose, [1;32mtime.busy[0m[32m: 215ms, [1;32mtime.idle[0m[32m: 53.5µs[0m
    [2;3mat[0m apps/web-api/src/core/tracing/middleware.rs:38 [2;3mon[0m ThreadId(11)
    [2;3min[0m web_api::core::tracing::middleware::[1mhttp_request[0m [2;3mwith[0m [1mtrace_id[0m: afc14716-5236-4385-88f8-093980f1f0ab, [1mmethod[0m: POST, [1mpath[0m: /login, [1mstatus_code[0m: 200, [1mlatency_ms[0m: 215

  [2m2026-08-26T07:06:38.917965Z[0m [32m INFO[0m [1;32mweb_api::core::tracing::middleware[0m[32m: [32mnew[0m
    [2;3mat[0m apps/web-api/src/core/tracing/middleware.rs:38 [2;3mon[0m ThreadId(6)
    [2;3min[0m web_api::core::tracing::middleware::[1mhttp_request[0m [2;3mwith[0m [1mtrace_id[0m: d7a01480-b25d-40be-804d-a702e199280f, [1mmethod[0m: GET, [1mpath[0m: /account/profile

  [2m2026-08-26T07:06:38.929807Z[0m [32m INFO[0m [1;32mweb_api::core::middleware::authentication[0m[32m: [32mAuthorization success[0m
    [2;3mat[0m apps/web-api/src/core/middleware/authentication.rs:49 [2;3mon[0m ThreadId(6)
    [2;3min[0m web_api::core::tracing::middleware::[1mhttp_request[0m [2;3mwith[0m [1mtrace_id[0m: d7a01480-b25d-40be-804d-a702e199280f, [1mmethod[0m: GET, [1mpath[0m: /account/profile

  [2m2026-08-26T07:06:38.968014Z[0m [32m INFO[0m [1;32mhttp[0m[32m: [32mRequest completed, [1;32mtrace_id[0m[32m: d7a01480-b25d-40be-804d-a702e199280f, [1;32mmethod[0m[32m: GET, [1;32mpath[0m[32m: /account/profile, [1;32mstatus[0m[32m: 200, [1;32mlatency_ms[0m[32m: 50[0m
    [2;3mat[0m apps/web-api/src/core/tracing/middleware.rs:58 [2;3mon[0m ThreadId(11)

  [2m2026-08-26T07:06:38.968071Z[0m [32m INFO[0m [1;32mweb_api::core::tracing::middleware[0m[32m: [32mclose, [1;32mtime.busy[0m[32m: 50.1ms, [1;32mtime.idle[0m[32m: 17.5µs[0m
    [2;3mat[0m apps/web-api/src/core/tracing/middleware.rs:38 [2;3mon[0m ThreadId(11)
    [2;3min[0m web_api::core::tracing::middleware::[1mhttp_request[0m [2;3mwith[0m [1mtrace_id[0m: d7a01480-b25d-40be-804d-a702e199280f, [1mmethod[0m: GET, [1mpath[0m: /account/profile, [1mstatus_code[0m: 200, [1mlatency_ms[0m: 50

  [2m2026-08-26T07:06:38.972437Z[0m [32m INFO[0m [1;32mweb_api::core::tracing::middleware[0m[32m: [32mnew[0m
    [2;3mat[0m apps/web-api/src/core/tracing/middleware.rs:38 [2;3mon[0m ThreadId(6)
    [2;3min[0m web_api::core::tracing::middleware::[1mhttp_request[0m [2;3mwith[0m [1mtrace_id[0m: db777b63-f84d-4693-8e5a-e360b0e53fc3, [1mmethod[0m: GET, [1mpath[0m: /admin/customers/all-authorized

  [2m2026-08-26T07:06:38.987754Z[0m [32m INFO[0m [1;32mweb_api::core::middleware::authentication[0m[32m: [32mAuthorization success[0m
    [2;3mat[0m apps/web-api/src/core/middleware/authentication.rs:49 [2;3mon[0m ThreadId(2)

  [2m2026-08-26T07:06:39.085201Z[0m [32m INFO[0m [1;32mhttp[0m[32m: [32mRequest completed, [1;32mtrace_id[0m[32m: db777b63-f84d-4693-8e5a-e360b0e53fc3, [1;32mmethod[0m[32m: GET, [1;32mpath[0m[32m: /admin/customers/all-authorized, [1;32mstatus[0m[32m: 200, [1;32mlatency_ms[0m[32m: 112[0m
    [2;3mat[0m apps/web-api/src/core/tracing/middleware.rs:58 [2;3mon[0m ThreadId(2)

  [2m2026-08-26T07:06:39.085267Z[0m [32m INFO[0m [1;32mweb_api::core::tracing::middleware[0m[32m: [32mclose, [1;32mtime.busy[0m[32m: 113ms, [1;32mtime.idle[0m[32m: 28.0µs[0m
    [2;3mat[0m apps/web-api/src/core/tracing/middleware.rs:38 [2;3mon[0m ThreadId(2)
    [2;3min[0m web_api::core::tracing::middleware::[1mhttp_request[0m [2;3mwith[0m [1mtrace_id[0m: db777b63-f84d-4693-8e5a-e360b0e53fc3, [1mmethod[0m: GET, [1mpath[0m: /admin/customers/all-authorized, [1mstatus_code[0m: 200, [1mlatency_ms[0m: 112

  [2m2026-08-26T07:06:39.090678Z[0m [32m INFO[0m [1;32mweb_api::core::tracing::middleware[0m[32m: [32mnew[0m
    [2;3mat[0m apps/web-api/src/core/tracing/middleware.rs:38 [2;3mon[0m ThreadId(6)
    [2;3min[0m web_api::core::tracing::middleware::[1mhttp_request[0m [2;3mwith[0m [1mtrace_id[0m: 8d5e5f44-936a-4cfe-bbda-59f6ec4d1141, [1mmethod[0m: POST, [1mpath[0m: /admin/customer-profiles

  [2m2026-08-26T07:06:39.102958Z[0m [32m INFO[0m [1;32mweb_api::core::middleware::authentication[0m[32m: [32mAuthorization success[0m
    [2;3mat[0m apps/web-api/src/core/middleware/authentication.rs:49 [2;3mon[0m ThreadId(6)
    [2;3min[0m web_api::core::tracing::middleware::[1mhttp_request[0m [2;3mwith[0m [1mtrace_id[0m: 8d5e5f44-936a-4cfe-bbda-59f6ec4d1141, [1mmethod[0m: POST, [1mpath[0m: /admin/customer-profiles

  [2m2026-08-26T07:06:39.276435Z[0m [32m INFO[0m [1;32mhttp[0m[32m: [32mRequest completed, [1;32mtrace_id[0m[32m: 8d5e5f44-936a-4cfe-bbda-59f6ec4d1141, [1;32mmethod[0m[32m: POST, [1;32mpath[0m[32m: /admin/customer-profiles, [1;32mstatus[0m[32m: 403, [1;32mlatency_ms[0m[32m: 185[0m
    [2;3mat[0m apps/web-api/src/core/tracing/middleware.rs:58 [2;3mon[0m ThreadId(5)

  [2m2026-08-26T07:06:39.276543Z[0m [32m INFO[0m [1;32mweb_api::core::tracing::middleware[0m[32m: [32mclose, [1;32mtime.busy[0m[32m: 186ms, [1;32mtime.idle[0m[32m: 50.2µs[0m
    [2;3mat[0m apps/web-api/src/core/tracing/middleware.rs:38 [2;3mon[0m ThreadId(5)
    [2;3min[0m web_api::core::tracing::middleware::[1mhttp_request[0m [2;3mwith[0m [1mtrace_id[0m: 8d5e5f44-936a-4cfe-bbda-59f6ec4d1141, [1mmethod[0m: POST, [1mpath[0m: /admin/customer-profiles, [1mstatus_code[0m: 403, [1mlatency_ms[0m: 185

  [2m2026-08-26T07:06:39.280679Z[0m [32m INFO[0m [1;32mweb_api::core::tracing::middleware[0m[32m: [32mnew[0m
    [2;3mat[0m apps/web-api/src/core/tracing/middleware.rs:38 [2;3mon[0m ThreadId(2)
    [2;3min[0m web_api::core::tracing::middleware::[1mhttp_request[0m [2;3mwith[0m [1mtrace_id[0m: d0ad1b29-deec-46a0-9267-09990325652b, [1mmethod[0m: POST, [1mpath[0m: /admin/customer-profiles

  [2m2026-08-26T07:06:39.295018Z[0m [32m INFO[0m [1;32mweb_api::core::middleware::authentication[0m[32m: [32mAuthorization success[0m
    [2;3mat[0m apps/web-api/src/core/middleware/authentication.rs:49 [2;3mon[0m ThreadId(2)
    [2;3min[0m web_api::core::tracing::middleware::[1mhttp_request[0m [2;3mwith[0m [1mtrace_id[0m: d0ad1b29-deec-46a0-9267-09990325652b, [1mmethod[0m: POST, [1mpath[0m: /admin/customer-profiles

  [2m2026-08-26T07:06:39.590536Z[0m [32m INFO[0m [1;32mhttp[0m[32m: [32mRequest completed, [1;32mtrace_id[0m[32m: d0ad1b29-deec-46a0-9267-09990325652b, [1;32mmethod[0m[32m: POST, [1;32mpath[0m[32m: /admin/customer-profiles, [1;32mstatus[0m[32m: 200, [1;32mlatency_ms[0m[32m: 309[0m
    [2;3mat[0m apps/web-api/src/core/tracing/middleware.rs:58 [2;3mon[0m ThreadId(2)
    [2;3min[0m web_api::core::tracing::middleware::[1mhttp_request[0m [2;3mwith[0m [1mtrace_id[0m: d0ad1b29-deec-46a0-9267-09990325652b, [1mmethod[0m: POST, [1mpath[0m: /admin/customer-profiles, [1mstatus_code[0m: 200, [1mlatency_ms[0m: 309

  [2m2026-08-26T07:06:39.590849Z[0m [32m INFO[0m [1;32mweb_api::core::tracing::middleware[0m[32m: [32mclose, [1;32mtime.busy[0m[32m: 310ms, [1;32mtime.idle[0m[32m: 65.2µs[0m
    [2;3mat[0m apps/web-api/src/core/tracing/middleware.rs:38 [2;3mon[0m ThreadId(2)
    [2;3min[0m web_api::core::tracing::middleware::[1mhttp_request[0m [2;3mwith[0m [1mtrace_id[0m: d0ad1b29-deec-46a0-9267-09990325652b, [1mmethod[0m: POST, [1mpath[0m: /admin/customer-profiles, [1mstatus_code[0m: 200, [1mlatency_ms[0m: 309

  [2m2026-08-26T07:06:39.596044Z[0m [32m INFO[0m [1;32mweb_api::core::tracing::middleware[0m[32m: [32mnew[0m
    [2;3mat[0m apps/web-api/src/core/tracing/middleware.rs:38 [2;3mon[0m ThreadId(5)
    [2;3min[0m web_api::core::tracing::middleware::[1mhttp_request[0m [2;3mwith[0m [1mtrace_id[0m: 1ae247b7-78e5-4858-bb8b-27d867fae123, [1mmethod[0m: GET, [1mpath[0m: /admin/customer-profiles/57bd16d7e5d64f28ae7d91d62c0e184b

  [2m2026-08-26T07:06:39.610126Z[0m [32m INFO[0m [1;32mweb_api::core::middleware::authentication[0m[32m: [32mAuthorization success[0m
    [2;3mat[0m apps/web-api/src/core/middleware/authentication.rs:49 [2;3mon[0m ThreadId(5)
    [2;3min[0m web_api::core::tracing::middleware::[1mhttp_request[0m [2;3mwith[0m [1mtrace_id[0m: 1ae247b7-78e5-4858-bb8b-27d867fae123, [1mmethod[0m: GET, [1mpath[0m: /admin/customer-profiles/57bd16d7e5d64f28ae7d91d62c0e184b

  [2m2026-08-26T07:06:40.104853Z[0m [32m INFO[0m [1;32mhttp[0m[32m: [32mRequest completed, [1;32mtrace_id[0m[32m: 1ae247b7-78e5-4858-bb8b-27d867fae123, [1;32mmethod[0m[32m: GET, [1;32mpath[0m[32m: /admin/customer-profiles/57bd16d7e5d64f28ae7d91d62c0e184b, [1;32mstatus[0m[32m: 200, [1;32mlatency_ms[0m[32m: 508[0m
    [2;3mat[0m apps/web-api/src/core/tracing/middleware.rs:58 [2;3mon[0m ThreadId(6)

  [2m2026-08-26T07:06:40.104991Z[0m [32m INFO[0m [1;32mweb_api::core::tracing::middleware[0m[32m: [32mclose, [1;32mtime.busy[0m[32m: 509ms, [1;32mtime.idle[0m[32m: 145µs[0m
    [2;3mat[0m apps/web-api/src/core/tracing/middleware.rs:38 [2;3mon[0m ThreadId(6)
    [2;3min[0m web_api::core::tracing::middleware::[1mhttp_request[0m [2;3mwith[0m [1mtrace_id[0m: 1ae247b7-78e5-4858-bb8b-27d867fae123, [1mmethod[0m: GET, [1mpath[0m: /admin/customer-profiles/57bd16d7e5d64f28ae7d91d62c0e184b, [1mstatus_code[0m: 200, [1mlatency_ms[0m: 508

  [2m2026-08-26T07:06:40.110011Z[0m [32m INFO[0m [1;32mweb_api::core::tracing::middleware[0m[32m: [32mnew[0m
    [2;3mat[0m apps/web-api/src/core/tracing/middleware.rs:38 [2;3mon[0m ThreadId(2)
    [2;3min[0m web_api::core::tracing::middleware::[1mhttp_request[0m [2;3mwith[0m [1mtrace_id[0m: 97f0bde3-6cf9-42e2-8d02-43b33bc19cd4, [1mmethod[0m: POST, [1mpath[0m: /admin/customers/57bd16d7e5d64f28ae7d91d62c0e184b/assignments

  [2m2026-08-26T07:06:40.122755Z[0m [32m INFO[0m [1;32mweb_api::core::middleware::authentication[0m[32m: [32mAuthorization success[0m
    [2;3mat[0m apps/web-api/src/core/middleware/authentication.rs:49 [2;3mon[0m ThreadId(2)
    [2;3min[0m web_api::core::tracing::middleware::[1mhttp_request[0m [2;3mwith[0m [1mtrace_id[0m: 97f0bde3-6cf9-42e2-8d02-43b33bc19cd4, [1mmethod[0m: POST, [1mpath[0m: /admin/customers/57bd16d7e5d64f28ae7d91d62c0e184b/assignments

  [2m2026-08-26T07:06:40.334068Z[0m [32m INFO[0m [1;32mhttp[0m[32m: [32mRequest completed, [1;32mtrace_id[0m[32m: 97f0bde3-6cf9-42e2-8d02-43b33bc19cd4, [1;32mmethod[0m[32m: POST, [1;32mpath[0m[32m: /admin/customers/57bd16d7e5d64f28ae7d91d62c0e184b/assignments, [1;32mstatus[0m[32m: 200, [1;32mlatency_ms[0m[32m: 223[0m
    [2;3mat[0m apps/web-api/src/core/tracing/middleware.rs:58 [2;3mon[0m ThreadId(6)

  [2m2026-08-26T07:06:40.334260Z[0m [32m INFO[0m [1;32mweb_api::core::tracing::middleware[0m[32m: [32mclose, [1;32mtime.busy[0m[32m: 224ms, [1;32mtime.idle[0m[32m: 142µs[0m
    [2;3mat[0m apps/web-api/src/core/tracing/middleware.rs:38 [2;3mon[0m ThreadId(6)
    [2;3min[0m web_api::core::tracing::middleware::[1mhttp_request[0m [2;3mwith[0m [1mtrace_id[0m: 97f0bde3-6cf9-42e2-8d02-43b33bc19cd4, [1mmethod[0m: POST, [1mpath[0m: /admin/customers/57bd16d7e5d64f28ae7d91d62c0e184b/assignments, [1mstatus_code[0m: 200, [1mlatency_ms[0m: 223

  [2m2026-08-26T07:06:40.339054Z[0m [32m INFO[0m [1;32mweb_api::core::tracing::middleware[0m[32m: [32mnew[0m
    [2;3mat[0m apps/web-api/src/core/tracing/middleware.rs:38 [2;3mon[0m ThreadId(5)
    [2;3min[0m web_api::core::tracing::middleware::[1mhttp_request[0m [2;3mwith[0m [1mtrace_id[0m: a968059b-28f7-4f95-a0c0-a2deeebb249f, [1mmethod[0m: GET, [1mpath[0m: /admin/customer-profiles/57bd16d7e5d64f28ae7d91d62c0e184b

  [2m2026-08-26T07:06:40.352382Z[0m [32m INFO[0m [1;32mweb_api::core::middleware::authentication[0m[32m: [32mAuthorization success[0m
    [2;3mat[0m apps/web-api/src/core/middleware/authentication.rs:49 [2;3mon[0m ThreadId(5)
    [2;3min[0m web_api::core::tracing::middleware::[1mhttp_request[0m [2;3mwith[0m [1mtrace_id[0m: a968059b-28f7-4f95-a0c0-a2deeebb249f, [1mmethod[0m: GET, [1mpath[0m: /admin/customer-profiles/57bd16d7e5d64f28ae7d91d62c0e184b

  [2m2026-08-26T07:06:40.853103Z[0m [32m INFO[0m [1;32mhttp[0m[32m: [32mRequest completed, [1;32mtrace_id[0m[32m: a968059b-28f7-4f95-a0c0-a2deeebb249f, [1;32mmethod[0m[32m: GET, [1;32mpath[0m[32m: /admin/customer-profiles/57bd16d7e5d64f28ae7d91d62c0e184b, [1;32mstatus[0m[32m: 200, [1;32mlatency_ms[0m[32m: 514[0m
    [2;3mat[0m apps/web-api/src/core/tracing/middleware.rs:58 [2;3mon[0m ThreadId(2)

  [2m2026-08-26T07:06:40.853262Z[0m [32m INFO[0m [1;32mweb_api::core::tracing::middleware[0m[32m: [32mclose, [1;32mtime.busy[0m[32m: 514ms, [1;32mtime.idle[0m[32m: 183µs[0m
    [2;3mat[0m apps/web-api/src/core/tracing/middleware.rs:38 [2;3mon[0m ThreadId(2)
    [2;3min[0m web_api::core::tracing::middleware::[1mhttp_request[0m [2;3mwith[0m [1mtrace_id[0m: a968059b-28f7-4f95-a0c0-a2deeebb249f, [1mmethod[0m: GET, [1mpath[0m: /admin/customer-profiles/57bd16d7e5d64f28ae7d91d62c0e184b, [1mstatus_code[0m: 200, [1mlatency_ms[0m: 514

  [2m2026-08-26T07:06:40.859001Z[0m [32m INFO[0m [1;32mweb_api::core::tracing::middleware[0m[32m: [32mnew[0m
    [2;3mat[0m apps/web-api/src/core/tracing/middleware.rs:38 [2;3mon[0m ThreadId(11)
    [2;3min[0m web_api::core::tracing::middleware::[1mhttp_request[0m [2;3mwith[0m [1mtrace_id[0m: b5bf11dc-d5ca-4af6-ab90-20b4e71bec2f, [1mmethod[0m: GET, [1mpath[0m: /admin/contracts

  [2m2026-08-26T07:06:40.886487Z[0m [32m INFO[0m [1;32mweb_api::core::middleware::authentication[0m[32m: [32mAuthorization success[0m
    [2;3mat[0m apps/web-api/src/core/middleware/authentication.rs:49 [2;3mon[0m ThreadId(11)
    [2;3min[0m web_api::core::tracing::middleware::[1mhttp_request[0m [2;3mwith[0m [1mtrace_id[0m: b5bf11dc-d5ca-4af6-ab90-20b4e71bec2f, [1mmethod[0m: GET, [1mpath[0m: /admin/contracts

  [2m2026-08-26T07:06:40.929694Z[0m [32m INFO[0m [1;32mhttp[0m[32m: [32mRequest completed, [1;32mtrace_id[0m[32m: b5bf11dc-d5ca-4af6-ab90-20b4e71bec2f, [1;32mmethod[0m[32m: GET, [1;32mpath[0m[32m: /admin/contracts, [1;32mstatus[0m[32m: 200, [1;32mlatency_ms[0m[32m: 70[0m
    [2;3mat[0m apps/web-api/src/core/tracing/middleware.rs:58 [2;3mon[0m ThreadId(11)
    [2;3min[0m web_api::core::tracing::middleware::[1mhttp_request[0m [2;3mwith[0m [1mtrace_id[0m: b5bf11dc-d5ca-4af6-ab90-20b4e71bec2f, [1mmethod[0m: GET, [1mpath[0m: /admin/contracts, [1mstatus_code[0m: 200, [1mlatency_ms[0m: 70

  [2m2026-08-26T07:06:40.929818Z[0m [32m INFO[0m [1;32mweb_api::core::tracing::middleware[0m[32m: [32mclose, [1;32mtime.busy[0m[32m: 70.6ms, [1;32mtime.idle[0m[32m: 192µs[0m
    [2;3mat[0m apps/web-api/src/core/tracing/middleware.rs:38 [2;3mon[0m ThreadId(11)
    [2;3min[0m web_api::core::tracing::middleware::[1mhttp_request[0m [2;3mwith[0m [1mtrace_id[0m: b5bf11dc-d5ca-4af6-ab90-20b4e71bec2f, [1mmethod[0m: GET, [1mpath[0m: /admin/contracts, [1mstatus_code[0m: 200, [1mlatency_ms[0m: 70

  [2m2026-08-26T07:06:40.936187Z[0m [32m INFO[0m [1;32mweb_api::core::tracing::middleware[0m[32m: [32mnew[0m
    [2;3mat[0m apps/web-api/src/core/tracing/middleware.rs:38 [2;3mon[0m ThreadId(11)
    [2;3min[0m web_api::core::tracing::middleware::[1mhttp_request[0m [2;3mwith[0m [1mtrace_id[0m: 5bc035f7-e7c5-4132-afcc-dc4e3cb89f12, [1mmethod[0m: POST, [1mpath[0m: /admin/contracts/upload

  [2m2026-08-26T07:06:40.951727Z[0m [32m INFO[0m [1;32mweb_api::core::middleware::authentication[0m[32m: [32mAuthorization success[0m
    [2;3mat[0m apps/web-api/src/core/middleware/authentication.rs:49 [2;3mon[0m ThreadId(11)
    [2;3min[0m web_api::core::tracing::middleware::[1mhttp_request[0m [2;3mwith[0m [1mtrace_id[0m: 5bc035f7-e7c5-4132-afcc-dc4e3cb89f12, [1mmethod[0m: POST, [1mpath[0m: /admin/contracts/upload

  [2m2026-08-26T07:06:41.425048Z[0m [32m INFO[0m [1;32mhttp[0m[32m: [32mRequest completed, [1;32mtrace_id[0m[32m: 5bc035f7-e7c5-4132-afcc-dc4e3cb89f12, [1;32mmethod[0m[32m: POST, [1;32mpath[0m[32m: /admin/contracts/upload, [1;32mstatus[0m[32m: 200, [1;32mlatency_ms[0m[32m: 488[0m
    [2;3mat[0m apps/web-api/src/core/tracing/middleware.rs:58 [2;3mon[0m ThreadId(5)

  [2m2026-08-26T07:06:41.425152Z[0m [32m INFO[0m [1;32mweb_api::core::tracing::middleware[0m[32m: [32mclose, [1;32mtime.busy[0m[32m: 489ms, [1;32mtime.idle[0m[32m: 150µs[0m
    [2;3mat[0m apps/web-api/src/core/tracing/middleware.rs:38 [2;3mon[0m ThreadId(5)
    [2;3min[0m web_api::core::tracing::middleware::[1mhttp_request[0m [2;3mwith[0m [1mtrace_id[0m: 5bc035f7-e7c5-4132-afcc-dc4e3cb89f12, [1mmethod[0m: POST, [1mpath[0m: /admin/contracts/upload, [1mstatus_code[0m: 200, [1mlatency_ms[0m: 488

  [2m2026-08-26T07:06:41.429229Z[0m [32m INFO[0m [1;32mweb_api::core::tracing::middleware[0m[32m: [32mnew[0m
    [2;3mat[0m apps/web-api/src/core/tracing/middleware.rs:38 [2;3mon[0m ThreadId(2)
    [2;3min[0m web_api::core::tracing::middleware::[1mhttp_request[0m [2;3mwith[0m [1mtrace_id[0m: 77779b23-c540-4413-bc83-d37f46eb1c33, [1mmethod[0m: GET, [1mpath[0m: /admin/sellable-skus

  [2m2026-08-26T07:06:41.430724Z[0m [32m INFO[0m [1;32mweb_api::core::tracing::middleware[0m[32m: [32mnew[0m
    [2;3mat[0m apps/web-api/src/core/tracing/middleware.rs:38 [2;3mon[0m ThreadId(5)
    [2;3min[0m web_api::core::tracing::middleware::[1mhttp_request[0m [2;3mwith[0m [1mtrace_id[0m: f6d5709c-a662-426b-8938-bd40e1b95afd, [1mmethod[0m: GET, [1mpath[0m: /admin/sellable-skus

  [2m2026-08-26T07:06:41.430724Z[0m [32m INFO[0m [1;32mweb_api::core::tracing::middleware[0m[32m: [32mnew[0m
    [2;3mat[0m apps/web-api/src/core/tracing/middleware.rs:38 [2;3mon[0m ThreadId(2)
    [2;3min[0m web_api::core::tracing::middleware::[1mhttp_request[0m [2;3mwith[0m [1mtrace_id[0m: c0f9748f-9772-4fee-adf5-19f8fda6c4b9, [1mmethod[0m: GET, [1mpath[0m: /admin/sellable-skus
    [2;3min[0m web_api::core::tracing::middleware::[1mhttp_request[0m [2;3mwith[0m [1mtrace_id[0m: 77779b23-c540-4413-bc83-d37f46eb1c33, [1mmethod[0m: GET, [1mpath[0m: /admin/sellable-skus

  [2m2026-08-26T07:06:41.441539Z[0m [32m INFO[0m [1;32mweb_api::core::middleware::authentication[0m[32m: [32mAuthorization success[0m
    [2;3mat[0m apps/web-api/src/core/middleware/authentication.rs:49 [2;3mon[0m ThreadId(5)
    [2;3min[0m web_api::core::tracing::middleware::[1mhttp_request[0m [2;3mwith[0m [1mtrace_id[0m: f6d5709c-a662-426b-8938-bd40e1b95afd, [1mmethod[0m: GET, [1mpath[0m: /admin/sellable-skus

  [2m2026-08-26T07:06:41.442684Z[0m [32m INFO[0m [1;32mweb_api::core::middleware::authentication[0m[32m: [32mAuthorization success[0m
    [2;3mat[0m apps/web-api/src/core/middleware/authentication.rs:49 [2;3mon[0m ThreadId(11)

  [2m2026-08-26T07:06:41.495394Z[0m [32m INFO[0m [1;32mweb_api::core::middleware::authentication[0m[32m: [32mAuthorization success[0m
    [2;3mat[0m apps/web-api/src/core/middleware/authentication.rs:49 [2;3mon[0m ThreadId(3)

  [2m2026-08-26T07:06:41.495919Z[0m [32m INFO[0m [1;32mhttp[0m[32m: [32mRequest completed, [1;32mtrace_id[0m[32m: 77779b23-c540-4413-bc83-d37f46eb1c33, [1;32mmethod[0m[32m: GET, [1;32mpath[0m[32m: /admin/sellable-skus, [1;32mstatus[0m[32m: 200, [1;32mlatency_ms[0m[32m: 66[0m
    [2;3mat[0m apps/web-api/src/core/tracing/middleware.rs:58 [2;3mon[0m ThreadId(5)
    [2;3min[0m web_api::core::tracing::middleware::[1mhttp_request[0m [2;3mwith[0m [1mtrace_id[0m: f6d5709c-a662-426b-8938-bd40e1b95afd, [1mmethod[0m: GET, [1mpath[0m: /admin/sellable-skus

  [2m2026-08-26T07:06:41.495919Z[0m [32m INFO[0m [1;32mhttp[0m[32m: [32mRequest completed, [1;32mtrace_id[0m[32m: c0f9748f-9772-4fee-adf5-19f8fda6c4b9, [1;32mmethod[0m[32m: GET, [1;32mpath[0m[32m: /admin/sellable-skus, [1;32mstatus[0m[32m: 200, [1;32mlatency_ms[0m[32m: 65[0m
    [2;3mat[0m apps/web-api/src/core/tracing/middleware.rs:58 [2;3mon[0m ThreadId(2)
    [2;3min[0m web_api::core::tracing::middleware::[1mhttp_request[0m [2;3mwith[0m [1mtrace_id[0m: c0f9748f-9772-4fee-adf5-19f8fda6c4b9, [1mmethod[0m: GET, [1mpath[0m: /admin/sellable-skus, [1mstatus_code[0m: 200, [1mlatency_ms[0m: 65
    [2;3min[0m web_api::core::tracing::middleware::[1mhttp_request[0m [2;3mwith[0m [1mtrace_id[0m: 77779b23-c540-4413-bc83-d37f46eb1c33, [1mmethod[0m: GET, [1mpath[0m: /admin/sellable-skus, [1mstatus_code[0m: 200, [1mlatency_ms[0m: 66

  [2m2026-08-26T07:06:41.496041Z[0m [32m INFO[0m [1;32mweb_api::core::tracing::middleware[0m[32m: [32mclose, [1;32mtime.busy[0m[32m: 65.2ms, [1;32mtime.idle[0m[32m: 111µs[0m
    [2;3mat[0m apps/web-api/src/core/tracing/middleware.rs:38 [2;3mon[0m ThreadId(2)
    [2;3min[0m web_api::core::tracing::middleware::[1mhttp_request[0m [2;3mwith[0m [1mtrace_id[0m: c0f9748f-9772-4fee-adf5-19f8fda6c4b9, [1mmethod[0m: GET, [1mpath[0m: /admin/sellable-skus, [1mstatus_code[0m: 200, [1mlatency_ms[0m: 65
    [2;3min[0m web_api::core::tracing::middleware::[1mhttp_request[0m [2;3mwith[0m [1mtrace_id[0m: 77779b23-c540-4413-bc83-d37f46eb1c33, [1mmethod[0m: GET, [1mpath[0m: /admin/sellable-skus, [1mstatus_code[0m: 200, [1mlatency_ms[0m: 66

  [2m2026-08-26T07:06:41.496259Z[0m [32m INFO[0m [1;32mweb_api::core::tracing::middleware[0m[32m: [32mclose, [1;32mtime.busy[0m[32m: 66.6ms, [1;32mtime.idle[0m[32m: 416µs[0m
    [2;3mat[0m apps/web-api/src/core/tracing/middleware.rs:38 [2;3mon[0m ThreadId(2)
    [2;3min[0m web_api::core::tracing::middleware::[1mhttp_request[0m [2;3mwith[0m [1mtrace_id[0m: 77779b23-c540-4413-bc83-d37f46eb1c33, [1mmethod[0m: GET, [1mpath[0m: /admin/sellable-skus, [1mstatus_code[0m: 200, [1mlatency_ms[0m: 66

  [2m2026-08-26T07:06:41.529808Z[0m [32m INFO[0m [1;32mhttp[0m[32m: [32mRequest completed, [1;32mtrace_id[0m[32m: f6d5709c-a662-426b-8938-bd40e1b95afd, [1;32mmethod[0m[32m: GET, [1;32mpath[0m[32m: /admin/sellable-skus, [1;32mstatus[0m[32m: 200, [1;32mlatency_ms[0m[32m: 98[0m
    [2;3mat[0m apps/web-api/src/core/tracing/middleware.rs:58 [2;3mon[0m ThreadId(3)

  [2m2026-08-26T07:06:41.530034Z[0m [32m INFO[0m [1;32mweb_api::core::tracing::middleware[0m[32m: [32mclose, [1;32mtime.busy[0m[32m: 99.2ms, [1;32mtime.idle[0m[32m: 105µs[0m
    [2;3mat[0m apps/web-api/src/core/tracing/middleware.rs:38 [2;3mon[0m ThreadId(3)
    [2;3min[0m web_api::core::tracing::middleware::[1mhttp_request[0m [2;3mwith[0m [1mtrace_id[0m: f6d5709c-a662-426b-8938-bd40e1b95afd, [1mmethod[0m: GET, [1mpath[0m: /admin/sellable-skus, [1mstatus_code[0m: 200, [1mlatency_ms[0m: 98

