   0.131739708s  INFO prepare_target{force=false package_id=web-api v0.1.0 (/private/tmp/erp-domain-crate-00-measure/backend/apps/web-api) target="web_api"}: cargo::core::compiler::fingerprint: fingerprint error for web-api v0.1.0 (/private/tmp/erp-domain-crate-00-measure/backend/apps/web-api)/Check { test: false }/TargetInner { name_inferred: true, ..: lib_target("web_api", ["lib"], "/private/tmp/erp-domain-crate-00-measure/backend/apps/web-api/src/lib.rs", Edition2021) }
   0.131759375s  INFO prepare_target{force=false package_id=web-api v0.1.0 (/private/tmp/erp-domain-crate-00-measure/backend/apps/web-api) target="web_api"}: cargo::core::compiler::fingerprint:     err: failed to read `/private/tmp/erp-domain-crate-00-target-finance-check/debug/.fingerprint/web-api-baade10b8827dc4c/lib-web_api`

Caused by:
    No such file or directory (os error 2)
   0.132133958s  INFO prepare_target{force=false package_id=axum v0.8.9 target="axum"}: cargo::core::compiler::fingerprint: fingerprint error for axum v0.8.9/Check { test: false }/TargetInner { ..: lib_target("axum", ["lib"], "/Users/huangjiajiang/.cargo/registry/src/rsproxy.cn-e3de039b2554c837/axum-0.8.9/src/lib.rs", Edition2021) }
   0.132137791s  INFO prepare_target{force=false package_id=axum v0.8.9 target="axum"}: cargo::core::compiler::fingerprint:     err: failed to read `/private/tmp/erp-domain-crate-00-target-finance-check/debug/.fingerprint/axum-9e0c75129717be91/lib-axum`

Caused by:
    No such file or directory (os error 2)
   0.132253500s  INFO prepare_target{force=false package_id=axum-core v0.5.6 target="axum_core"}: cargo::core::compiler::fingerprint: fingerprint error for axum-core v0.5.6/Check { test: false }/TargetInner { ..: lib_target("axum_core", ["lib"], "/Users/huangjiajiang/.cargo/registry/src/rsproxy.cn-e3de039b2554c837/axum-core-0.5.6/src/lib.rs", Edition2021) }
   0.132257083s  INFO prepare_target{force=false package_id=axum-core v0.5.6 target="axum_core"}: cargo::core::compiler::fingerprint:     err: failed to read `/private/tmp/erp-domain-crate-00-target-finance-check/debug/.fingerprint/axum-core-7acdcc4f49ea9cd3/lib-axum_core`

Caused by:
    No such file or directory (os error 2)
   0.132322291s  INFO prepare_target{force=false package_id=bytes v1.11.1 target="bytes"}: cargo::core::compiler::fingerprint: fingerprint error for bytes v1.11.1/Check { test: false }/TargetInner { ..: lib_target("bytes", ["lib"], "/Users/huangjiajiang/.cargo/registry/src/rsproxy.cn-e3de039b2554c837/bytes-1.11.1/src/lib.rs", Edition2021) }
   0.132327791s  INFO prepare_target{force=false package_id=bytes v1.11.1 target="bytes"}: cargo::core::compiler::fingerprint:     err: failed to read `/private/tmp/erp-domain-crate-00-target-finance-check/debug/.fingerprint/bytes-b55528d87efabfa2/lib-bytes`

Caused by:
    No such file or directory (os error 2)
   0.132378375s  INFO prepare_target{force=false package_id=futures-core v0.3.34 target="futures_core"}: cargo::core::compiler::fingerprint: fingerprint error for futures-core v0.3.34/Check { test: false }/TargetInner { ..: lib_target("futures_core", ["lib"], "/Users/huangjiajiang/.cargo/registry/src/rsproxy.cn-e3de039b2554c837/futures-core-0.3.34/src/lib.rs", Edition2018) }
   0.132381208s  INFO prepare_target{force=false package_id=futures-core v0.3.34 target="futures_core"}: cargo::core::compiler::fingerprint:     err: failed to read `/private/tmp/erp-domain-crate-00-target-finance-check/debug/.fingerprint/futures-core-8cebf269449dea73/lib-futures_core`

Caused by:
    No such file or directory (os error 2)
   0.132438666s  INFO prepare_target{force=false package_id=http v1.4.0 target="http"}: cargo::core::compiler::fingerprint: fingerprint error for http v1.4.0/Check { test: false }/TargetInner { ..: lib_target("http", ["lib"], "/Users/huangjiajiang/.cargo/registry/src/rsproxy.cn-e3de039b2554c837/http-1.4.0/src/lib.rs", Edition2021) }
   0.132441208s  INFO prepare_target{force=false package_id=http v1.4.0 target="http"}: cargo::core::compiler::fingerprint:     err: failed to read `/private/tmp/erp-domain-crate-00-target-finance-check/debug/.fingerprint/http-36dd55e7276fe4e4/lib-http`

Caused by:
    No such file or directory (os error 2)
   0.132492666s  INFO prepare_target{force=false package_id=itoa v1.0.18 target="itoa"}: cargo::core::compiler::fingerprint: fingerprint error for itoa v1.0.18/Check { test: false }/TargetInner { ..: lib_target("itoa", ["lib"], "/Users/huangjiajiang/.cargo/registry/src/rsproxy.cn-e3de039b2554c837/itoa-1.0.18/src/lib.rs", Edition2021) }
   0.132495125s  INFO prepare_target{force=false package_id=itoa v1.0.18 target="itoa"}: cargo::core::compiler::fingerprint:     err: failed to read `/private/tmp/erp-domain-crate-00-target-finance-check/debug/.fingerprint/itoa-fc91ae8b8d7dcd1e/lib-itoa`

Caused by:
    No such file or directory (os error 2)
   0.132544791s  INFO prepare_target{force=false package_id=http-body v1.0.1 target="http_body"}: cargo::core::compiler::fingerprint: fingerprint error for http-body v1.0.1/Check { test: false }/TargetInner { ..: lib_target("http_body", ["lib"], "/Users/huangjiajiang/.cargo/registry/src/rsproxy.cn-e3de039b2554c837/http-body-1.0.1/src/lib.rs", Edition2018) }
   0.132547166s  INFO prepare_target{force=false package_id=http-body v1.0.1 target="http_body"}: cargo::core::compiler::fingerprint:     err: failed to read `/private/tmp/erp-domain-crate-00-target-finance-check/debug/.fingerprint/http-body-ae8dcd193de46c34/lib-http_body`

Caused by:
    No such file or directory (os error 2)
   0.132607291s  INFO prepare_target{force=false package_id=http-body-util v0.1.3 target="http_body_util"}: cargo::core::compiler::fingerprint: fingerprint error for http-body-util v0.1.3/Check { test: false }/TargetInner { ..: lib_target("http_body_util", ["lib"], "/Users/huangjiajiang/.cargo/registry/src/rsproxy.cn-e3de039b2554c837/http-body-util-0.1.3/src/lib.rs", Edition2018) }
   0.132609916s  INFO prepare_target{force=false package_id=http-body-util v0.1.3 target="http_body_util"}: cargo::core::compiler::fingerprint:     err: failed to read `/private/tmp/erp-domain-crate-00-target-finance-check/debug/.fingerprint/http-body-util-b5fff402942e4750/lib-http_body_util`

Caused by:
    No such file or directory (os error 2)
   0.132668708s  INFO prepare_target{force=false package_id=pin-project-lite v0.2.17 target="pin_project_lite"}: cargo::core::compiler::fingerprint: fingerprint error for pin-project-lite v0.2.17/Check { test: false }/TargetInner { doc_scrape_examples: Disabled, ..: lib_target("pin_project_lite", ["lib"], "/Users/huangjiajiang/.cargo/registry/src/rsproxy.cn-e3de039b2554c837/pin-project-lite-0.2.17/src/lib.rs", Edition2018) }
   0.132672166s  INFO prepare_target{force=false package_id=pin-project-lite v0.2.17 target="pin_project_lite"}: cargo::core::compiler::fingerprint:     err: failed to read `/private/tmp/erp-domain-crate-00-target-finance-check/debug/.fingerprint/pin-project-lite-7b3a82a827b127c0/lib-pin_project_lite`

Caused by:
    No such file or directory (os error 2)
   0.132718791s  INFO prepare_target{force=false package_id=mime v0.3.17 target="mime"}: cargo::core::compiler::fingerprint: fingerprint error for mime v0.3.17/Check { test: false }/TargetInner { name_inferred: true, ..: lib_target("mime", ["lib"], "/Users/huangjiajiang/.cargo/registry/src/rsproxy.cn-e3de039b2554c837/mime-0.3.17/src/lib.rs", Edition2015) }
   0.132721791s  INFO prepare_target{force=false package_id=mime v0.3.17 target="mime"}: cargo::core::compiler::fingerprint:     err: failed to read `/private/tmp/erp-domain-crate-00-target-finance-check/debug/.fingerprint/mime-a2f28f6dff55a050/lib-mime`

Caused by:
    No such file or directory (os error 2)
   0.132766916s  INFO prepare_target{force=false package_id=sync_wrapper v1.0.2 target="sync_wrapper"}: cargo::core::compiler::fingerprint: fingerprint error for sync_wrapper v1.0.2/Check { test: false }/TargetInner { name_inferred: true, ..: lib_target("sync_wrapper", ["lib"], "/Users/huangjiajiang/.cargo/registry/src/rsproxy.cn-e3de039b2554c837/sync_wrapper-1.0.2/src/lib.rs", Edition2021) }
   0.132772625s  INFO prepare_target{force=false package_id=sync_wrapper v1.0.2 target="sync_wrapper"}: cargo::core::compiler::fingerprint:     err: failed to read `/private/tmp/erp-domain-crate-00-target-finance-check/debug/.fingerprint/sync_wrapper-6d9db93942ac3dfd/lib-sync_wrapper`

Caused by:
    No such file or directory (os error 2)
   0.132825208s  INFO prepare_target{force=false package_id=tower-layer v0.3.3 target="tower_layer"}: cargo::core::compiler::fingerprint: fingerprint error for tower-layer v0.3.3/Check { test: false }/TargetInner { ..: lib_target("tower_layer", ["lib"], "/Users/huangjiajiang/.cargo/registry/src/rsproxy.cn-e3de039b2554c837/tower-layer-0.3.3/src/lib.rs", Edition2018) }
   0.132827541s  INFO prepare_target{force=false package_id=tower-layer v0.3.3 target="tower_layer"}: cargo::core::compiler::fingerprint:     err: failed to read `/private/tmp/erp-domain-crate-00-target-finance-check/debug/.fingerprint/tower-layer-51da4001ce28bfdd/lib-tower_layer`

Caused by:
    No such file or directory (os error 2)
   0.132879833s  INFO prepare_target{force=false package_id=tower-service v0.3.3 target="tower_service"}: cargo::core::compiler::fingerprint: fingerprint error for tower-service v0.3.3/Check { test: false }/TargetInner { ..: lib_target("tower_service", ["lib"], "/Users/huangjiajiang/.cargo/registry/src/rsproxy.cn-e3de039b2554c837/tower-service-0.3.3/src/lib.rs", Edition2018) }
   0.132882208s  INFO prepare_target{force=false package_id=tower-service v0.3.3 target="tower_service"}: cargo::core::compiler::fingerprint:     err: failed to read `/private/tmp/erp-domain-crate-00-target-finance-check/debug/.fingerprint/tower-service-a5ebf994063e7617/lib-tower_service`

Caused by:
    No such file or directory (os error 2)
   0.132927791s  INFO prepare_target{force=false package_id=tracing v0.1.44 target="tracing"}: cargo::core::compiler::fingerprint: fingerprint error for tracing v0.1.44/Check { test: false }/TargetInner { ..: lib_target("tracing", ["lib"], "/Users/huangjiajiang/.cargo/registry/src/rsproxy.cn-e3de039b2554c837/tracing-0.1.44/src/lib.rs", Edition2018) }
   0.132930125s  INFO prepare_target{force=false package_id=tracing v0.1.44 target="tracing"}: cargo::core::compiler::fingerprint:     err: failed to read `/private/tmp/erp-domain-crate-00-target-finance-check/debug/.fingerprint/tracing-c465ea206500a95c/lib-tracing`

Caused by:
    No such file or directory (os error 2)
   0.132986875s  INFO prepare_target{force=false package_id=log v0.4.29 target="log"}: cargo::core::compiler::fingerprint: fingerprint error for log v0.4.29/Check { test: false }/TargetInner { ..: lib_target("log", ["lib"], "/Users/huangjiajiang/.cargo/registry/src/rsproxy.cn-e3de039b2554c837/log-0.4.29/src/lib.rs", Edition2021) }
   0.132989166s  INFO prepare_target{force=false package_id=log v0.4.29 target="log"}: cargo::core::compiler::fingerprint:     err: failed to read `/private/tmp/erp-domain-crate-00-target-finance-check/debug/.fingerprint/log-edc8d648ffca2e08/lib-log`

Caused by:
    No such file or directory (os error 2)
   0.133039541s  INFO prepare_target{force=false package_id=tracing-attributes v0.1.31 target="tracing_attributes"}: cargo::core::compiler::fingerprint: fingerprint error for tracing-attributes v0.1.31/Build/TargetInner { for_host: true, proc_macro: true, ..: lib_target("tracing_attributes", ["proc-macro"], "/Users/huangjiajiang/.cargo/registry/src/rsproxy.cn-e3de039b2554c837/tracing-attributes-0.1.31/src/lib.rs", Edition2018) }
   0.133043000s  INFO prepare_target{force=false package_id=tracing-attributes v0.1.31 target="tracing_attributes"}: cargo::core::compiler::fingerprint:     err: failed to read `/private/tmp/erp-domain-crate-00-target-finance-check/debug/.fingerprint/tracing-attributes-00b9c2331d93faa5/lib-tracing_attributes`

Caused by:
    No such file or directory (os error 2)
   0.133107875s  INFO prepare_target{force=false package_id=proc-macro2 v1.0.107 target="proc_macro2"}: cargo::core::compiler::fingerprint: fingerprint error for proc-macro2 v1.0.107/Build/TargetInner { ..: lib_target("proc_macro2", ["lib"], "/Users/huangjiajiang/.cargo/registry/src/rsproxy.cn-e3de039b2554c837/proc-macro2-1.0.107/src/lib.rs", Edition2021) }
   0.133110291s  INFO prepare_target{force=false package_id=proc-macro2 v1.0.107 target="proc_macro2"}: cargo::core::compiler::fingerprint:     err: failed to read `/private/tmp/erp-domain-crate-00-target-finance-check/debug/.fingerprint/proc-macro2-d2bce17f27137de0/lib-proc_macro2`

Caused by:
    No such file or directory (os error 2)
   0.133372625s  INFO prepare_target{force=false package_id=proc-macro2 v1.0.107 target="build-script-build"}: cargo::core::compiler::fingerprint: fingerprint error for proc-macro2 v1.0.107/RunCustomBuild/TargetInner { ..: custom_build_target("build-script-build", "/Users/huangjiajiang/.cargo/registry/src/rsproxy.cn-e3de039b2554c837/proc-macro2-1.0.107/build.rs", Edition2021) }
   0.133375750s  INFO prepare_target{force=false package_id=proc-macro2 v1.0.107 target="build-script-build"}: cargo::core::compiler::fingerprint:     err: failed to read `/private/tmp/erp-domain-crate-00-target-finance-check/debug/.fingerprint/proc-macro2-b966186ffcaaa40d/run-build-script-build-script-build`

Caused by:
    No such file or directory (os error 2)
   0.133411250s  INFO prepare_target{force=false package_id=proc-macro2 v1.0.107 target="build-script-build"}: cargo::core::compiler::fingerprint: fingerprint error for proc-macro2 v1.0.107/Build/TargetInner { ..: custom_build_target("build-script-build", "/Users/huangjiajiang/.cargo/registry/src/rsproxy.cn-e3de039b2554c837/proc-macro2-1.0.107/build.rs", Edition2021) }
   0.133413416s  INFO prepare_target{force=false package_id=proc-macro2 v1.0.107 target="build-script-build"}: cargo::core::compiler::fingerprint:     err: failed to read `/private/tmp/erp-domain-crate-00-target-finance-check/debug/.fingerprint/proc-macro2-24221562c122967f/build-script-build-script-build`

Caused by:
    No such file or directory (os error 2)
   0.133468625s  INFO prepare_target{force=false package_id=unicode-ident v1.0.24 target="unicode_ident"}: cargo::core::compiler::fingerprint: fingerprint error for unicode-ident v1.0.24/Build/TargetInner { ..: lib_target("unicode_ident", ["lib"], "/Users/huangjiajiang/.cargo/registry/src/rsproxy.cn-e3de039b2554c837/unicode-ident-1.0.24/src/lib.rs", Edition2021) }
   0.133471333s  INFO prepare_target{force=false package_id=unicode-ident v1.0.24 target="unicode_ident"}: cargo::core::compiler::fingerprint:     err: failed to read `/private/tmp/erp-domain-crate-00-target-finance-check/debug/.fingerprint/unicode-ident-c85aa9a2ac3e2ab2/lib-unicode_ident`

Caused by:
    No such file or directory (os error 2)
   0.133519208s  INFO prepare_target{force=false package_id=quote v1.0.47 target="quote"}: cargo::core::compiler::fingerprint: fingerprint error for quote v1.0.47/Build/TargetInner { ..: lib_target("quote", ["lib"], "/Users/huangjiajiang/.cargo/registry/src/rsproxy.cn-e3de039b2554c837/quote-1.0.47/src/lib.rs", Edition2021) }
   0.133521666s  INFO prepare_target{force=false package_id=quote v1.0.47 target="quote"}: cargo::core::compiler::fingerprint:     err: failed to read `/private/tmp/erp-domain-crate-00-target-finance-check/debug/.fingerprint/quote-25522a724a5a27fc/lib-quote`

Caused by:
    No such file or directory (os error 2)
   0.133694041s  INFO prepare_target{force=false package_id=quote v1.0.47 target="build-script-build"}: cargo::core::compiler::fingerprint: fingerprint error for quote v1.0.47/RunCustomBuild/TargetInner { ..: custom_build_target("build-script-build", "/Users/huangjiajiang/.cargo/registry/src/rsproxy.cn-e3de039b2554c837/quote-1.0.47/build.rs", Edition2021) }
   0.133696708s  INFO prepare_target{force=false package_id=quote v1.0.47 target="build-script-build"}: cargo::core::compiler::fingerprint:     err: failed to read `/private/tmp/erp-domain-crate-00-target-finance-check/debug/.fingerprint/quote-e833fcbb2f8acd51/run-build-script-build-script-build`

Caused by:
    No such file or directory (os error 2)
   0.133734750s  INFO prepare_target{force=false package_id=quote v1.0.47 target="build-script-build"}: cargo::core::compiler::fingerprint: fingerprint error for quote v1.0.47/Build/TargetInner { ..: custom_build_target("build-script-build", "/Users/huangjiajiang/.cargo/registry/src/rsproxy.cn-e3de039b2554c837/quote-1.0.47/build.rs", Edition2021) }
   0.133737666s  INFO prepare_target{force=false package_id=quote v1.0.47 target="build-script-build"}: cargo::core::compiler::fingerprint:     err: failed to read `/private/tmp/erp-domain-crate-00-target-finance-check/debug/.fingerprint/quote-cc2ffe520447ec9e/build-script-build-script-build`

Caused by:
    No such file or directory (os error 2)
   0.133783208s  INFO prepare_target{force=false package_id=syn v2.0.117 target="syn"}: cargo::core::compiler::fingerprint: fingerprint error for syn v2.0.117/Build/TargetInner { ..: lib_target("syn", ["lib"], "/Users/huangjiajiang/.cargo/registry/src/rsproxy.cn-e3de039b2554c837/syn-2.0.117/src/lib.rs", Edition2021) }
   0.133785958s  INFO prepare_target{force=false package_id=syn v2.0.117 target="syn"}: cargo::core::compiler::fingerprint:     err: failed to read `/private/tmp/erp-domain-crate-00-target-finance-check/debug/.fingerprint/syn-ce266b6d413788de/lib-syn`

Caused by:
    No such file or directory (os error 2)
   0.133842541s  INFO prepare_target{force=false package_id=tracing-core v0.1.36 target="tracing_core"}: cargo::core::compiler::fingerprint: fingerprint error for tracing-core v0.1.36/Check { test: false }/TargetInner { ..: lib_target("tracing_core", ["lib"], "/Users/huangjiajiang/.cargo/registry/src/rsproxy.cn-e3de039b2554c837/tracing-core-0.1.36/src/lib.rs", Edition2018) }
   0.133845291s  INFO prepare_target{force=false package_id=tracing-core v0.1.36 target="tracing_core"}: cargo::core::compiler::fingerprint:     err: failed to read `/private/tmp/erp-domain-crate-00-target-finance-check/debug/.fingerprint/tracing-core-2c4ae6a8c39d0819/lib-tracing_core`

Caused by:
    No such file or directory (os error 2)
   0.133896125s  INFO prepare_target{force=false package_id=once_cell v1.21.4 target="once_cell"}: cargo::core::compiler::fingerprint: fingerprint error for once_cell v1.21.4/Check { test: false }/TargetInner { ..: lib_target("once_cell", ["lib"], "/Users/huangjiajiang/.cargo/registry/src/rsproxy.cn-e3de039b2554c837/once_cell-1.21.4/src/lib.rs", Edition2021) }
   0.133898750s  INFO prepare_target{force=false package_id=once_cell v1.21.4 target="once_cell"}: cargo::core::compiler::fingerprint:     err: failed to read `/private/tmp/erp-domain-crate-00-target-finance-check/debug/.fingerprint/once_cell-1c478a6317019634/lib-once_cell`

Caused by:
    No such file or directory (os error 2)
   0.133949500s  INFO prepare_target{force=false package_id=critical-section v1.2.0 target="critical_section"}: cargo::core::compiler::fingerprint: fingerprint error for critical-section v1.2.0/Check { test: false }/TargetInner { ..: lib_target("critical_section", ["lib"], "/Users/huangjiajiang/.cargo/registry/src/rsproxy.cn-e3de039b2554c837/critical-section-1.2.0/src/lib.rs", Edition2018) }
   0.133952250s  INFO prepare_target{force=false package_id=critical-section v1.2.0 target="critical_section"}: cargo::core::compiler::fingerprint:     err: failed to read `/private/tmp/erp-domain-crate-00-target-finance-check/debug/.fingerprint/critical-section-55c19cf70a36067b/lib-critical_section`

Caused by:
    No such file or directory (os error 2)
   0.134002250s  INFO prepare_target{force=false package_id=portable-atomic v1.13.1 target="portable_atomic"}: cargo::core::compiler::fingerprint: fingerprint error for portable-atomic v1.13.1/Check { test: false }/TargetInner { doc_scrape_examples: Disabled, ..: lib_target("portable_atomic", ["lib"], "/Users/huangjiajiang/.cargo/registry/src/rsproxy.cn-e3de039b2554c837/portable-atomic-1.13.1/src/lib.rs", Edition2018) }
   0.134005166s  INFO prepare_target{force=false package_id=portable-atomic v1.13.1 target="portable_atomic"}: cargo::core::compiler::fingerprint:     err: failed to read `/private/tmp/erp-domain-crate-00-target-finance-check/debug/.fingerprint/portable-atomic-7de9efe1e16fdc8c/lib-portable_atomic`

Caused by:
    No such file or directory (os error 2)
   0.134166625s  INFO prepare_target{force=false package_id=portable-atomic v1.13.1 target="build-script-build"}: cargo::core::compiler::fingerprint: fingerprint error for portable-atomic v1.13.1/RunCustomBuild/TargetInner { ..: custom_build_target("build-script-build", "/Users/huangjiajiang/.cargo/registry/src/rsproxy.cn-e3de039b2554c837/portable-atomic-1.13.1/build.rs", Edition2018) }
   0.134169916s  INFO prepare_target{force=false package_id=portable-atomic v1.13.1 target="build-script-build"}: cargo::core::compiler::fingerprint:     err: failed to read `/private/tmp/erp-domain-crate-00-target-finance-check/debug/.fingerprint/portable-atomic-6806d6c07b011d33/run-build-script-build-script-build`

Caused by:
    No such file or directory (os error 2)
   0.134205875s  INFO prepare_target{force=false package_id=portable-atomic v1.13.1 target="build-script-build"}: cargo::core::compiler::fingerprint: fingerprint error for portable-atomic v1.13.1/Build/TargetInner { ..: custom_build_target("build-script-build", "/Users/huangjiajiang/.cargo/registry/src/rsproxy.cn-e3de039b2554c837/portable-atomic-1.13.1/build.rs", Edition2018) }
   0.134208708s  INFO prepare_target{force=false package_id=portable-atomic v1.13.1 target="build-script-build"}: cargo::core::compiler::fingerprint:     err: failed to read `/private/tmp/erp-domain-crate-00-target-finance-check/debug/.fingerprint/portable-atomic-7229429750ad87e3/build-script-build-script-build`

Caused by:
    No such file or directory (os error 2)
   0.134255666s  INFO prepare_target{force=false package_id=axum-macros v0.5.1 target="axum_macros"}: cargo::core::compiler::fingerprint: fingerprint error for axum-macros v0.5.1/Build/TargetInner { for_host: true, proc_macro: true, ..: lib_target("axum_macros", ["proc-macro"], "/Users/huangjiajiang/.cargo/registry/src/rsproxy.cn-e3de039b2554c837/axum-macros-0.5.1/src/lib.rs", Edition2021) }
   0.134258458s  INFO prepare_target{force=false package_id=axum-macros v0.5.1 target="axum_macros"}: cargo::core::compiler::fingerprint:     err: failed to read `/private/tmp/erp-domain-crate-00-target-finance-check/debug/.fingerprint/axum-macros-02f7c57dab61a53a/lib-axum_macros`

Caused by:
    No such file or directory (os error 2)
   0.134312833s  INFO prepare_target{force=false package_id=form_urlencoded v1.2.2 target="form_urlencoded"}: cargo::core::compiler::fingerprint: fingerprint error for form_urlencoded v1.2.2/Check { test: false }/TargetInner { tested: false, ..: lib_target("form_urlencoded", ["lib"], "/Users/huangjiajiang/.cargo/registry/src/rsproxy.cn-e3de039b2554c837/form_urlencoded-1.2.2/src/lib.rs", Edition2018) }
   0.134315583s  INFO prepare_target{force=false package_id=form_urlencoded v1.2.2 target="form_urlencoded"}: cargo::core::compiler::fingerprint:     err: failed to read `/private/tmp/erp-domain-crate-00-target-finance-check/debug/.fingerprint/form_urlencoded-007055b4aa719c1d/lib-form_urlencoded`

Caused by:
    No such file or directory (os error 2)
   0.134365083s  INFO prepare_target{force=false package_id=percent-encoding v2.3.2 target="percent_encoding"}: cargo::core::compiler::fingerprint: fingerprint error for percent-encoding v2.3.2/Check { test: false }/TargetInner { ..: lib_target("percent_encoding", ["lib"], "/Users/huangjiajiang/.cargo/registry/src/rsproxy.cn-e3de039b2554c837/percent-encoding-2.3.2/src/lib.rs", Edition2018) }
   0.134367958s  INFO prepare_target{force=false package_id=percent-encoding v2.3.2 target="percent_encoding"}: cargo::core::compiler::fingerprint:     err: failed to read `/private/tmp/erp-domain-crate-00-target-finance-check/debug/.fingerprint/percent-encoding-c7d4f3a11eb3589b/lib-percent_encoding`

Caused by:
    No such file or directory (os error 2)
   0.134417333s  INFO prepare_target{force=false package_id=futures-util v0.3.34 target="futures_util"}: cargo::core::compiler::fingerprint: fingerprint error for futures-util v0.3.34/Check { test: false }/TargetInner { ..: lib_target("futures_util", ["lib"], "/Users/huangjiajiang/.cargo/registry/src/rsproxy.cn-e3de039b2554c837/futures-util-0.3.34/src/lib.rs", Edition2018) }
   0.134419875s  INFO prepare_target{force=false package_id=futures-util v0.3.34 target="futures_util"}: cargo::core::compiler::fingerprint:     err: failed to read `/private/tmp/erp-domain-crate-00-target-finance-check/debug/.fingerprint/futures-util-ae7212a76bb0c3a6/lib-futures_util`

Caused by:
    No such file or directory (os error 2)
   0.134491041s  INFO prepare_target{force=false package_id=futures-channel v0.3.34 target="futures_channel"}: cargo::core::compiler::fingerprint: fingerprint error for futures-channel v0.3.34/Check { test: false }/TargetInner { ..: lib_target("futures_channel", ["lib"], "/Users/huangjiajiang/.cargo/registry/src/rsproxy.cn-e3de039b2554c837/futures-channel-0.3.34/src/lib.rs", Edition2018) }
   0.134493916s  INFO prepare_target{force=false package_id=futures-channel v0.3.34 target="futures_channel"}: cargo::core::compiler::fingerprint:     err: failed to read `/private/tmp/erp-domain-crate-00-target-finance-check/debug/.fingerprint/futures-channel-12001e22640a3557/lib-futures_channel`

Caused by:
    No such file or directory (os error 2)
   0.134542916s  INFO prepare_target{force=false package_id=futures-sink v0.3.34 target="futures_sink"}: cargo::core::compiler::fingerprint: fingerprint error for futures-sink v0.3.34/Check { test: false }/TargetInner { ..: lib_target("futures_sink", ["lib"], "/Users/huangjiajiang/.cargo/registry/src/rsproxy.cn-e3de039b2554c837/futures-sink-0.3.34/src/lib.rs", Edition2018) }
   0.134546083s  INFO prepare_target{force=false package_id=futures-sink v0.3.34 target="futures_sink"}: cargo::core::compiler::fingerprint:     err: failed to read `/private/tmp/erp-domain-crate-00-target-finance-check/debug/.fingerprint/futures-sink-b81f2476baaf50c8/lib-futures_sink`

Caused by:
    No such file or directory (os error 2)
   0.134596458s  INFO prepare_target{force=false package_id=futures-io v0.3.34 target="futures_io"}: cargo::core::compiler::fingerprint: fingerprint error for futures-io v0.3.34/Check { test: false }/TargetInner { ..: lib_target("futures_io", ["lib"], "/Users/huangjiajiang/.cargo/registry/src/rsproxy.cn-e3de039b2554c837/futures-io-0.3.34/src/lib.rs", Edition2018) }
   0.134599375s  INFO prepare_target{force=false package_id=futures-io v0.3.34 target="futures_io"}: cargo::core::compiler::fingerprint:     err: failed to read `/private/tmp/erp-domain-crate-00-target-finance-check/debug/.fingerprint/futures-io-b81675bbab2b8df7/lib-futures_io`

Caused by:
    No such file or directory (os error 2)
   0.134653041s  INFO prepare_target{force=false package_id=futures-macro v0.3.34 target="futures_macro"}: cargo::core::compiler::fingerprint: fingerprint error for futures-macro v0.3.34/Build/TargetInner { for_host: true, proc_macro: true, ..: lib_target("futures_macro", ["proc-macro"], "/Users/huangjiajiang/.cargo/registry/src/rsproxy.cn-e3de039b2554c837/futures-macro-0.3.34/src/lib.rs", Edition2018) }
   0.134655875s  INFO prepare_target{force=false package_id=futures-macro v0.3.34 target="futures_macro"}: cargo::core::compiler::fingerprint:     err: failed to read `/private/tmp/erp-domain-crate-00-target-finance-check/debug/.fingerprint/futures-macro-f3b7b7194c15e315/lib-futures_macro`

Caused by:
    No such file or directory (os error 2)
   0.134705208s  INFO prepare_target{force=false package_id=syn v3.0.4 target="syn"}: cargo::core::compiler::fingerprint: fingerprint error for syn v3.0.4/Build/TargetInner { ..: lib_target("syn", ["lib"], "/Users/huangjiajiang/.cargo/registry/src/rsproxy.cn-e3de039b2554c837/syn-3.0.4/src/lib.rs", Edition2021) }
   0.134707791s  INFO prepare_target{force=false package_id=syn v3.0.4 target="syn"}: cargo::core::compiler::fingerprint:     err: failed to read `/private/tmp/erp-domain-crate-00-target-finance-check/debug/.fingerprint/syn-f8a4c6771abc6f89/lib-syn`

Caused by:
    No such file or directory (os error 2)
   0.134756666s  INFO prepare_target{force=false package_id=futures-task v0.3.34 target="futures_task"}: cargo::core::compiler::fingerprint: fingerprint error for futures-task v0.3.34/Check { test: false }/TargetInner { ..: lib_target("futures_task", ["lib"], "/Users/huangjiajiang/.cargo/registry/src/rsproxy.cn-e3de039b2554c837/futures-task-0.3.34/src/lib.rs", Edition2018) }
   0.134759208s  INFO prepare_target{force=false package_id=futures-task v0.3.34 target="futures_task"}: cargo::core::compiler::fingerprint:     err: failed to read `/private/tmp/erp-domain-crate-00-target-finance-check/debug/.fingerprint/futures-task-07f2fb290f8d6287/lib-futures_task`

Caused by:
    No such file or directory (os error 2)
   0.134809625s  INFO prepare_target{force=false package_id=memchr v2.8.0 target="memchr"}: cargo::core::compiler::fingerprint: fingerprint error for memchr v2.8.0/Check { test: false }/TargetInner { benched: false, ..: lib_target("memchr", ["lib"], "/Users/huangjiajiang/.cargo/registry/src/rsproxy.cn-e3de039b2554c837/memchr-2.8.0/src/lib.rs", Edition2021) }
   0.134812250s  INFO prepare_target{force=false package_id=memchr v2.8.0 target="memchr"}: cargo::core::compiler::fingerprint:     err: failed to read `/private/tmp/erp-domain-crate-00-target-finance-check/debug/.fingerprint/memchr-c50b1659d54c7da4/lib-memchr`

Caused by:
    No such file or directory (os error 2)
   0.134857125s  INFO prepare_target{force=false package_id=slab v0.4.12 target="slab"}: cargo::core::compiler::fingerprint: fingerprint error for slab v0.4.12/Check { test: false }/TargetInner { ..: lib_target("slab", ["lib"], "/Users/huangjiajiang/.cargo/registry/src/rsproxy.cn-e3de039b2554c837/slab-0.4.12/src/lib.rs", Edition2018) }
   0.134859625s  INFO prepare_target{force=false package_id=slab v0.4.12 target="slab"}: cargo::core::compiler::fingerprint:     err: failed to read `/private/tmp/erp-domain-crate-00-target-finance-check/debug/.fingerprint/slab-fac8f47e8028955e/lib-slab`

Caused by:
    No such file or directory (os error 2)
   0.134906208s  INFO prepare_target{force=false package_id=hyper v1.9.0 target="hyper"}: cargo::core::compiler::fingerprint: fingerprint error for hyper v1.9.0/Check { test: false }/TargetInner { ..: lib_target("hyper", ["lib"], "/Users/huangjiajiang/.cargo/registry/src/rsproxy.cn-e3de039b2554c837/hyper-1.9.0/src/lib.rs", Edition2021) }
   0.134908666s  INFO prepare_target{force=false package_id=hyper v1.9.0 target="hyper"}: cargo::core::compiler::fingerprint:     err: failed to read `/private/tmp/erp-domain-crate-00-target-finance-check/debug/.fingerprint/hyper-748f31d0f8aea7d6/lib-hyper`

Caused by:
    No such file or directory (os error 2)
   0.134990416s  INFO prepare_target{force=false package_id=atomic-waker v1.1.2 target="atomic_waker"}: cargo::core::compiler::fingerprint: fingerprint error for atomic-waker v1.1.2/Check { test: false }/TargetInner { name_inferred: true, ..: lib_target("atomic_waker", ["lib"], "/Users/huangjiajiang/.cargo/registry/src/rsproxy.cn-e3de039b2554c837/atomic-waker-1.1.2/src/lib.rs", Edition2018) }
   0.134993458s  INFO prepare_target{force=false package_id=atomic-waker v1.1.2 target="atomic_waker"}: cargo::core::compiler::fingerprint:     err: failed to read `/private/tmp/erp-domain-crate-00-target-finance-check/debug/.fingerprint/atomic-waker-860eeda987251907/lib-atomic_waker`

Caused by:
    No such file or directory (os error 2)
   0.135041083s  INFO prepare_target{force=false package_id=h2 v0.4.14 target="h2"}: cargo::core::compiler::fingerprint: fingerprint error for h2 v0.4.14/Check { test: false }/TargetInner { ..: lib_target("h2", ["lib"], "/Users/huangjiajiang/.cargo/registry/src/rsproxy.cn-e3de039b2554c837/h2-0.4.14/src/lib.rs", Edition2021) }
   0.135043875s  INFO prepare_target{force=false package_id=h2 v0.4.14 target="h2"}: cargo::core::compiler::fingerprint:     err: failed to read `/private/tmp/erp-domain-crate-00-target-finance-check/debug/.fingerprint/h2-9ba29143d09dd7aa/lib-h2`

Caused by:
    No such file or directory (os error 2)
   0.135111333s  INFO prepare_target{force=false package_id=fnv v1.0.7 target="fnv"}: cargo::core::compiler::fingerprint: fingerprint error for fnv v1.0.7/Check { test: false }/TargetInner { ..: lib_target("fnv", ["lib"], "/Users/huangjiajiang/.cargo/registry/src/rsproxy.cn-e3de039b2554c837/fnv-1.0.7/lib.rs", Edition2015) }
   0.135114291s  INFO prepare_target{force=false package_id=fnv v1.0.7 target="fnv"}: cargo::core::compiler::fingerprint:     err: failed to read `/private/tmp/erp-domain-crate-00-target-finance-check/debug/.fingerprint/fnv-e89f3a1c8fd46bdc/lib-fnv`

Caused by:
    No such file or directory (os error 2)
   0.135169583s  INFO prepare_target{force=false package_id=indexmap v2.14.0 target="indexmap"}: cargo::core::compiler::fingerprint: fingerprint error for indexmap v2.14.0/Check { test: false }/TargetInner { benched: false, ..: lib_target("indexmap", ["lib"], "/Users/huangjiajiang/.cargo/registry/src/rsproxy.cn-e3de039b2554c837/indexmap-2.14.0/src/lib.rs", Edition2024) }
   0.135172791s  INFO prepare_target{force=false package_id=indexmap v2.14.0 target="indexmap"}: cargo::core::compiler::fingerprint:     err: failed to read `/private/tmp/erp-domain-crate-00-target-finance-check/debug/.fingerprint/indexmap-1baac0205abf0bbb/lib-indexmap`

Caused by:
    No such file or directory (os error 2)
   0.135224666s  INFO prepare_target{force=false package_id=equivalent v1.0.2 target="equivalent"}: cargo::core::compiler::fingerprint: fingerprint error for equivalent v1.0.2/Check { test: false }/TargetInner { ..: lib_target("equivalent", ["lib"], "/Users/huangjiajiang/.cargo/registry/src/rsproxy.cn-e3de039b2554c837/equivalent-1.0.2/src/lib.rs", Edition2015) }
   0.135227625s  INFO prepare_target{force=false package_id=equivalent v1.0.2 target="equivalent"}: cargo::core::compiler::fingerprint:     err: failed to read `/private/tmp/erp-domain-crate-00-target-finance-check/debug/.fingerprint/equivalent-27768dcbca0159a1/lib-equivalent`

Caused by:
    No such file or directory (os error 2)
   0.135277541s  INFO prepare_target{force=false package_id=hashbrown v0.17.1 target="hashbrown"}: cargo::core::compiler::fingerprint: fingerprint error for hashbrown v0.17.1/Check { test: false }/TargetInner { ..: lib_target("hashbrown", ["lib"], "/Users/huangjiajiang/.cargo/registry/src/rsproxy.cn-e3de039b2554c837/hashbrown-0.17.1/src/lib.rs", Edition2024) }
   0.135280041s  INFO prepare_target{force=false package_id=hashbrown v0.17.1 target="hashbrown"}: cargo::core::compiler::fingerprint:     err: failed to read `/private/tmp/erp-domain-crate-00-target-finance-check/debug/.fingerprint/hashbrown-64933170772620ea/lib-hashbrown`

Caused by:
    No such file or directory (os error 2)
   0.135331583s  INFO prepare_target{force=false package_id=tokio v1.53.1 target="tokio"}: cargo::core::compiler::fingerprint: fingerprint error for tokio v1.53.1/Check { test: false }/TargetInner { ..: lib_target("tokio", ["lib"], "/Users/huangjiajiang/.cargo/registry/src/rsproxy.cn-e3de039b2554c837/tokio-1.53.1/src/lib.rs", Edition2021) }
   0.135334125s  INFO prepare_target{force=false package_id=tokio v1.53.1 target="tokio"}: cargo::core::compiler::fingerprint:     err: failed to read `/private/tmp/erp-domain-crate-00-target-finance-check/debug/.fingerprint/tokio-ed648cd2d5ed5e5a/lib-tokio`

Caused by:
    No such file or directory (os error 2)
   0.135388791s  INFO prepare_target{force=false package_id=libc v0.2.186 target="libc"}: cargo::core::compiler::fingerprint: fingerprint error for libc v0.2.186/Check { test: false }/TargetInner { ..: lib_target("libc", ["lib"], "/Users/huangjiajiang/.cargo/registry/src/rsproxy.cn-e3de039b2554c837/libc-0.2.186/src/lib.rs", Edition2021) }
   0.135391333s  INFO prepare_target{force=false package_id=libc v0.2.186 target="libc"}: cargo::core::compiler::fingerprint:     err: failed to read `/private/tmp/erp-domain-crate-00-target-finance-check/debug/.fingerprint/libc-ed0e03b4c7946d2a/lib-libc`

Caused by:
    No such file or directory (os error 2)
   0.135544416s  INFO prepare_target{force=false package_id=libc v0.2.186 target="build-script-build"}: cargo::core::compiler::fingerprint: fingerprint error for libc v0.2.186/RunCustomBuild/TargetInner { ..: custom_build_target("build-script-build", "/Users/huangjiajiang/.cargo/registry/src/rsproxy.cn-e3de039b2554c837/libc-0.2.186/build.rs", Edition2021) }
   0.135547291s  INFO prepare_target{force=false package_id=libc v0.2.186 target="build-script-build"}: cargo::core::compiler::fingerprint:     err: failed to read `/private/tmp/erp-domain-crate-00-target-finance-check/debug/.fingerprint/libc-0f00c10ae474b472/run-build-script-build-script-build`

Caused by:
    No such file or directory (os error 2)
   0.135583041s  INFO prepare_target{force=false package_id=libc v0.2.186 target="build-script-build"}: cargo::core::compiler::fingerprint: fingerprint error for libc v0.2.186/Build/TargetInner { ..: custom_build_target("build-script-build", "/Users/huangjiajiang/.cargo/registry/src/rsproxy.cn-e3de039b2554c837/libc-0.2.186/build.rs", Edition2021) }
   0.135585916s  INFO prepare_target{force=false package_id=libc v0.2.186 target="build-script-build"}: cargo::core::compiler::fingerprint:     err: failed to read `/private/tmp/erp-domain-crate-00-target-finance-check/debug/.fingerprint/libc-06dfbe696c2ad83b/build-script-build-script-build`

Caused by:
    No such file or directory (os error 2)
   0.135644750s  INFO prepare_target{force=false package_id=mio v1.2.0 target="mio"}: cargo::core::compiler::fingerprint: fingerprint error for mio v1.2.0/Check { test: false }/TargetInner { ..: lib_target("mio", ["lib"], "/Users/huangjiajiang/.cargo/registry/src/rsproxy.cn-e3de039b2554c837/mio-1.2.0/src/lib.rs", Edition2021) }
   0.135647708s  INFO prepare_target{force=false package_id=mio v1.2.0 target="mio"}: cargo::core::compiler::fingerprint:     err: failed to read `/private/tmp/erp-domain-crate-00-target-finance-check/debug/.fingerprint/mio-aedffbb9f51fde82/lib-mio`

Caused by:
    No such file or directory (os error 2)
   0.135697625s  INFO prepare_target{force=false package_id=signal-hook-registry v1.4.8 target="signal_hook_registry"}: cargo::core::compiler::fingerprint: fingerprint error for signal-hook-registry v1.4.8/Check { test: false }/TargetInner { ..: lib_target("signal_hook_registry", ["lib"], "/Users/huangjiajiang/.cargo/registry/src/rsproxy.cn-e3de039b2554c837/signal-hook-registry-1.4.8/src/lib.rs", Edition2015) }
   0.135700500s  INFO prepare_target{force=false package_id=signal-hook-registry v1.4.8 target="signal_hook_registry"}: cargo::core::compiler::fingerprint:     err: failed to read `/private/tmp/erp-domain-crate-00-target-finance-check/debug/.fingerprint/signal-hook-registry-98a734a35663f777/lib-signal_hook_registry`

Caused by:
    No such file or directory (os error 2)
   0.135749583s  INFO prepare_target{force=false package_id=errno v0.3.14 target="errno"}: cargo::core::compiler::fingerprint: fingerprint error for errno v0.3.14/Check { test: false }/TargetInner { ..: lib_target("errno", ["lib"], "/Users/huangjiajiang/.cargo/registry/src/rsproxy.cn-e3de039b2554c837/errno-0.3.14/src/lib.rs", Edition2018) }
   0.135752083s  INFO prepare_target{force=false package_id=errno v0.3.14 target="errno"}: cargo::core::compiler::fingerprint:     err: failed to read `/private/tmp/erp-domain-crate-00-target-finance-check/debug/.fingerprint/errno-703be28bdf78dfd2/lib-errno`

Caused by:
    No such file or directory (os error 2)
   0.135811375s  INFO prepare_target{force=false package_id=socket2 v0.6.3 target="socket2"}: cargo::core::compiler::fingerprint: fingerprint error for socket2 v0.6.3/Check { test: false }/TargetInner { ..: lib_target("socket2", ["lib"], "/Users/huangjiajiang/.cargo/registry/src/rsproxy.cn-e3de039b2554c837/socket2-0.6.3/src/lib.rs", Edition2021) }
   0.135814500s  INFO prepare_target{force=false package_id=socket2 v0.6.3 target="socket2"}: cargo::core::compiler::fingerprint:     err: failed to read `/private/tmp/erp-domain-crate-00-target-finance-check/debug/.fingerprint/socket2-d1394e61597b1a7e/lib-socket2`

Caused by:
    No such file or directory (os error 2)
   0.135865916s  INFO prepare_target{force=false package_id=tokio-macros v2.7.0 target="tokio_macros"}: cargo::core::compiler::fingerprint: fingerprint error for tokio-macros v2.7.0/Build/TargetInner { for_host: true, proc_macro: true, ..: lib_target("tokio_macros", ["proc-macro"], "/Users/huangjiajiang/.cargo/registry/src/rsproxy.cn-e3de039b2554c837/tokio-macros-2.7.0/src/lib.rs", Edition2021) }
   0.135869041s  INFO prepare_target{force=false package_id=tokio-macros v2.7.0 target="tokio_macros"}: cargo::core::compiler::fingerprint:     err: failed to read `/private/tmp/erp-domain-crate-00-target-finance-check/debug/.fingerprint/tokio-macros-ff4342356c0e14f5/lib-tokio_macros`

Caused by:
    No such file or directory (os error 2)
   0.135919541s  INFO prepare_target{force=false package_id=tokio-util v0.7.18 target="tokio_util"}: cargo::core::compiler::fingerprint: fingerprint error for tokio-util v0.7.18/Check { test: false }/TargetInner { ..: lib_target("tokio_util", ["lib"], "/Users/huangjiajiang/.cargo/registry/src/rsproxy.cn-e3de039b2554c837/tokio-util-0.7.18/src/lib.rs", Edition2021) }
   0.135922541s  INFO prepare_target{force=false package_id=tokio-util v0.7.18 target="tokio_util"}: cargo::core::compiler::fingerprint:     err: failed to read `/private/tmp/erp-domain-crate-00-target-finance-check/debug/.fingerprint/tokio-util-a3a3392f3ebb068e/lib-tokio_util`

Caused by:
    No such file or directory (os error 2)
   0.135984166s  INFO prepare_target{force=false package_id=httparse v1.10.1 target="httparse"}: cargo::core::compiler::fingerprint: fingerprint error for httparse v1.10.1/Check { test: false }/TargetInner { benched: false, ..: lib_target("httparse", ["lib"], "/Users/huangjiajiang/.cargo/registry/src/rsproxy.cn-e3de039b2554c837/httparse-1.10.1/src/lib.rs", Edition2018) }
   0.135986750s  INFO prepare_target{force=false package_id=httparse v1.10.1 target="httparse"}: cargo::core::compiler::fingerprint:     err: failed to read `/private/tmp/erp-domain-crate-00-target-finance-check/debug/.fingerprint/httparse-f361a430d775f9b6/lib-httparse`

Caused by:
    No such file or directory (os error 2)
   0.136138916s  INFO prepare_target{force=false package_id=httparse v1.10.1 target="build-script-build"}: cargo::core::compiler::fingerprint: fingerprint error for httparse v1.10.1/RunCustomBuild/TargetInner { ..: custom_build_target("build-script-build", "/Users/huangjiajiang/.cargo/registry/src/rsproxy.cn-e3de039b2554c837/httparse-1.10.1/build.rs", Edition2018) }
   0.136142125s  INFO prepare_target{force=false package_id=httparse v1.10.1 target="build-script-build"}: cargo::core::compiler::fingerprint:     err: failed to read `/private/tmp/erp-domain-crate-00-target-finance-check/debug/.fingerprint/httparse-8b4d1e76e908294b/run-build-script-build-script-build`

Caused by:
    No such file or directory (os error 2)
   0.136175500s  INFO prepare_target{force=false package_id=httparse v1.10.1 target="build-script-build"}: cargo::core::compiler::fingerprint: fingerprint error for httparse v1.10.1/Build/TargetInner { ..: custom_build_target("build-script-build", "/Users/huangjiajiang/.cargo/registry/src/rsproxy.cn-e3de039b2554c837/httparse-1.10.1/build.rs", Edition2018) }
   0.136177916s  INFO prepare_target{force=false package_id=httparse v1.10.1 target="build-script-build"}: cargo::core::compiler::fingerprint:     err: failed to read `/private/tmp/erp-domain-crate-00-target-finance-check/debug/.fingerprint/httparse-6aeb5cf089a31191/build-script-build-script-build`

Caused by:
    No such file or directory (os error 2)
   0.136237458s  INFO prepare_target{force=false package_id=httpdate v1.0.3 target="httpdate"}: cargo::core::compiler::fingerprint: fingerprint error for httpdate v1.0.3/Check { test: false }/TargetInner { name_inferred: true, ..: lib_target("httpdate", ["lib"], "/Users/huangjiajiang/.cargo/registry/src/rsproxy.cn-e3de039b2554c837/httpdate-1.0.3/src/lib.rs", Edition2021) }
   0.136240458s  INFO prepare_target{force=false package_id=httpdate v1.0.3 target="httpdate"}: cargo::core::compiler::fingerprint:     err: failed to read `/private/tmp/erp-domain-crate-00-target-finance-check/debug/.fingerprint/httpdate-f2b63982619afd89/lib-httpdate`

Caused by:
    No such file or directory (os error 2)
   0.136292750s  INFO prepare_target{force=false package_id=smallvec v1.15.1 target="smallvec"}: cargo::core::compiler::fingerprint: fingerprint error for smallvec v1.15.1/Check { test: false }/TargetInner { ..: lib_target("smallvec", ["lib"], "/Users/huangjiajiang/.cargo/registry/src/rsproxy.cn-e3de039b2554c837/smallvec-1.15.1/src/lib.rs", Edition2018) }
   0.136295666s  INFO prepare_target{force=false package_id=smallvec v1.15.1 target="smallvec"}: cargo::core::compiler::fingerprint:     err: failed to read `/private/tmp/erp-domain-crate-00-target-finance-check/debug/.fingerprint/smallvec-f20e78f2ff7e8931/lib-smallvec`

Caused by:
    No such file or directory (os error 2)
   0.136347458s  INFO prepare_target{force=false package_id=serde v1.0.229 target="serde"}: cargo::core::compiler::fingerprint: fingerprint error for serde v1.0.229/Check { test: false }/TargetInner { ..: lib_target("serde", ["lib"], "/Users/huangjiajiang/.cargo/registry/src/rsproxy.cn-e3de039b2554c837/serde-1.0.229/src/lib.rs", Edition2021) }
   0.136350208s  INFO prepare_target{force=false package_id=serde v1.0.229 target="serde"}: cargo::core::compiler::fingerprint:     err: failed to read `/private/tmp/erp-domain-crate-00-target-finance-check/debug/.fingerprint/serde-36f307e77b3b73b8/lib-serde`

Caused by:
    No such file or directory (os error 2)
   0.136503041s  INFO prepare_target{force=false package_id=serde v1.0.229 target="build-script-build"}: cargo::core::compiler::fingerprint: fingerprint error for serde v1.0.229/RunCustomBuild/TargetInner { ..: custom_build_target("build-script-build", "/Users/huangjiajiang/.cargo/registry/src/rsproxy.cn-e3de039b2554c837/serde-1.0.229/build.rs", Edition2021) }
   0.136505458s  INFO prepare_target{force=false package_id=serde v1.0.229 target="build-script-build"}: cargo::core::compiler::fingerprint:     err: failed to read `/private/tmp/erp-domain-crate-00-target-finance-check/debug/.fingerprint/serde-0fdb47b65082dd55/run-build-script-build-script-build`

Caused by:
    No such file or directory (os error 2)
   0.136540916s  INFO prepare_target{force=false package_id=serde v1.0.229 target="build-script-build"}: cargo::core::compiler::fingerprint: fingerprint error for serde v1.0.229/Build/TargetInner { ..: custom_build_target("build-script-build", "/Users/huangjiajiang/.cargo/registry/src/rsproxy.cn-e3de039b2554c837/serde-1.0.229/build.rs", Edition2021) }
   0.136543333s  INFO prepare_target{force=false package_id=serde v1.0.229 target="build-script-build"}: cargo::core::compiler::fingerprint:     err: failed to read `/private/tmp/erp-domain-crate-00-target-finance-check/debug/.fingerprint/serde-da783c5ed74a2d84/build-script-build-script-build`

Caused by:
    No such file or directory (os error 2)
   0.136595833s  INFO prepare_target{force=false package_id=serde_core v1.0.229 target="serde_core"}: cargo::core::compiler::fingerprint: fingerprint error for serde_core v1.0.229/Check { test: false }/TargetInner { ..: lib_target("serde_core", ["lib"], "/Users/huangjiajiang/.cargo/registry/src/rsproxy.cn-e3de039b2554c837/serde_core-1.0.229/src/lib.rs", Edition2021) }
   0.136598541s  INFO prepare_target{force=false package_id=serde_core v1.0.229 target="serde_core"}: cargo::core::compiler::fingerprint:     err: failed to read `/private/tmp/erp-domain-crate-00-target-finance-check/debug/.fingerprint/serde_core-decdc4878cb936a3/lib-serde_core`

Caused by:
    No such file or directory (os error 2)
   0.136751333s  INFO prepare_target{force=false package_id=serde_core v1.0.229 target="build-script-build"}: cargo::core::compiler::fingerprint: fingerprint error for serde_core v1.0.229/RunCustomBuild/TargetInner { ..: custom_build_target("build-script-build", "/Users/huangjiajiang/.cargo/registry/src/rsproxy.cn-e3de039b2554c837/serde_core-1.0.229/build.rs", Edition2021) }
   0.136754500s  INFO prepare_target{force=false package_id=serde_core v1.0.229 target="build-script-build"}: cargo::core::compiler::fingerprint:     err: failed to read `/private/tmp/erp-domain-crate-00-target-finance-check/debug/.fingerprint/serde_core-8a9e79860d0fac71/run-build-script-build-script-build`

Caused by:
    No such file or directory (os error 2)
   0.136788791s  INFO prepare_target{force=false package_id=serde_core v1.0.229 target="build-script-build"}: cargo::core::compiler::fingerprint: fingerprint error for serde_core v1.0.229/Build/TargetInner { ..: custom_build_target("build-script-build", "/Users/huangjiajiang/.cargo/registry/src/rsproxy.cn-e3de039b2554c837/serde_core-1.0.229/build.rs", Edition2021) }
   0.136791125s  INFO prepare_target{force=false package_id=serde_core v1.0.229 target="build-script-build"}: cargo::core::compiler::fingerprint:     err: failed to read `/private/tmp/erp-domain-crate-00-target-finance-check/debug/.fingerprint/serde_core-04177891ca0bc17d/build-script-build-script-build`

Caused by:
    No such file or directory (os error 2)
   0.136841666s  INFO prepare_target{force=false package_id=serde_derive v1.0.229 target="serde_derive"}: cargo::core::compiler::fingerprint: fingerprint error for serde_derive v1.0.229/Build/TargetInner { for_host: true, proc_macro: true, ..: lib_target("serde_derive", ["proc-macro"], "/Users/huangjiajiang/.cargo/registry/src/rsproxy.cn-e3de039b2554c837/serde_derive-1.0.229/src/lib.rs", Edition2021) }
   0.136844375s  INFO prepare_target{force=false package_id=serde_derive v1.0.229 target="serde_derive"}: cargo::core::compiler::fingerprint:     err: failed to read `/private/tmp/erp-domain-crate-00-target-finance-check/debug/.fingerprint/serde_derive-470bd6e98d0f0908/lib-serde_derive`

Caused by:
    No such file or directory (os error 2)
   0.136894916s  INFO prepare_target{force=false package_id=want v0.3.1 target="want"}: cargo::core::compiler::fingerprint: fingerprint error for want v0.3.1/Check { test: false }/TargetInner { name_inferred: true, ..: lib_target("want", ["lib"], "/Users/huangjiajiang/.cargo/registry/src/rsproxy.cn-e3de039b2554c837/want-0.3.1/src/lib.rs", Edition2018) }
   0.136897458s  INFO prepare_target{force=false package_id=want v0.3.1 target="want"}: cargo::core::compiler::fingerprint:     err: failed to read `/private/tmp/erp-domain-crate-00-target-finance-check/debug/.fingerprint/want-1a6dfdf7ea7c8f5a/lib-want`

Caused by:
    No such file or directory (os error 2)
   0.136948708s  INFO prepare_target{force=false package_id=try-lock v0.2.5 target="try_lock"}: cargo::core::compiler::fingerprint: fingerprint error for try-lock v0.2.5/Check { test: false }/TargetInner { name_inferred: true, ..: lib_target("try_lock", ["lib"], "/Users/huangjiajiang/.cargo/registry/src/rsproxy.cn-e3de039b2554c837/try-lock-0.2.5/src/lib.rs", Edition2015) }
   0.136951291s  INFO prepare_target{force=false package_id=try-lock v0.2.5 target="try_lock"}: cargo::core::compiler::fingerprint:     err: failed to read `/private/tmp/erp-domain-crate-00-target-finance-check/debug/.fingerprint/try-lock-65c66a7d4422e999/lib-try_lock`

Caused by:
    No such file or directory (os error 2)
   0.136997250s  INFO prepare_target{force=false package_id=hyper-util v0.1.20 target="hyper_util"}: cargo::core::compiler::fingerprint: fingerprint error for hyper-util v0.1.20/Check { test: false }/TargetInner { ..: lib_target("hyper_util", ["lib"], "/Users/huangjiajiang/.cargo/registry/src/rsproxy.cn-e3de039b2554c837/hyper-util-0.1.20/src/lib.rs", Edition2021) }
   0.136999791s  INFO prepare_target{force=false package_id=hyper-util v0.1.20 target="hyper_util"}: cargo::core::compiler::fingerprint:     err: failed to read `/private/tmp/erp-domain-crate-00-target-finance-check/debug/.fingerprint/hyper-util-486cd79a188dc9b0/lib-hyper_util`

Caused by:
    No such file or directory (os error 2)
   0.137087958s  INFO prepare_target{force=false package_id=base64 v0.22.1 target="base64"}: cargo::core::compiler::fingerprint: fingerprint error for base64 v0.22.1/Check { test: false }/TargetInner { name_inferred: true, ..: lib_target("base64", ["lib"], "/Users/huangjiajiang/.cargo/registry/src/rsproxy.cn-e3de039b2554c837/base64-0.22.1/src/lib.rs", Edition2018) }
   0.137090666s  INFO prepare_target{force=false package_id=base64 v0.22.1 target="base64"}: cargo::core::compiler::fingerprint:     err: failed to read `/private/tmp/erp-domain-crate-00-target-finance-check/debug/.fingerprint/base64-09165f139e010b19/lib-base64`

Caused by:
    No such file or directory (os error 2)
   0.137145000s  INFO prepare_target{force=false package_id=ipnet v2.12.0 target="ipnet"}: cargo::core::compiler::fingerprint: fingerprint error for ipnet v2.12.0/Check { test: false }/TargetInner { ..: lib_target("ipnet", ["lib"], "/Users/huangjiajiang/.cargo/registry/src/rsproxy.cn-e3de039b2554c837/ipnet-2.12.0/src/lib.rs", Edition2018) }
   0.137147666s  INFO prepare_target{force=false package_id=ipnet v2.12.0 target="ipnet"}: cargo::core::compiler::fingerprint:     err: failed to read `/private/tmp/erp-domain-crate-00-target-finance-check/debug/.fingerprint/ipnet-4b99cf4da8bc8b78/lib-ipnet`

Caused by:
    No such file or directory (os error 2)
   0.137205291s  INFO prepare_target{force=false package_id=matchit v0.8.4 target="matchit"}: cargo::core::compiler::fingerprint: fingerprint error for matchit v0.8.4/Check { test: false }/TargetInner { name_inferred: true, ..: lib_target("matchit", ["lib"], "/Users/huangjiajiang/.cargo/registry/src/rsproxy.cn-e3de039b2554c837/matchit-0.8.4/src/lib.rs", Edition2021) }
   0.137208291s  INFO prepare_target{force=false package_id=matchit v0.8.4 target="matchit"}: cargo::core::compiler::fingerprint:     err: failed to read `/private/tmp/erp-domain-crate-00-target-finance-check/debug/.fingerprint/matchit-4728b617c7e0c981/lib-matchit`

Caused by:
    No such file or directory (os error 2)
   0.137257125s  INFO prepare_target{force=false package_id=multer v3.1.0 target="multer"}: cargo::core::compiler::fingerprint: fingerprint error for multer v3.1.0/Check { test: false }/TargetInner { ..: lib_target("multer", ["lib"], "/Users/huangjiajiang/.cargo/registry/src/rsproxy.cn-e3de039b2554c837/multer-3.1.0/src/lib.rs", Edition2018) }
   0.137259541s  INFO prepare_target{force=false package_id=multer v3.1.0 target="multer"}: cargo::core::compiler::fingerprint:     err: failed to read `/private/tmp/erp-domain-crate-00-target-finance-check/debug/.fingerprint/multer-56cfa111550daee8/lib-multer`

Caused by:
    No such file or directory (os error 2)
   0.137325166s  INFO prepare_target{force=false package_id=encoding_rs v0.8.35 target="encoding_rs"}: cargo::core::compiler::fingerprint: fingerprint error for encoding_rs v0.8.35/Check { test: false }/TargetInner { ..: lib_target("encoding_rs", ["lib"], "/Users/huangjiajiang/.cargo/registry/src/rsproxy.cn-e3de039b2554c837/encoding_rs-0.8.35/src/lib.rs", Edition2018) }
   0.137327833s  INFO prepare_target{force=false package_id=encoding_rs v0.8.35 target="encoding_rs"}: cargo::core::compiler::fingerprint:     err: failed to read `/private/tmp/erp-domain-crate-00-target-finance-check/debug/.fingerprint/encoding_rs-4a3f0403e43cd1e1/lib-encoding_rs`

Caused by:
    No such file or directory (os error 2)
   0.137373041s  INFO prepare_target{force=false package_id=cfg-if v1.0.4 target="cfg_if"}: cargo::core::compiler::fingerprint: fingerprint error for cfg-if v1.0.4/Check { test: false }/TargetInner { ..: lib_target("cfg_if", ["lib"], "/Users/huangjiajiang/.cargo/registry/src/rsproxy.cn-e3de039b2554c837/cfg-if-1.0.4/src/lib.rs", Edition2018) }
   0.137375500s  INFO prepare_target{force=false package_id=cfg-if v1.0.4 target="cfg_if"}: cargo::core::compiler::fingerprint:     err: failed to read `/private/tmp/erp-domain-crate-00-target-finance-check/debug/.fingerprint/cfg-if-d3d7911306f48b80/lib-cfg_if`

Caused by:
    No such file or directory (os error 2)
   0.137523083s  INFO prepare_target{force=false package_id=multer v3.1.0 target="build-script-build"}: cargo::core::compiler::fingerprint: fingerprint error for multer v3.1.0/RunCustomBuild/TargetInner { ..: custom_build_target("build-script-build", "/Users/huangjiajiang/.cargo/registry/src/rsproxy.cn-e3de039b2554c837/multer-3.1.0/build.rs", Edition2018) }
   0.137526083s  INFO prepare_target{force=false package_id=multer v3.1.0 target="build-script-build"}: cargo::core::compiler::fingerprint:     err: failed to read `/private/tmp/erp-domain-crate-00-target-finance-check/debug/.fingerprint/multer-327e9a50cac2604f/run-build-script-build-script-build`

Caused by:
    No such file or directory (os error 2)
   0.137567750s  INFO prepare_target{force=false package_id=multer v3.1.0 target="build-script-build"}: cargo::core::compiler::fingerprint: fingerprint error for multer v3.1.0/Build/TargetInner { ..: custom_build_target("build-script-build", "/Users/huangjiajiang/.cargo/registry/src/rsproxy.cn-e3de039b2554c837/multer-3.1.0/build.rs", Edition2018) }
   0.137570666s  INFO prepare_target{force=false package_id=multer v3.1.0 target="build-script-build"}: cargo::core::compiler::fingerprint:     err: failed to read `/private/tmp/erp-domain-crate-00-target-finance-check/debug/.fingerprint/multer-521ff5224679afbc/build-script-build-script-build`

Caused by:
    No such file or directory (os error 2)
   0.137626750s  INFO prepare_target{force=false package_id=version_check v0.9.5 target="version_check"}: cargo::core::compiler::fingerprint: fingerprint error for version_check v0.9.5/Build/TargetInner { ..: lib_target("version_check", ["lib"], "/Users/huangjiajiang/.cargo/registry/src/rsproxy.cn-e3de039b2554c837/version_check-0.9.5/src/lib.rs", Edition2015) }
   0.137630083s  INFO prepare_target{force=false package_id=version_check v0.9.5 target="version_check"}: cargo::core::compiler::fingerprint:     err: failed to read `/private/tmp/erp-domain-crate-00-target-finance-check/debug/.fingerprint/version_check-4b29e9172dac0069/lib-version_check`

Caused by:
    No such file or directory (os error 2)
   0.137676791s  INFO prepare_target{force=false package_id=spin v0.9.8 target="spin"}: cargo::core::compiler::fingerprint: fingerprint error for spin v0.9.8/Check { test: false }/TargetInner { name_inferred: true, ..: lib_target("spin", ["lib"], "/Users/huangjiajiang/.cargo/registry/src/rsproxy.cn-e3de039b2554c837/spin-0.9.8/src/lib.rs", Edition2015) }
   0.137679291s  INFO prepare_target{force=false package_id=spin v0.9.8 target="spin"}: cargo::core::compiler::fingerprint:     err: failed to read `/private/tmp/erp-domain-crate-00-target-finance-check/debug/.fingerprint/spin-c55a53b80c571e41/lib-spin`

Caused by:
    No such file or directory (os error 2)
   0.137728958s  INFO prepare_target{force=false package_id=serde_json v1.0.151 target="serde_json"}: cargo::core::compiler::fingerprint: fingerprint error for serde_json v1.0.151/Check { test: false }/TargetInner { ..: lib_target("serde_json", ["lib"], "/Users/huangjiajiang/.cargo/registry/src/rsproxy.cn-e3de039b2554c837/serde_json-1.0.151/src/lib.rs", Edition2021) }
   0.137732000s  INFO prepare_target{force=false package_id=serde_json v1.0.151 target="serde_json"}: cargo::core::compiler::fingerprint:     err: failed to read `/private/tmp/erp-domain-crate-00-target-finance-check/debug/.fingerprint/serde_json-104a0e95456bbb8a/lib-serde_json`

Caused by:
    No such file or directory (os error 2)
   0.137881791s  INFO prepare_target{force=false package_id=serde_json v1.0.151 target="build-script-build"}: cargo::core::compiler::fingerprint: fingerprint error for serde_json v1.0.151/RunCustomBuild/TargetInner { ..: custom_build_target("build-script-build", "/Users/huangjiajiang/.cargo/registry/src/rsproxy.cn-e3de039b2554c837/serde_json-1.0.151/build.rs", Edition2021) }
   0.137884125s  INFO prepare_target{force=false package_id=serde_json v1.0.151 target="build-script-build"}: cargo::core::compiler::fingerprint:     err: failed to read `/private/tmp/erp-domain-crate-00-target-finance-check/debug/.fingerprint/serde_json-8e20d213f4557528/run-build-script-build-script-build`

Caused by:
    No such file or directory (os error 2)
   0.137923166s  INFO prepare_target{force=false package_id=serde_json v1.0.151 target="build-script-build"}: cargo::core::compiler::fingerprint: fingerprint error for serde_json v1.0.151/Build/TargetInner { ..: custom_build_target("build-script-build", "/Users/huangjiajiang/.cargo/registry/src/rsproxy.cn-e3de039b2554c837/serde_json-1.0.151/build.rs", Edition2021) }
   0.137925625s  INFO prepare_target{force=false package_id=serde_json v1.0.151 target="build-script-build"}: cargo::core::compiler::fingerprint:     err: failed to read `/private/tmp/erp-domain-crate-00-target-finance-check/debug/.fingerprint/serde_json-c7c9c731b279998a/build-script-build-script-build`

Caused by:
    No such file or directory (os error 2)
   0.137974458s  INFO prepare_target{force=false package_id=zmij v1.0.21 target="zmij"}: cargo::core::compiler::fingerprint: fingerprint error for zmij v1.0.21/Check { test: false }/TargetInner { ..: lib_target("zmij", ["lib"], "/Users/huangjiajiang/.cargo/registry/src/rsproxy.cn-e3de039b2554c837/zmij-1.0.21/src/lib.rs", Edition2021) }
   0.137977083s  INFO prepare_target{force=false package_id=zmij v1.0.21 target="zmij"}: cargo::core::compiler::fingerprint:     err: failed to read `/private/tmp/erp-domain-crate-00-target-finance-check/debug/.fingerprint/zmij-3840dbc5e1586044/lib-zmij`

Caused by:
    No such file or directory (os error 2)
   0.138148000s  INFO prepare_target{force=false package_id=zmij v1.0.21 target="build-script-build"}: cargo::core::compiler::fingerprint: fingerprint error for zmij v1.0.21/RunCustomBuild/TargetInner { ..: custom_build_target("build-script-build", "/Users/huangjiajiang/.cargo/registry/src/rsproxy.cn-e3de039b2554c837/zmij-1.0.21/build.rs", Edition2021) }
   0.138150708s  INFO prepare_target{force=false package_id=zmij v1.0.21 target="build-script-build"}: cargo::core::compiler::fingerprint:     err: failed to read `/private/tmp/erp-domain-crate-00-target-finance-check/debug/.fingerprint/zmij-8f8efc0ee115de37/run-build-script-build-script-build`

Caused by:
    No such file or directory (os error 2)
   0.138191958s  INFO prepare_target{force=false package_id=zmij v1.0.21 target="build-script-build"}: cargo::core::compiler::fingerprint: fingerprint error for zmij v1.0.21/Build/TargetInner { ..: custom_build_target("build-script-build", "/Users/huangjiajiang/.cargo/registry/src/rsproxy.cn-e3de039b2554c837/zmij-1.0.21/build.rs", Edition2021) }
   0.138194000s  INFO prepare_target{force=false package_id=zmij v1.0.21 target="build-script-build"}: cargo::core::compiler::fingerprint:     err: failed to read `/private/tmp/erp-domain-crate-00-target-finance-check/debug/.fingerprint/zmij-93ee4849f2e0113d/build-script-build-script-build`

Caused by:
    No such file or directory (os error 2)
   0.138255125s  INFO prepare_target{force=false package_id=serde_path_to_error v0.1.20 target="serde_path_to_error"}: cargo::core::compiler::fingerprint: fingerprint error for serde_path_to_error v0.1.20/Check { test: false }/TargetInner { ..: lib_target("serde_path_to_error", ["lib"], "/Users/huangjiajiang/.cargo/registry/src/rsproxy.cn-e3de039b2554c837/serde_path_to_error-0.1.20/src/lib.rs", Edition2021) }
   0.138257833s  INFO prepare_target{force=false package_id=serde_path_to_error v0.1.20 target="serde_path_to_error"}: cargo::core::compiler::fingerprint:     err: failed to read `/private/tmp/erp-domain-crate-00-target-finance-check/debug/.fingerprint/serde_path_to_error-37bd3faea85690fa/lib-serde_path_to_error`

Caused by:
    No such file or directory (os error 2)
   0.138320041s  INFO prepare_target{force=false package_id=serde_urlencoded v0.7.1 target="serde_urlencoded"}: cargo::core::compiler::fingerprint: fingerprint error for serde_urlencoded v0.7.1/Check { test: false }/TargetInner { name_inferred: true, tested: false, ..: lib_target("serde_urlencoded", ["lib"], "/Users/huangjiajiang/.cargo/registry/src/rsproxy.cn-e3de039b2554c837/serde_urlencoded-0.7.1/src/lib.rs", Edition2018) }
   0.138322625s  INFO prepare_target{force=false package_id=serde_urlencoded v0.7.1 target="serde_urlencoded"}: cargo::core::compiler::fingerprint:     err: failed to read `/private/tmp/erp-domain-crate-00-target-finance-check/debug/.fingerprint/serde_urlencoded-d8c5ec4064eb2d6d/lib-serde_urlencoded`

Caused by:
    No such file or directory (os error 2)
   0.138386041s  INFO prepare_target{force=false package_id=ryu v1.0.23 target="ryu"}: cargo::core::compiler::fingerprint: fingerprint error for ryu v1.0.23/Check { test: false }/TargetInner { ..: lib_target("ryu", ["lib"], "/Users/huangjiajiang/.cargo/registry/src/rsproxy.cn-e3de039b2554c837/ryu-1.0.23/src/lib.rs", Edition2021) }
   0.138388791s  INFO prepare_target{force=false package_id=ryu v1.0.23 target="ryu"}: cargo::core::compiler::fingerprint:     err: failed to read `/private/tmp/erp-domain-crate-00-target-finance-check/debug/.fingerprint/ryu-b616b532b38b5f7f/lib-ryu`

Caused by:
    No such file or directory (os error 2)
   0.138448833s  INFO prepare_target{force=false package_id=tower v0.5.3 target="tower"}: cargo::core::compiler::fingerprint: fingerprint error for tower v0.5.3/Check { test: false }/TargetInner { ..: lib_target("tower", ["lib"], "/Users/huangjiajiang/.cargo/registry/src/rsproxy.cn-e3de039b2554c837/tower-0.5.3/src/lib.rs", Edition2018) }
   0.138451583s  INFO prepare_target{force=false package_id=tower v0.5.3 target="tower"}: cargo::core::compiler::fingerprint:     err: failed to read `/private/tmp/erp-domain-crate-00-target-finance-check/debug/.fingerprint/tower-5a56f1185eb9fb02/lib-tower`

Caused by:
    No such file or directory (os error 2)
   0.138534500s  INFO prepare_target{force=false package_id=chrono v0.4.45 target="chrono"}: cargo::core::compiler::fingerprint: fingerprint error for chrono v0.4.45/Check { test: false }/TargetInner { ..: lib_target("chrono", ["lib"], "/Users/huangjiajiang/.cargo/registry/src/rsproxy.cn-e3de039b2554c837/chrono-0.4.45/src/lib.rs", Edition2021) }
   0.138537208s  INFO prepare_target{force=false package_id=chrono v0.4.45 target="chrono"}: cargo::core::compiler::fingerprint:     err: failed to read `/private/tmp/erp-domain-crate-00-target-finance-check/debug/.fingerprint/chrono-7dbd925fb4ad4cd0/lib-chrono`

Caused by:
    No such file or directory (os error 2)
   0.138604916s  INFO prepare_target{force=false package_id=iana-time-zone v0.1.65 target="iana_time_zone"}: cargo::core::compiler::fingerprint: fingerprint error for iana-time-zone v0.1.65/Check { test: false }/TargetInner { ..: lib_target("iana_time_zone", ["lib"], "/Users/huangjiajiang/.cargo/registry/src/rsproxy.cn-e3de039b2554c837/iana-time-zone-0.1.65/src/lib.rs", Edition2021) }
   0.138607833s  INFO prepare_target{force=false package_id=iana-time-zone v0.1.65 target="iana_time_zone"}: cargo::core::compiler::fingerprint:     err: failed to read `/private/tmp/erp-domain-crate-00-target-finance-check/debug/.fingerprint/iana-time-zone-806a9c0275ec3484/lib-iana_time_zone`

Caused by:
    No such file or directory (os error 2)
   0.138674375s  INFO prepare_target{force=false package_id=core-foundation-sys v0.8.7 target="core_foundation_sys"}: cargo::core::compiler::fingerprint: fingerprint error for core-foundation-sys v0.8.7/Check { test: false }/TargetInner { ..: lib_target("core_foundation_sys", ["lib"], "/Users/huangjiajiang/.cargo/registry/src/rsproxy.cn-e3de039b2554c837/core-foundation-sys-0.8.7/src/lib.rs", Edition2018) }
   0.138676791s  INFO prepare_target{force=false package_id=core-foundation-sys v0.8.7 target="core_foundation_sys"}: cargo::core::compiler::fingerprint:     err: failed to read `/private/tmp/erp-domain-crate-00-target-finance-check/debug/.fingerprint/core-foundation-sys-0c96765ffb6ae6c9/lib-core_foundation_sys`

Caused by:
    No such file or directory (os error 2)
   0.138734250s  INFO prepare_target{force=false package_id=num-traits v0.2.19 target="num_traits"}: cargo::core::compiler::fingerprint: fingerprint error for num-traits v0.2.19/Check { test: false }/TargetInner { name_inferred: true, ..: lib_target("num_traits", ["lib"], "/Users/huangjiajiang/.cargo/registry/src/rsproxy.cn-e3de039b2554c837/num-traits-0.2.19/src/lib.rs", Edition2021) }
   0.138736625s  INFO prepare_target{force=false package_id=num-traits v0.2.19 target="num_traits"}: cargo::core::compiler::fingerprint:     err: failed to read `/private/tmp/erp-domain-crate-00-target-finance-check/debug/.fingerprint/num-traits-a10871d304b21c2f/lib-num_traits`

Caused by:
    No such file or directory (os error 2)
   0.138913375s  INFO prepare_target{force=false package_id=num-traits v0.2.19 target="build-script-build"}: cargo::core::compiler::fingerprint: fingerprint error for num-traits v0.2.19/RunCustomBuild/TargetInner { ..: custom_build_target("build-script-build", "/Users/huangjiajiang/.cargo/registry/src/rsproxy.cn-e3de039b2554c837/num-traits-0.2.19/build.rs", Edition2021) }
   0.138915916s  INFO prepare_target{force=false package_id=num-traits v0.2.19 target="build-script-build"}: cargo::core::compiler::fingerprint:     err: failed to read `/private/tmp/erp-domain-crate-00-target-finance-check/debug/.fingerprint/num-traits-aba976c9123b1f61/run-build-script-build-script-build`

Caused by:
    No such file or directory (os error 2)
   0.138957000s  INFO prepare_target{force=false package_id=num-traits v0.2.19 target="build-script-build"}: cargo::core::compiler::fingerprint: fingerprint error for num-traits v0.2.19/Build/TargetInner { ..: custom_build_target("build-script-build", "/Users/huangjiajiang/.cargo/registry/src/rsproxy.cn-e3de039b2554c837/num-traits-0.2.19/build.rs", Edition2021) }
   0.138959666s  INFO prepare_target{force=false package_id=num-traits v0.2.19 target="build-script-build"}: cargo::core::compiler::fingerprint:     err: failed to read `/private/tmp/erp-domain-crate-00-target-finance-check/debug/.fingerprint/num-traits-4948cdf84cadfc5b/build-script-build-script-build`

Caused by:
    No such file or directory (os error 2)
   0.139019666s  INFO prepare_target{force=false package_id=autocfg v1.5.0 target="autocfg"}: cargo::core::compiler::fingerprint: fingerprint error for autocfg v1.5.0/Build/TargetInner { ..: lib_target("autocfg", ["lib"], "/Users/huangjiajiang/.cargo/registry/src/rsproxy.cn-e3de039b2554c837/autocfg-1.5.0/src/lib.rs", Edition2015) }
   0.139022791s  INFO prepare_target{force=false package_id=autocfg v1.5.0 target="autocfg"}: cargo::core::compiler::fingerprint:     err: failed to read `/private/tmp/erp-domain-crate-00-target-finance-check/debug/.fingerprint/autocfg-c61a369f45adbdae/lib-autocfg`

Caused by:
    No such file or directory (os error 2)
   0.139084791s  INFO prepare_target{force=false package_id=config v0.1.0 (/private/tmp/erp-domain-crate-00-measure/backend/config) target="config"}: cargo::core::compiler::fingerprint: fingerprint error for config v0.1.0 (/private/tmp/erp-domain-crate-00-measure/backend/config)/Check { test: false }/TargetInner { name_inferred: true, ..: lib_target("config", ["lib"], "/private/tmp/erp-domain-crate-00-measure/backend/config/src/lib.rs", Edition2021) }
   0.139088041s  INFO prepare_target{force=false package_id=config v0.1.0 (/private/tmp/erp-domain-crate-00-measure/backend/config) target="config"}: cargo::core::compiler::fingerprint:     err: failed to read `/private/tmp/erp-domain-crate-00-target-finance-check/debug/.fingerprint/config-75e0c9aa8ceec3e0/lib-config`

Caused by:
    No such file or directory (os error 2)
   0.139262916s  INFO prepare_target{force=false package_id=clap v4.6.6 target="clap"}: cargo::core::compiler::fingerprint: fingerprint error for clap v4.6.6/Check { test: false }/TargetInner { benched: false, ..: lib_target("clap", ["lib"], "/Users/huangjiajiang/.cargo/registry/src/rsproxy.cn-e3de039b2554c837/clap-4.6.6/src/lib.rs", Edition2024) }
   0.139265375s  INFO prepare_target{force=false package_id=clap v4.6.6 target="clap"}: cargo::core::compiler::fingerprint:     err: failed to read `/private/tmp/erp-domain-crate-00-target-finance-check/debug/.fingerprint/clap-b8981360060c41cb/lib-clap`

Caused by:
    No such file or directory (os error 2)
   0.139330833s  INFO prepare_target{force=false package_id=clap_builder v4.6.6 target="clap_builder"}: cargo::core::compiler::fingerprint: fingerprint error for clap_builder v4.6.6/Check { test: false }/TargetInner { benched: false, ..: lib_target("clap_builder", ["lib"], "/Users/huangjiajiang/.cargo/registry/src/rsproxy.cn-e3de039b2554c837/clap_builder-4.6.6/src/lib.rs", Edition2024) }
   0.139333333s  INFO prepare_target{force=false package_id=clap_builder v4.6.6 target="clap_builder"}: cargo::core::compiler::fingerprint:     err: failed to read `/private/tmp/erp-domain-crate-00-target-finance-check/debug/.fingerprint/clap_builder-ed80ffafd85c229c/lib-clap_builder`

Caused by:
    No such file or directory (os error 2)
   0.139395833s  INFO prepare_target{force=false package_id=anstream v1.0.0 target="anstream"}: cargo::core::compiler::fingerprint: fingerprint error for anstream v1.0.0/Check { test: false }/TargetInner { ..: lib_target("anstream", ["lib"], "/Users/huangjiajiang/.cargo/registry/src/rsproxy.cn-e3de039b2554c837/anstream-1.0.0/src/lib.rs", Edition2021) }
   0.139398375s  INFO prepare_target{force=false package_id=anstream v1.0.0 target="anstream"}: cargo::core::compiler::fingerprint:     err: failed to read `/private/tmp/erp-domain-crate-00-target-finance-check/debug/.fingerprint/anstream-e52b0e4f560275b0/lib-anstream`

Caused by:
    No such file or directory (os error 2)
   0.139467500s  INFO prepare_target{force=false package_id=anstyle v1.0.14 target="anstyle"}: cargo::core::compiler::fingerprint: fingerprint error for anstyle v1.0.14/Check { test: false }/TargetInner { ..: lib_target("anstyle", ["lib"], "/Users/huangjiajiang/.cargo/registry/src/rsproxy.cn-e3de039b2554c837/anstyle-1.0.14/src/lib.rs", Edition2021) }
   0.139469833s  INFO prepare_target{force=false package_id=anstyle v1.0.14 target="anstyle"}: cargo::core::compiler::fingerprint:     err: failed to read `/private/tmp/erp-domain-crate-00-target-finance-check/debug/.fingerprint/anstyle-82e7b763e297278d/lib-anstyle`

Caused by:
    No such file or directory (os error 2)
   0.139523708s  INFO prepare_target{force=false package_id=anstyle-parse v1.0.0 target="anstyle_parse"}: cargo::core::compiler::fingerprint: fingerprint error for anstyle-parse v1.0.0/Check { test: false }/TargetInner { ..: lib_target("anstyle_parse", ["lib"], "/Users/huangjiajiang/.cargo/registry/src/rsproxy.cn-e3de039b2554c837/anstyle-parse-1.0.0/src/lib.rs", Edition2021) }
   0.139526041s  INFO prepare_target{force=false package_id=anstyle-parse v1.0.0 target="anstyle_parse"}: cargo::core::compiler::fingerprint:     err: failed to read `/private/tmp/erp-domain-crate-00-target-finance-check/debug/.fingerprint/anstyle-parse-478c44803b804b57/lib-anstyle_parse`

Caused by:
    No such file or directory (os error 2)
   0.139585625s  INFO prepare_target{force=false package_id=utf8parse v0.2.2 target="utf8parse"}: cargo::core::compiler::fingerprint: fingerprint error for utf8parse v0.2.2/Check { test: false }/TargetInner { ..: lib_target("utf8parse", ["lib"], "/Users/huangjiajiang/.cargo/registry/src/rsproxy.cn-e3de039b2554c837/utf8parse-0.2.2/src/lib.rs", Edition2018) }
   0.139588125s  INFO prepare_target{force=false package_id=utf8parse v0.2.2 target="utf8parse"}: cargo::core::compiler::fingerprint:     err: failed to read `/private/tmp/erp-domain-crate-00-target-finance-check/debug/.fingerprint/utf8parse-89b20cba206e27da/lib-utf8parse`

Caused by:
    No such file or directory (os error 2)
   0.139646833s  INFO prepare_target{force=false package_id=anstyle-query v1.1.5 target="anstyle_query"}: cargo::core::compiler::fingerprint: fingerprint error for anstyle-query v1.1.5/Check { test: false }/TargetInner { ..: lib_target("anstyle_query", ["lib"], "/Users/huangjiajiang/.cargo/registry/src/rsproxy.cn-e3de039b2554c837/anstyle-query-1.1.5/src/lib.rs", Edition2021) }
   0.139649250s  INFO prepare_target{force=false package_id=anstyle-query v1.1.5 target="anstyle_query"}: cargo::core::compiler::fingerprint:     err: failed to read `/private/tmp/erp-domain-crate-00-target-finance-check/debug/.fingerprint/anstyle-query-df4b538957ca7123/lib-anstyle_query`

Caused by:
    No such file or directory (os error 2)
   0.139706125s  INFO prepare_target{force=false package_id=colorchoice v1.0.5 target="colorchoice"}: cargo::core::compiler::fingerprint: fingerprint error for colorchoice v1.0.5/Check { test: false }/TargetInner { ..: lib_target("colorchoice", ["lib"], "/Users/huangjiajiang/.cargo/registry/src/rsproxy.cn-e3de039b2554c837/colorchoice-1.0.5/src/lib.rs", Edition2021) }
   0.139709125s  INFO prepare_target{force=false package_id=colorchoice v1.0.5 target="colorchoice"}: cargo::core::compiler::fingerprint:     err: failed to read `/private/tmp/erp-domain-crate-00-target-finance-check/debug/.fingerprint/colorchoice-c002b36e476d8185/lib-colorchoice`

Caused by:
    No such file or directory (os error 2)
   0.139771583s  INFO prepare_target{force=false package_id=is_terminal_polyfill v1.70.2 target="is_terminal_polyfill"}: cargo::core::compiler::fingerprint: fingerprint error for is_terminal_polyfill v1.70.2/Check { test: false }/TargetInner { ..: lib_target("is_terminal_polyfill", ["lib"], "/Users/huangjiajiang/.cargo/registry/src/rsproxy.cn-e3de039b2554c837/is_terminal_polyfill-1.70.2/src/lib.rs", Edition2021) }
   0.139774458s  INFO prepare_target{force=false package_id=is_terminal_polyfill v1.70.2 target="is_terminal_polyfill"}: cargo::core::compiler::fingerprint:     err: failed to read `/private/tmp/erp-domain-crate-00-target-finance-check/debug/.fingerprint/is_terminal_polyfill-b92e2b93cea3615a/lib-is_terminal_polyfill`

Caused by:
    No such file or directory (os error 2)
   0.139836291s  INFO prepare_target{force=false package_id=clap_lex v1.1.0 target="clap_lex"}: cargo::core::compiler::fingerprint: fingerprint error for clap_lex v1.1.0/Check { test: false }/TargetInner { benched: false, ..: lib_target("clap_lex", ["lib"], "/Users/huangjiajiang/.cargo/registry/src/rsproxy.cn-e3de039b2554c837/clap_lex-1.1.0/src/lib.rs", Edition2024) }
   0.139838833s  INFO prepare_target{force=false package_id=clap_lex v1.1.0 target="clap_lex"}: cargo::core::compiler::fingerprint:     err: failed to read `/private/tmp/erp-domain-crate-00-target-finance-check/debug/.fingerprint/clap_lex-1c0ec3188291aaa0/lib-clap_lex`

Caused by:
    No such file or directory (os error 2)
   0.139895291s  INFO prepare_target{force=false package_id=strsim v0.11.1 target="strsim"}: cargo::core::compiler::fingerprint: fingerprint error for strsim v0.11.1/Check { test: false }/TargetInner { name_inferred: true, ..: lib_target("strsim", ["lib"], "/Users/huangjiajiang/.cargo/registry/src/rsproxy.cn-e3de039b2554c837/strsim-0.11.1/src/lib.rs", Edition2015) }
   0.139897750s  INFO prepare_target{force=false package_id=strsim v0.11.1 target="strsim"}: cargo::core::compiler::fingerprint:     err: failed to read `/private/tmp/erp-domain-crate-00-target-finance-check/debug/.fingerprint/strsim-d43678ea6c3c2cd3/lib-strsim`

Caused by:
    No such file or directory (os error 2)
   0.139952083s  INFO prepare_target{force=false package_id=clap_derive v4.6.4 target="clap_derive"}: cargo::core::compiler::fingerprint: fingerprint error for clap_derive v4.6.4/Build/TargetInner { benched: false, for_host: true, proc_macro: true, ..: lib_target("clap_derive", ["proc-macro"], "/Users/huangjiajiang/.cargo/registry/src/rsproxy.cn-e3de039b2554c837/clap_derive-4.6.4/src/lib.rs", Edition2024) }
   0.139954625s  INFO prepare_target{force=false package_id=clap_derive v4.6.4 target="clap_derive"}: cargo::core::compiler::fingerprint:     err: failed to read `/private/tmp/erp-domain-crate-00-target-finance-check/debug/.fingerprint/clap_derive-69d356f684897ace/lib-clap_derive`

Caused by:
    No such file or directory (os error 2)
   0.140017875s  INFO prepare_target{force=false package_id=heck v0.5.0 target="heck"}: cargo::core::compiler::fingerprint: fingerprint error for heck v0.5.0/Build/TargetInner { name_inferred: true, ..: lib_target("heck", ["lib"], "/Users/huangjiajiang/.cargo/registry/src/rsproxy.cn-e3de039b2554c837/heck-0.5.0/src/lib.rs", Edition2021) }
   0.140020166s  INFO prepare_target{force=false package_id=heck v0.5.0 target="heck"}: cargo::core::compiler::fingerprint:     err: failed to read `/private/tmp/erp-domain-crate-00-target-finance-check/debug/.fingerprint/heck-2e9a630e4b9d0856/lib-heck`

Caused by:
    No such file or directory (os error 2)
   0.140077000s  INFO prepare_target{force=false package_id=nacos-sdk v0.8.0 target="nacos_sdk"}: cargo::core::compiler::fingerprint: fingerprint error for nacos-sdk v0.8.0/Check { test: false }/TargetInner { ..: lib_target("nacos_sdk", ["lib"], "/Users/huangjiajiang/.cargo/registry/src/rsproxy.cn-e3de039b2554c837/nacos-sdk-0.8.0/src/lib.rs", Edition2024) }
   0.140079666s  INFO prepare_target{force=false package_id=nacos-sdk v0.8.0 target="nacos_sdk"}: cargo::core::compiler::fingerprint:     err: failed to read `/private/tmp/erp-domain-crate-00-target-finance-check/debug/.fingerprint/nacos-sdk-f9fafe6945385361/lib-nacos_sdk`

Caused by:
    No such file or directory (os error 2)
   0.140240125s  INFO prepare_target{force=false package_id=arc-swap v1.9.1 target="arc_swap"}: cargo::core::compiler::fingerprint: fingerprint error for arc-swap v1.9.1/Check { test: false }/TargetInner { ..: lib_target("arc_swap", ["lib"], "/Users/huangjiajiang/.cargo/registry/src/rsproxy.cn-e3de039b2554c837/arc-swap-1.9.1/src/lib.rs", Edition2018) }
   0.140242625s  INFO prepare_target{force=false package_id=arc-swap v1.9.1 target="arc_swap"}: cargo::core::compiler::fingerprint:     err: failed to read `/private/tmp/erp-domain-crate-00-target-finance-check/debug/.fingerprint/arc-swap-a1e4f06bd3315045/lib-arc_swap`

Caused by:
    No such file or directory (os error 2)
   0.140296291s  INFO prepare_target{force=false package_id=rustversion v1.0.22 target="rustversion"}: cargo::core::compiler::fingerprint: fingerprint error for rustversion v1.0.22/Build/TargetInner { for_host: true, proc_macro: true, ..: lib_target("rustversion", ["proc-macro"], "/Users/huangjiajiang/.cargo/registry/src/rsproxy.cn-e3de039b2554c837/rustversion-1.0.22/src/lib.rs", Edition2018) }
   0.140299250s  INFO prepare_target{force=false package_id=rustversion v1.0.22 target="rustversion"}: cargo::core::compiler::fingerprint:     err: failed to read `/private/tmp/erp-domain-crate-00-target-finance-check/debug/.fingerprint/rustversion-8b35a27c85034222/lib-rustversion`

Caused by:
    No such file or directory (os error 2)
   0.140480125s  INFO prepare_target{force=false package_id=rustversion v1.0.22 target="build-script-build"}: cargo::core::compiler::fingerprint: fingerprint error for rustversion v1.0.22/RunCustomBuild/TargetInner { ..: custom_build_target("build-script-build", "/Users/huangjiajiang/.cargo/registry/src/rsproxy.cn-e3de039b2554c837/rustversion-1.0.22/build/build.rs", Edition2018) }
   0.140482750s  INFO prepare_target{force=false package_id=rustversion v1.0.22 target="build-script-build"}: cargo::core::compiler::fingerprint:     err: failed to read `/private/tmp/erp-domain-crate-00-target-finance-check/debug/.fingerprint/rustversion-22daa1692706349c/run-build-script-build-script-build`

Caused by:
    No such file or directory (os error 2)
   0.140522333s  INFO prepare_target{force=false package_id=rustversion v1.0.22 target="build-script-build"}: cargo::core::compiler::fingerprint: fingerprint error for rustversion v1.0.22/Build/TargetInner { ..: custom_build_target("build-script-build", "/Users/huangjiajiang/.cargo/registry/src/rsproxy.cn-e3de039b2554c837/rustversion-1.0.22/build/build.rs", Edition2018) }
   0.140524541s  INFO prepare_target{force=false package_id=rustversion v1.0.22 target="build-script-build"}: cargo::core::compiler::fingerprint:     err: failed to read `/private/tmp/erp-domain-crate-00-target-finance-check/debug/.fingerprint/rustversion-87ca687be4d365a6/build-script-build-script-build`

Caused by:
    No such file or directory (os error 2)
   0.140569750s  INFO prepare_target{force=false package_id=async-stream v0.3.6 target="async_stream"}: cargo::core::compiler::fingerprint: fingerprint error for async-stream v0.3.6/Check { test: false }/TargetInner { ..: lib_target("async_stream", ["lib"], "/Users/huangjiajiang/.cargo/registry/src/rsproxy.cn-e3de039b2554c837/async-stream-0.3.6/src/lib.rs", Edition2021) }
   0.140572416s  INFO prepare_target{force=false package_id=async-stream v0.3.6 target="async_stream"}: cargo::core::compiler::fingerprint:     err: failed to read `/private/tmp/erp-domain-crate-00-target-finance-check/debug/.fingerprint/async-stream-23e1f639bb5c20ae/lib-async_stream`

Caused by:
    No such file or directory (os error 2)
   0.140627958s  INFO prepare_target{force=false package_id=async-stream-impl v0.3.6 target="async_stream_impl"}: cargo::core::compiler::fingerprint: fingerprint error for async-stream-impl v0.3.6/Build/TargetInner { for_host: true, proc_macro: true, ..: lib_target("async_stream_impl", ["proc-macro"], "/Users/huangjiajiang/.cargo/registry/src/rsproxy.cn-e3de039b2554c837/async-stream-impl-0.3.6/src/lib.rs", Edition2021) }
   0.140630416s  INFO prepare_target{force=false package_id=async-stream-impl v0.3.6 target="async_stream_impl"}: cargo::core::compiler::fingerprint:     err: failed to read `/private/tmp/erp-domain-crate-00-target-finance-check/debug/.fingerprint/async-stream-impl-be426e95c7db76dc/lib-async_stream_impl`

Caused by:
    No such file or directory (os error 2)
   0.140693375s  INFO prepare_target{force=false package_id=async-trait v0.1.92 target="async_trait"}: cargo::core::compiler::fingerprint: fingerprint error for async-trait v0.1.92/Build/TargetInner { for_host: true, proc_macro: true, ..: lib_target("async_trait", ["proc-macro"], "/Users/huangjiajiang/.cargo/registry/src/rsproxy.cn-e3de039b2554c837/async-trait-0.1.92/src/lib.rs", Edition2021) }
   0.140696291s  INFO prepare_target{force=false package_id=async-trait v0.1.92 target="async_trait"}: cargo::core::compiler::fingerprint:     err: failed to read `/private/tmp/erp-domain-crate-00-target-finance-check/debug/.fingerprint/async-trait-8e29fbacdd031605/lib-async_trait`

Caused by:
    No such file or directory (os error 2)
   0.140763375s  INFO prepare_target{force=false package_id=dashmap v6.1.0 target="dashmap"}: cargo::core::compiler::fingerprint: fingerprint error for dashmap v6.1.0/Check { test: false }/TargetInner { name_inferred: true, ..: lib_target("dashmap", ["lib"], "/Users/huangjiajiang/.cargo/registry/src/rsproxy.cn-e3de039b2554c837/dashmap-6.1.0/src/lib.rs", Edition2018) }
   0.140765958s  INFO prepare_target{force=false package_id=dashmap v6.1.0 target="dashmap"}: cargo::core::compiler::fingerprint:     err: failed to read `/private/tmp/erp-domain-crate-00-target-finance-check/debug/.fingerprint/dashmap-25cb9f464d258811/lib-dashmap`

Caused by:
    No such file or directory (os error 2)
   0.140844625s  INFO prepare_target{force=false package_id=crossbeam-utils v0.8.21 target="crossbeam_utils"}: cargo::core::compiler::fingerprint: fingerprint error for crossbeam-utils v0.8.21/Check { test: false }/TargetInner { ..: lib_target("crossbeam_utils", ["lib"], "/Users/huangjiajiang/.cargo/registry/src/rsproxy.cn-e3de039b2554c837/crossbeam-utils-0.8.21/src/lib.rs", Edition2021) }
   0.140847625s  INFO prepare_target{force=false package_id=crossbeam-utils v0.8.21 target="crossbeam_utils"}: cargo::core::compiler::fingerprint:     err: failed to read `/private/tmp/erp-domain-crate-00-target-finance-check/debug/.fingerprint/crossbeam-utils-6ac06ad69229d1bc/lib-crossbeam_utils`

Caused by:
    No such file or directory (os error 2)
   0.141028875s  INFO prepare_target{force=false package_id=crossbeam-utils v0.8.21 target="build-script-build"}: cargo::core::compiler::fingerprint: fingerprint error for crossbeam-utils v0.8.21/RunCustomBuild/TargetInner { ..: custom_build_target("build-script-build", "/Users/huangjiajiang/.cargo/registry/src/rsproxy.cn-e3de039b2554c837/crossbeam-utils-0.8.21/build.rs", Edition2021) }
   0.141031500s  INFO prepare_target{force=false package_id=crossbeam-utils v0.8.21 target="build-script-build"}: cargo::core::compiler::fingerprint:     err: failed to read `/private/tmp/erp-domain-crate-00-target-finance-check/debug/.fingerprint/crossbeam-utils-f1eb98d37ab8c5c0/run-build-script-build-script-build`

Caused by:
    No such file or directory (os error 2)
   0.141074833s  INFO prepare_target{force=false package_id=crossbeam-utils v0.8.21 target="build-script-build"}: cargo::core::compiler::fingerprint: fingerprint error for crossbeam-utils v0.8.21/Build/TargetInner { ..: custom_build_target("build-script-build", "/Users/huangjiajiang/.cargo/registry/src/rsproxy.cn-e3de039b2554c837/crossbeam-utils-0.8.21/build.rs", Edition2021) }
   0.141077041s  INFO prepare_target{force=false package_id=crossbeam-utils v0.8.21 target="build-script-build"}: cargo::core::compiler::fingerprint:     err: failed to read `/private/tmp/erp-domain-crate-00-target-finance-check/debug/.fingerprint/crossbeam-utils-cacf3a565b6dc120/build-script-build-script-build`

Caused by:
    No such file or directory (os error 2)
   0.141137208s  INFO prepare_target{force=false package_id=hashbrown v0.14.5 target="hashbrown"}: cargo::core::compiler::fingerprint: fingerprint error for hashbrown v0.14.5/Check { test: false }/TargetInner { name_inferred: true, ..: lib_target("hashbrown", ["lib"], "/Users/huangjiajiang/.cargo/registry/src/rsproxy.cn-e3de039b2554c837/hashbrown-0.14.5/src/lib.rs", Edition2021) }
   0.141139500s  INFO prepare_target{force=false package_id=hashbrown v0.14.5 target="hashbrown"}: cargo::core::compiler::fingerprint:     err: failed to read `/private/tmp/erp-domain-crate-00-target-finance-check/debug/.fingerprint/hashbrown-cac96528bf628705/lib-hashbrown`

Caused by:
    No such file or directory (os error 2)
   0.141205583s  INFO prepare_target{force=false package_id=ahash v0.8.12 target="ahash"}: cargo::core::compiler::fingerprint: fingerprint error for ahash v0.8.12/Check { test: false }/TargetInner { ..: lib_target("ahash", ["lib"], "/Users/huangjiajiang/.cargo/registry/src/rsproxy.cn-e3de039b2554c837/ahash-0.8.12/src/lib.rs", Edition2018) }
   0.141208250s  INFO prepare_target{force=false package_id=ahash v0.8.12 target="ahash"}: cargo::core::compiler::fingerprint:     err: failed to read `/private/tmp/erp-domain-crate-00-target-finance-check/debug/.fingerprint/ahash-27e335e93be43383/lib-ahash`

Caused by:
    No such file or directory (os error 2)
   0.141396625s  INFO prepare_target{force=false package_id=ahash v0.8.12 target="build-script-build"}: cargo::core::compiler::fingerprint: fingerprint error for ahash v0.8.12/RunCustomBuild/TargetInner { ..: custom_build_target("build-script-build", "/Users/huangjiajiang/.cargo/registry/src/rsproxy.cn-e3de039b2554c837/ahash-0.8.12/build.rs", Edition2018) }
   0.141399250s  INFO prepare_target{force=false package_id=ahash v0.8.12 target="build-script-build"}: cargo::core::compiler::fingerprint:     err: failed to read `/private/tmp/erp-domain-crate-00-target-finance-check/debug/.fingerprint/ahash-9e874628cc69c3ad/run-build-script-build-script-build`

Caused by:
    No such file or directory (os error 2)
   0.141442375s  INFO prepare_target{force=false package_id=ahash v0.8.12 target="build-script-build"}: cargo::core::compiler::fingerprint: fingerprint error for ahash v0.8.12/Build/TargetInner { ..: custom_build_target("build-script-build", "/Users/huangjiajiang/.cargo/registry/src/rsproxy.cn-e3de039b2554c837/ahash-0.8.12/build.rs", Edition2018) }
   0.141444458s  INFO prepare_target{force=false package_id=ahash v0.8.12 target="build-script-build"}: cargo::core::compiler::fingerprint:     err: failed to read `/private/tmp/erp-domain-crate-00-target-finance-check/debug/.fingerprint/ahash-6b8efb07e9c37000/build-script-build-script-build`

Caused by:
    No such file or directory (os error 2)
   0.141503541s  INFO prepare_target{force=false package_id=const-random v0.1.18 target="const_random"}: cargo::core::compiler::fingerprint: fingerprint error for const-random v0.1.18/Check { test: false }/TargetInner { name_inferred: true, ..: lib_target("const_random", ["lib"], "/Users/huangjiajiang/.cargo/registry/src/rsproxy.cn-e3de039b2554c837/const-random-0.1.18/src/lib.rs", Edition2018) }
   0.141505875s  INFO prepare_target{force=false package_id=const-random v0.1.18 target="const_random"}: cargo::core::compiler::fingerprint:     err: failed to read `/private/tmp/erp-domain-crate-00-target-finance-check/debug/.fingerprint/const-random-42deaf42d2e666d1/lib-const_random`

Caused by:
    No such file or directory (os error 2)
   0.141563250s  INFO prepare_target{force=false package_id=const-random-macro v0.1.16 target="const_random_macro"}: cargo::core::compiler::fingerprint: fingerprint error for const-random-macro v0.1.16/Build/TargetInner { name_inferred: true, for_host: true, proc_macro: true, ..: lib_target("const_random_macro", ["proc-macro"], "/Users/huangjiajiang/.cargo/registry/src/rsproxy.cn-e3de039b2554c837/const-random-macro-0.1.16/src/lib.rs", Edition2018) }
   0.141565708s  INFO prepare_target{force=false package_id=const-random-macro v0.1.16 target="const_random_macro"}: cargo::core::compiler::fingerprint:     err: failed to read `/private/tmp/erp-domain-crate-00-target-finance-check/debug/.fingerprint/const-random-macro-4718689d1d9db1bf/lib-const_random_macro`

Caused by:
    No such file or directory (os error 2)
   0.141625833s  INFO prepare_target{force=false package_id=getrandom v0.2.17 target="getrandom"}: cargo::core::compiler::fingerprint: fingerprint error for getrandom v0.2.17/Build/TargetInner { ..: lib_target("getrandom", ["lib"], "/Users/huangjiajiang/.cargo/registry/src/rsproxy.cn-e3de039b2554c837/getrandom-0.2.17/src/lib.rs", Edition2018) }
   0.141628041s  INFO prepare_target{force=false package_id=getrandom v0.2.17 target="getrandom"}: cargo::core::compiler::fingerprint:     err: failed to read `/private/tmp/erp-domain-crate-00-target-finance-check/debug/.fingerprint/getrandom-9fc1f887621cfc73/lib-getrandom`

Caused by:
    No such file or directory (os error 2)
   0.141685291s  INFO prepare_target{force=false package_id=cfg-if v1.0.4 target="cfg_if"}: cargo::core::compiler::fingerprint: fingerprint error for cfg-if v1.0.4/Build/TargetInner { ..: lib_target("cfg_if", ["lib"], "/Users/huangjiajiang/.cargo/registry/src/rsproxy.cn-e3de039b2554c837/cfg-if-1.0.4/src/lib.rs", Edition2018) }
   0.141687916s  INFO prepare_target{force=false package_id=cfg-if v1.0.4 target="cfg_if"}: cargo::core::compiler::fingerprint:     err: failed to read `/private/tmp/erp-domain-crate-00-target-finance-check/debug/.fingerprint/cfg-if-89e399ad2bb0e925/lib-cfg_if`

Caused by:
    No such file or directory (os error 2)
   0.141741416s  INFO prepare_target{force=false package_id=libc v0.2.186 target="libc"}: cargo::core::compiler::fingerprint: fingerprint error for libc v0.2.186/Build/TargetInner { ..: lib_target("libc", ["lib"], "/Users/huangjiajiang/.cargo/registry/src/rsproxy.cn-e3de039b2554c837/libc-0.2.186/src/lib.rs", Edition2021) }
   0.141743916s  INFO prepare_target{force=false package_id=libc v0.2.186 target="libc"}: cargo::core::compiler::fingerprint:     err: failed to read `/private/tmp/erp-domain-crate-00-target-finance-check/debug/.fingerprint/libc-f0e3022296e6136c/lib-libc`

Caused by:
    No such file or directory (os error 2)
   0.141797833s  INFO prepare_target{force=false package_id=once_cell v1.21.4 target="once_cell"}: cargo::core::compiler::fingerprint: fingerprint error for once_cell v1.21.4/Build/TargetInner { ..: lib_target("once_cell", ["lib"], "/Users/huangjiajiang/.cargo/registry/src/rsproxy.cn-e3de039b2554c837/once_cell-1.21.4/src/lib.rs", Edition2021) }
   0.141800416s  INFO prepare_target{force=false package_id=once_cell v1.21.4 target="once_cell"}: cargo::core::compiler::fingerprint:     err: failed to read `/private/tmp/erp-domain-crate-00-target-finance-check/debug/.fingerprint/once_cell-4fd71f7c9f74d5b5/lib-once_cell`

Caused by:
    No such file or directory (os error 2)
   0.141858083s  INFO prepare_target{force=false package_id=tiny-keccak v2.0.2 target="tiny_keccak"}: cargo::core::compiler::fingerprint: fingerprint error for tiny-keccak v2.0.2/Build/TargetInner { name_inferred: true, ..: lib_target("tiny_keccak", ["lib"], "/Users/huangjiajiang/.cargo/registry/src/rsproxy.cn-e3de039b2554c837/tiny-keccak-2.0.2/src/lib.rs", Edition2018) }
   0.141860666s  INFO prepare_target{force=false package_id=tiny-keccak v2.0.2 target="tiny_keccak"}: cargo::core::compiler::fingerprint:     err: failed to read `/private/tmp/erp-domain-crate-00-target-finance-check/debug/.fingerprint/tiny-keccak-4902bb3acbc0b67d/lib-tiny_keccak`

Caused by:
    No such file or directory (os error 2)
   0.141919375s  INFO prepare_target{force=false package_id=crunchy v0.2.4 target="crunchy"}: cargo::core::compiler::fingerprint: fingerprint error for crunchy v0.2.4/Build/TargetInner { ..: lib_target("crunchy", ["lib"], "/Users/huangjiajiang/.cargo/registry/src/rsproxy.cn-e3de039b2554c837/crunchy-0.2.4/src/lib.rs", Edition2021) }
   0.141921916s  INFO prepare_target{force=false package_id=crunchy v0.2.4 target="crunchy"}: cargo::core::compiler::fingerprint:     err: failed to read `/private/tmp/erp-domain-crate-00-target-finance-check/debug/.fingerprint/crunchy-71bed1f4c65dfec5/lib-crunchy`

Caused by:
    No such file or directory (os error 2)
   0.142107000s  INFO prepare_target{force=false package_id=crunchy v0.2.4 target="build-script-build"}: cargo::core::compiler::fingerprint: fingerprint error for crunchy v0.2.4/RunCustomBuild/TargetInner { ..: custom_build_target("build-script-build", "/Users/huangjiajiang/.cargo/registry/src/rsproxy.cn-e3de039b2554c837/crunchy-0.2.4/build.rs", Edition2021) }
   0.142109791s  INFO prepare_target{force=false package_id=crunchy v0.2.4 target="build-script-build"}: cargo::core::compiler::fingerprint:     err: failed to read `/private/tmp/erp-domain-crate-00-target-finance-check/debug/.fingerprint/crunchy-797949f96b97fdcc/run-build-script-build-script-build`

Caused by:
    No such file or directory (os error 2)
   0.142152041s  INFO prepare_target{force=false package_id=crunchy v0.2.4 target="build-script-build"}: cargo::core::compiler::fingerprint: fingerprint error for crunchy v0.2.4/Build/TargetInner { ..: custom_build_target("build-script-build", "/Users/huangjiajiang/.cargo/registry/src/rsproxy.cn-e3de039b2554c837/crunchy-0.2.4/build.rs", Edition2021) }
   0.142154458s  INFO prepare_target{force=false package_id=crunchy v0.2.4 target="build-script-build"}: cargo::core::compiler::fingerprint:     err: failed to read `/private/tmp/erp-domain-crate-00-target-finance-check/debug/.fingerprint/crunchy-c34fc9e99fb60557/build-script-build-script-build`

Caused by:
    No such file or directory (os error 2)
   0.142316791s  INFO prepare_target{force=false package_id=tiny-keccak v2.0.2 target="build-script-build"}: cargo::core::compiler::fingerprint: fingerprint error for tiny-keccak v2.0.2/RunCustomBuild/TargetInner { ..: custom_build_target("build-script-build", "/Users/huangjiajiang/.cargo/registry/src/rsproxy.cn-e3de039b2554c837/tiny-keccak-2.0.2/build.rs", Edition2018) }
   0.142319916s  INFO prepare_target{force=false package_id=tiny-keccak v2.0.2 target="build-script-build"}: cargo::core::compiler::fingerprint:     err: failed to read `/private/tmp/erp-domain-crate-00-target-finance-check/debug/.fingerprint/tiny-keccak-944ae44d50097233/run-build-script-build-script-build`

Caused by:
    No such file or directory (os error 2)
   0.142355166s  INFO prepare_target{force=false package_id=tiny-keccak v2.0.2 target="build-script-build"}: cargo::core::compiler::fingerprint: fingerprint error for tiny-keccak v2.0.2/Build/TargetInner { ..: custom_build_target("build-script-build", "/Users/huangjiajiang/.cargo/registry/src/rsproxy.cn-e3de039b2554c837/tiny-keccak-2.0.2/build.rs", Edition2018) }
   0.142358208s  INFO prepare_target{force=false package_id=tiny-keccak v2.0.2 target="build-script-build"}: cargo::core::compiler::fingerprint:     err: failed to read `/private/tmp/erp-domain-crate-00-target-finance-check/debug/.fingerprint/tiny-keccak-70354c72d218214d/build-script-build-script-build`

Caused by:
    No such file or directory (os error 2)
   0.142401416s  INFO prepare_target{force=false package_id=getrandom v0.3.4 target="getrandom"}: cargo::core::compiler::fingerprint: fingerprint error for getrandom v0.3.4/Check { test: false }/TargetInner { ..: lib_target("getrandom", ["lib"], "/Users/huangjiajiang/.cargo/registry/src/rsproxy.cn-e3de039b2554c837/getrandom-0.3.4/src/lib.rs", Edition2021) }
   0.142404041s  INFO prepare_target{force=false package_id=getrandom v0.3.4 target="getrandom"}: cargo::core::compiler::fingerprint:     err: failed to read `/private/tmp/erp-domain-crate-00-target-finance-check/debug/.fingerprint/getrandom-5e10dcce3d5aa11c/lib-getrandom`

Caused by:
    No such file or directory (os error 2)
   0.142555708s  INFO prepare_target{force=false package_id=getrandom v0.3.4 target="build-script-build"}: cargo::core::compiler::fingerprint: fingerprint error for getrandom v0.3.4/RunCustomBuild/TargetInner { ..: custom_build_target("build-script-build", "/Users/huangjiajiang/.cargo/registry/src/rsproxy.cn-e3de039b2554c837/getrandom-0.3.4/build.rs", Edition2021) }
   0.142558166s  INFO prepare_target{force=false package_id=getrandom v0.3.4 target="build-script-build"}: cargo::core::compiler::fingerprint:     err: failed to read `/private/tmp/erp-domain-crate-00-target-finance-check/debug/.fingerprint/getrandom-52c587487bc47582/run-build-script-build-script-build`

Caused by:
    No such file or directory (os error 2)
   0.142593166s  INFO prepare_target{force=false package_id=getrandom v0.3.4 target="build-script-build"}: cargo::core::compiler::fingerprint: fingerprint error for getrandom v0.3.4/Build/TargetInner { ..: custom_build_target("build-script-build", "/Users/huangjiajiang/.cargo/registry/src/rsproxy.cn-e3de039b2554c837/getrandom-0.3.4/build.rs", Edition2021) }
   0.142595541s  INFO prepare_target{force=false package_id=getrandom v0.3.4 target="build-script-build"}: cargo::core::compiler::fingerprint:     err: failed to read `/private/tmp/erp-domain-crate-00-target-finance-check/debug/.fingerprint/getrandom-a9ebccb38d2b8051/build-script-build-script-build`

Caused by:
    No such file or directory (os error 2)
   0.142639666s  INFO prepare_target{force=false package_id=zerocopy v0.8.48 target="zerocopy"}: cargo::core::compiler::fingerprint: fingerprint error for zerocopy v0.8.48/Check { test: false }/TargetInner { ..: lib_target("zerocopy", ["lib"], "/Users/huangjiajiang/.cargo/registry/src/rsproxy.cn-e3de039b2554c837/zerocopy-0.8.48/src/lib.rs", Edition2021) }
   0.142642250s  INFO prepare_target{force=false package_id=zerocopy v0.8.48 target="zerocopy"}: cargo::core::compiler::fingerprint:     err: failed to read `/private/tmp/erp-domain-crate-00-target-finance-check/debug/.fingerprint/zerocopy-414c49dd7dbcbb26/lib-zerocopy`

Caused by:
    No such file or directory (os error 2)
   0.142793708s  INFO prepare_target{force=false package_id=zerocopy v0.8.48 target="build-script-build"}: cargo::core::compiler::fingerprint: fingerprint error for zerocopy v0.8.48/RunCustomBuild/TargetInner { ..: custom_build_target("build-script-build", "/Users/huangjiajiang/.cargo/registry/src/rsproxy.cn-e3de039b2554c837/zerocopy-0.8.48/build.rs", Edition2021) }
   0.142796333s  INFO prepare_target{force=false package_id=zerocopy v0.8.48 target="build-script-build"}: cargo::core::compiler::fingerprint:     err: failed to read `/private/tmp/erp-domain-crate-00-target-finance-check/debug/.fingerprint/zerocopy-aec3dff5605165dd/run-build-script-build-script-build`

Caused by:
    No such file or directory (os error 2)
   0.142829541s  INFO prepare_target{force=false package_id=zerocopy v0.8.48 target="build-script-build"}: cargo::core::compiler::fingerprint: fingerprint error for zerocopy v0.8.48/Build/TargetInner { ..: custom_build_target("build-script-build", "/Users/huangjiajiang/.cargo/registry/src/rsproxy.cn-e3de039b2554c837/zerocopy-0.8.48/build.rs", Edition2021) }
   0.142831666s  INFO prepare_target{force=false package_id=zerocopy v0.8.48 target="build-script-build"}: cargo::core::compiler::fingerprint:     err: failed to read `/private/tmp/erp-domain-crate-00-target-finance-check/debug/.fingerprint/zerocopy-0975b118574e8201/build-script-build-script-build`

Caused by:
    No such file or directory (os error 2)
   0.142879291s  INFO prepare_target{force=false package_id=lock_api v0.4.14 target="lock_api"}: cargo::core::compiler::fingerprint: fingerprint error for lock_api v0.4.14/Check { test: false }/TargetInner { ..: lib_target("lock_api", ["lib"], "/Users/huangjiajiang/.cargo/registry/src/rsproxy.cn-e3de039b2554c837/lock_api-0.4.14/src/lib.rs", Edition2021) }
   0.142881958s  INFO prepare_target{force=false package_id=lock_api v0.4.14 target="lock_api"}: cargo::core::compiler::fingerprint:     err: failed to read `/private/tmp/erp-domain-crate-00-target-finance-check/debug/.fingerprint/lock_api-c51de9b16e66ef6d/lib-lock_api`

Caused by:
    No such file or directory (os error 2)
   0.142936291s  INFO prepare_target{force=false package_id=scopeguard v1.2.0 target="scopeguard"}: cargo::core::compiler::fingerprint: fingerprint error for scopeguard v1.2.0/Check { test: false }/TargetInner { name_inferred: true, ..: lib_target("scopeguard", ["lib"], "/Users/huangjiajiang/.cargo/registry/src/rsproxy.cn-e3de039b2554c837/scopeguard-1.2.0/src/lib.rs", Edition2015) }
   0.142938916s  INFO prepare_target{force=false package_id=scopeguard v1.2.0 target="scopeguard"}: cargo::core::compiler::fingerprint:     err: failed to read `/private/tmp/erp-domain-crate-00-target-finance-check/debug/.fingerprint/scopeguard-80b07a37f33cd0b0/lib-scopeguard`

Caused by:
    No such file or directory (os error 2)
   0.142996083s  INFO prepare_target{force=false package_id=parking_lot_core v0.9.12 target="parking_lot_core"}: cargo::core::compiler::fingerprint: fingerprint error for parking_lot_core v0.9.12/Check { test: false }/TargetInner { ..: lib_target("parking_lot_core", ["lib"], "/Users/huangjiajiang/.cargo/registry/src/rsproxy.cn-e3de039b2554c837/parking_lot_core-0.9.12/src/lib.rs", Edition2021) }
   0.142998875s  INFO prepare_target{force=false package_id=parking_lot_core v0.9.12 target="parking_lot_core"}: cargo::core::compiler::fingerprint:     err: failed to read `/private/tmp/erp-domain-crate-00-target-finance-check/debug/.fingerprint/parking_lot_core-09cda4ff3f2c8ce9/lib-parking_lot_core`

Caused by:
    No such file or directory (os error 2)
   0.143165583s  INFO prepare_target{force=false package_id=parking_lot_core v0.9.12 target="build-script-build"}: cargo::core::compiler::fingerprint: fingerprint error for parking_lot_core v0.9.12/RunCustomBuild/TargetInner { ..: custom_build_target("build-script-build", "/Users/huangjiajiang/.cargo/registry/src/rsproxy.cn-e3de039b2554c837/parking_lot_core-0.9.12/build.rs", Edition2021) }
   0.143168250s  INFO prepare_target{force=false package_id=parking_lot_core v0.9.12 target="build-script-build"}: cargo::core::compiler::fingerprint:     err: failed to read `/private/tmp/erp-domain-crate-00-target-finance-check/debug/.fingerprint/parking_lot_core-4be98e5aa2f2a13c/run-build-script-build-script-build`

Caused by:
    No such file or directory (os error 2)
   0.143206416s  INFO prepare_target{force=false package_id=parking_lot_core v0.9.12 target="build-script-build"}: cargo::core::compiler::fingerprint: fingerprint error for parking_lot_core v0.9.12/Build/TargetInner { ..: custom_build_target("build-script-build", "/Users/huangjiajiang/.cargo/registry/src/rsproxy.cn-e3de039b2554c837/parking_lot_core-0.9.12/build.rs", Edition2021) }
   0.143208500s  INFO prepare_target{force=false package_id=parking_lot_core v0.9.12 target="build-script-build"}: cargo::core::compiler::fingerprint:     err: failed to read `/private/tmp/erp-domain-crate-00-target-finance-check/debug/.fingerprint/parking_lot_core-71426b343f5ce9c3/build-script-build-script-build`

Caused by:
    No such file or directory (os error 2)
   0.143255958s  INFO prepare_target{force=false package_id=dotenvy v0.15.7 target="dotenvy"}: cargo::core::compiler::fingerprint: fingerprint error for dotenvy v0.15.7/Check { test: false }/TargetInner { name_inferred: true, ..: lib_target("dotenvy", ["lib"], "/Users/huangjiajiang/.cargo/registry/src/rsproxy.cn-e3de039b2554c837/dotenvy-0.15.7/src/lib.rs", Edition2018) }
   0.143258250s  INFO prepare_target{force=false package_id=dotenvy v0.15.7 target="dotenvy"}: cargo::core::compiler::fingerprint:     err: failed to read `/private/tmp/erp-domain-crate-00-target-finance-check/debug/.fingerprint/dotenvy-a6025578f57e6899/lib-dotenvy`

Caused by:
    No such file or directory (os error 2)
   0.143306875s  INFO prepare_target{force=false package_id=futures v0.3.32 target="futures"}: cargo::core::compiler::fingerprint: fingerprint error for futures v0.3.32/Check { test: false }/TargetInner { ..: lib_target("futures", ["lib"], "/Users/huangjiajiang/.cargo/registry/src/rsproxy.cn-e3de039b2554c837/futures-0.3.32/src/lib.rs", Edition2018) }
   0.143309041s  INFO prepare_target{force=false package_id=futures v0.3.32 target="futures"}: cargo::core::compiler::fingerprint:     err: failed to read `/private/tmp/erp-domain-crate-00-target-finance-check/debug/.fingerprint/futures-4c53b4b90f94127f/lib-futures`

Caused by:
    No such file or directory (os error 2)
   0.143377041s  INFO prepare_target{force=false package_id=futures-executor v0.3.32 target="futures_executor"}: cargo::core::compiler::fingerprint: fingerprint error for futures-executor v0.3.32/Check { test: false }/TargetInner { ..: lib_target("futures_executor", ["lib"], "/Users/huangjiajiang/.cargo/registry/src/rsproxy.cn-e3de039b2554c837/futures-executor-0.3.32/src/lib.rs", Edition2018) }
   0.143379916s  INFO prepare_target{force=false package_id=futures-executor v0.3.32 target="futures_executor"}: cargo::core::compiler::fingerprint:     err: failed to read `/private/tmp/erp-domain-crate-00-target-finance-check/debug/.fingerprint/futures-executor-4ab66ab186642a6f/lib-futures_executor`

Caused by:
    No such file or directory (os error 2)
   0.143436916s  INFO prepare_target{force=false package_id=local_ipaddress v0.1.3 target="local_ipaddress"}: cargo::core::compiler::fingerprint: fingerprint error for local_ipaddress v0.1.3/Check { test: false }/TargetInner { name_inferred: true, ..: lib_target("local_ipaddress", ["lib"], "/Users/huangjiajiang/.cargo/registry/src/rsproxy.cn-e3de039b2554c837/local_ipaddress-0.1.3/src/lib.rs", Edition2018) }
   0.143439958s  INFO prepare_target{force=false package_id=local_ipaddress v0.1.3 target="local_ipaddress"}: cargo::core::compiler::fingerprint:     err: failed to read `/private/tmp/erp-domain-crate-00-target-finance-check/debug/.fingerprint/local_ipaddress-924c2c46d4269b02/lib-local_ipaddress`

Caused by:
    No such file or directory (os error 2)
   0.143488083s  INFO prepare_target{force=false package_id=nacos-macro v0.3.0 target="nacos_macro"}: cargo::core::compiler::fingerprint: fingerprint error for nacos-macro v0.3.0/Build/TargetInner { for_host: true, proc_macro: true, ..: lib_target("nacos_macro", ["proc-macro"], "/Users/huangjiajiang/.cargo/registry/src/rsproxy.cn-e3de039b2554c837/nacos-macro-0.3.0/src/lib.rs", Edition2024) }
   0.143491083s  INFO prepare_target{force=false package_id=nacos-macro v0.3.0 target="nacos_macro"}: cargo::core::compiler::fingerprint:     err: failed to read `/private/tmp/erp-domain-crate-00-target-finance-check/debug/.fingerprint/nacos-macro-e4c2d7d1741bc846/lib-nacos_macro`

Caused by:
    No such file or directory (os error 2)
   0.143542625s  INFO prepare_target{force=false package_id=darling v0.23.0 target="darling"}: cargo::core::compiler::fingerprint: fingerprint error for darling v0.23.0/Build/TargetInner { ..: lib_target("darling", ["lib"], "/Users/huangjiajiang/.cargo/registry/src/rsproxy.cn-e3de039b2554c837/darling-0.23.0/src/lib.rs", Edition2021) }
   0.143544791s  INFO prepare_target{force=false package_id=darling v0.23.0 target="darling"}: cargo::core::compiler::fingerprint:     err: failed to read `/private/tmp/erp-domain-crate-00-target-finance-check/debug/.fingerprint/darling-b34025604db9466b/lib-darling`

Caused by:
    No such file or directory (os error 2)
   0.143612708s  INFO prepare_target{force=false package_id=darling_core v0.23.0 target="darling_core"}: cargo::core::compiler::fingerprint: fingerprint error for darling_core v0.23.0/Build/TargetInner { ..: lib_target("darling_core", ["lib"], "/Users/huangjiajiang/.cargo/registry/src/rsproxy.cn-e3de039b2554c837/darling_core-0.23.0/src/lib.rs", Edition2021) }
   0.143615250s  INFO prepare_target{force=false package_id=darling_core v0.23.0 target="darling_core"}: cargo::core::compiler::fingerprint:     err: failed to read `/private/tmp/erp-domain-crate-00-target-finance-check/debug/.fingerprint/darling_core-21f56d254c895953/lib-darling_core`

Caused by:
    No such file or directory (os error 2)
   0.143668833s  INFO prepare_target{force=false package_id=ident_case v1.0.1 target="ident_case"}: cargo::core::compiler::fingerprint: fingerprint error for ident_case v1.0.1/Build/TargetInner { name_inferred: true, ..: lib_target("ident_case", ["lib"], "/Users/huangjiajiang/.cargo/registry/src/rsproxy.cn-e3de039b2554c837/ident_case-1.0.1/src/lib.rs", Edition2015) }
   0.143671375s  INFO prepare_target{force=false package_id=ident_case v1.0.1 target="ident_case"}: cargo::core::compiler::fingerprint:     err: failed to read `/private/tmp/erp-domain-crate-00-target-finance-check/debug/.fingerprint/ident_case-33f4af2be658c0cb/lib-ident_case`

Caused by:
    No such file or directory (os error 2)
   0.143715625s  INFO prepare_target{force=false package_id=strsim v0.11.1 target="strsim"}: cargo::core::compiler::fingerprint: fingerprint error for strsim v0.11.1/Build/TargetInner { name_inferred: true, ..: lib_target("strsim", ["lib"], "/Users/huangjiajiang/.cargo/registry/src/rsproxy.cn-e3de039b2554c837/strsim-0.11.1/src/lib.rs", Edition2015) }
   0.143717833s  INFO prepare_target{force=false package_id=strsim v0.11.1 target="strsim"}: cargo::core::compiler::fingerprint:     err: failed to read `/private/tmp/erp-domain-crate-00-target-finance-check/debug/.fingerprint/strsim-53236417be20a0f8/lib-strsim`

Caused by:
    No such file or directory (os error 2)
   0.143764666s  INFO prepare_target{force=false package_id=darling_macro v0.23.0 target="darling_macro"}: cargo::core::compiler::fingerprint: fingerprint error for darling_macro v0.23.0/Build/TargetInner { for_host: true, proc_macro: true, ..: lib_target("darling_macro", ["proc-macro"], "/Users/huangjiajiang/.cargo/registry/src/rsproxy.cn-e3de039b2554c837/darling_macro-0.23.0/src/lib.rs", Edition2021) }
   0.143767041s  INFO prepare_target{force=false package_id=darling_macro v0.23.0 target="darling_macro"}: cargo::core::compiler::fingerprint:     err: failed to read `/private/tmp/erp-domain-crate-00-target-finance-check/debug/.fingerprint/darling_macro-4d69aec7d6ce787f/lib-darling_macro`

Caused by:
    No such file or directory (os error 2)
   0.143819083s  INFO prepare_target{force=false package_id=prost v0.14.3 target="prost"}: cargo::core::compiler::fingerprint: fingerprint error for prost v0.14.3/Check { test: false }/TargetInner { benched: false, ..: lib_target("prost", ["lib"], "/Users/huangjiajiang/.cargo/registry/src/rsproxy.cn-e3de039b2554c837/prost-0.14.3/src/lib.rs", Edition2021) }
   0.143821333s  INFO prepare_target{force=false package_id=prost v0.14.3 target="prost"}: cargo::core::compiler::fingerprint:     err: failed to read `/private/tmp/erp-domain-crate-00-target-finance-check/debug/.fingerprint/prost-a69c2052b47d7e9e/lib-prost`

Caused by:
    No such file or directory (os error 2)
   0.143881333s  INFO prepare_target{force=false package_id=prost-derive v0.14.3 target="prost_derive"}: cargo::core::compiler::fingerprint: fingerprint error for prost-derive v0.14.3/Build/TargetInner { for_host: true, proc_macro: true, ..: lib_target("prost_derive", ["proc-macro"], "/Users/huangjiajiang/.cargo/registry/src/rsproxy.cn-e3de039b2554c837/prost-derive-0.14.3/src/lib.rs", Edition2021) }
   0.143884041s  INFO prepare_target{force=false package_id=prost-derive v0.14.3 target="prost_derive"}: cargo::core::compiler::fingerprint:     err: failed to read `/private/tmp/erp-domain-crate-00-target-finance-check/debug/.fingerprint/prost-derive-5ca091fd4c248191/lib-prost_derive`

Caused by:
    No such file or directory (os error 2)
   0.143943625s  INFO prepare_target{force=false package_id=anyhow v1.0.102 target="anyhow"}: cargo::core::compiler::fingerprint: fingerprint error for anyhow v1.0.102/Build/TargetInner { ..: lib_target("anyhow", ["lib"], "/Users/huangjiajiang/.cargo/registry/src/rsproxy.cn-e3de039b2554c837/anyhow-1.0.102/src/lib.rs", Edition2021) }
   0.143946166s  INFO prepare_target{force=false package_id=anyhow v1.0.102 target="anyhow"}: cargo::core::compiler::fingerprint:     err: failed to read `/private/tmp/erp-domain-crate-00-target-finance-check/debug/.fingerprint/anyhow-27ae345a97caa1c6/lib-anyhow`

Caused by:
    No such file or directory (os error 2)
   0.144121291s  INFO prepare_target{force=false package_id=anyhow v1.0.102 target="build-script-build"}: cargo::core::compiler::fingerprint: fingerprint error for anyhow v1.0.102/RunCustomBuild/TargetInner { ..: custom_build_target("build-script-build", "/Users/huangjiajiang/.cargo/registry/src/rsproxy.cn-e3de039b2554c837/anyhow-1.0.102/build.rs", Edition2021) }
   0.144123833s  INFO prepare_target{force=false package_id=anyhow v1.0.102 target="build-script-build"}: cargo::core::compiler::fingerprint:     err: failed to read `/private/tmp/erp-domain-crate-00-target-finance-check/debug/.fingerprint/anyhow-be628a16be792946/run-build-script-build-script-build`

Caused by:
    No such file or directory (os error 2)
   0.144170291s  INFO prepare_target{force=false package_id=anyhow v1.0.102 target="build-script-build"}: cargo::core::compiler::fingerprint: fingerprint error for anyhow v1.0.102/Build/TargetInner { ..: custom_build_target("build-script-build", "/Users/huangjiajiang/.cargo/registry/src/rsproxy.cn-e3de039b2554c837/anyhow-1.0.102/build.rs", Edition2021) }
   0.144172416s  INFO prepare_target{force=false package_id=anyhow v1.0.102 target="build-script-build"}: cargo::core::compiler::fingerprint:     err: failed to read `/private/tmp/erp-domain-crate-00-target-finance-check/debug/.fingerprint/anyhow-44db6f752febda59/build-script-build-script-build`

Caused by:
    No such file or directory (os error 2)
   0.144231083s  INFO prepare_target{force=false package_id=itertools v0.14.0 target="itertools"}: cargo::core::compiler::fingerprint: fingerprint error for itertools v0.14.0/Build/TargetInner { tested: false, benched: false, ..: lib_target("itertools", ["lib"], "/Users/huangjiajiang/.cargo/registry/src/rsproxy.cn-e3de039b2554c837/itertools-0.14.0/src/lib.rs", Edition2018) }
   0.144233791s  INFO prepare_target{force=false package_id=itertools v0.14.0 target="itertools"}: cargo::core::compiler::fingerprint:     err: failed to read `/private/tmp/erp-domain-crate-00-target-finance-check/debug/.fingerprint/itertools-1a6f77c7d1701108/lib-itertools`

Caused by:
    No such file or directory (os error 2)
   0.144302083s  INFO prepare_target{force=false package_id=either v1.15.0 target="either"}: cargo::core::compiler::fingerprint: fingerprint error for either v1.15.0/Build/TargetInner { ..: lib_target("either", ["lib"], "/Users/huangjiajiang/.cargo/registry/src/rsproxy.cn-e3de039b2554c837/either-1.15.0/src/lib.rs", Edition2021) }
   0.144304458s  INFO prepare_target{force=false package_id=either v1.15.0 target="either"}: cargo::core::compiler::fingerprint:     err: failed to read `/private/tmp/erp-domain-crate-00-target-finance-check/debug/.fingerprint/either-ec17cd35b5d8aa48/lib-either`

Caused by:
    No such file or directory (os error 2)
   0.144369541s  INFO prepare_target{force=false package_id=prost-types v0.14.3 target="prost_types"}: cargo::core::compiler::fingerprint: fingerprint error for prost-types v0.14.3/Check { test: false }/TargetInner { doctest: false, ..: lib_target("prost_types", ["lib"], "/Users/huangjiajiang/.cargo/registry/src/rsproxy.cn-e3de039b2554c837/prost-types-0.14.3/src/lib.rs", Edition2021) }
   0.144372250s  INFO prepare_target{force=false package_id=prost-types v0.14.3 target="prost_types"}: cargo::core::compiler::fingerprint:     err: failed to read `/private/tmp/erp-domain-crate-00-target-finance-check/debug/.fingerprint/prost-types-8e6c06731f4bc5f4/lib-prost_types`

Caused by:
    No such file or directory (os error 2)
   0.144427875s  INFO prepare_target{force=false package_id=rand v0.10.1 target="rand"}: cargo::core::compiler::fingerprint: fingerprint error for rand v0.10.1/Check { test: false }/TargetInner { ..: lib_target("rand", ["lib"], "/Users/huangjiajiang/.cargo/registry/src/rsproxy.cn-e3de039b2554c837/rand-0.10.1/src/lib.rs", Edition2024) }
   0.144430750s  INFO prepare_target{force=false package_id=rand v0.10.1 target="rand"}: cargo::core::compiler::fingerprint:     err: failed to read `/private/tmp/erp-domain-crate-00-target-finance-check/debug/.fingerprint/rand-fc771ccfb8604d1d/lib-rand`

Caused by:
    No such file or directory (os error 2)
   0.144496791s  INFO prepare_target{force=false package_id=chacha20 v0.10.0 target="chacha20"}: cargo::core::compiler::fingerprint: fingerprint error for chacha20 v0.10.0/Check { test: false }/TargetInner { ..: lib_target("chacha20", ["lib"], "/Users/huangjiajiang/.cargo/registry/src/rsproxy.cn-e3de039b2554c837/chacha20-0.10.0/src/lib.rs", Edition2024) }
   0.144499291s  INFO prepare_target{force=false package_id=chacha20 v0.10.0 target="chacha20"}: cargo::core::compiler::fingerprint:     err: failed to read `/private/tmp/erp-domain-crate-00-target-finance-check/debug/.fingerprint/chacha20-ba341aaddbb9bbdf/lib-chacha20`

Caused by:
    No such file or directory (os error 2)
   0.144555166s  INFO prepare_target{force=false package_id=rand_core v0.10.1 target="rand_core"}: cargo::core::compiler::fingerprint: fingerprint error for rand_core v0.10.1/Check { test: false }/TargetInner { ..: lib_target("rand_core", ["lib"], "/Users/huangjiajiang/.cargo/registry/src/rsproxy.cn-e3de039b2554c837/rand_core-0.10.1/src/lib.rs", Edition2024) }
   0.144557333s  INFO prepare_target{force=false package_id=rand_core v0.10.1 target="rand_core"}: cargo::core::compiler::fingerprint:     err: failed to read `/private/tmp/erp-domain-crate-00-target-finance-check/debug/.fingerprint/rand_core-3bf089679f96af21/lib-rand_core`

Caused by:
    No such file or directory (os error 2)
   0.144623666s  INFO prepare_target{force=false package_id=getrandom v0.4.2 target="getrandom"}: cargo::core::compiler::fingerprint: fingerprint error for getrandom v0.4.2/Check { test: false }/TargetInner { ..: lib_target("getrandom", ["lib"], "/Users/huangjiajiang/.cargo/registry/src/rsproxy.cn-e3de039b2554c837/getrandom-0.4.2/src/lib.rs", Edition2024) }
   0.144626166s  INFO prepare_target{force=false package_id=getrandom v0.4.2 target="getrandom"}: cargo::core::compiler::fingerprint:     err: failed to read `/private/tmp/erp-domain-crate-00-target-finance-check/debug/.fingerprint/getrandom-e172d3723247da33/lib-getrandom`

Caused by:
    No such file or directory (os error 2)
   0.144808125s  INFO prepare_target{force=false package_id=getrandom v0.4.2 target="build-script-build"}: cargo::core::compiler::fingerprint: fingerprint error for getrandom v0.4.2/RunCustomBuild/TargetInner { ..: custom_build_target("build-script-build", "/Users/huangjiajiang/.cargo/registry/src/rsproxy.cn-e3de039b2554c837/getrandom-0.4.2/build.rs", Edition2024) }
   0.144810625s  INFO prepare_target{force=false package_id=getrandom v0.4.2 target="build-script-build"}: cargo::core::compiler::fingerprint:     err: failed to read `/private/tmp/erp-domain-crate-00-target-finance-check/debug/.fingerprint/getrandom-ea9bf23c557f4c59/run-build-script-build-script-build`

Caused by:
    No such file or directory (os error 2)
   0.144860250s  INFO prepare_target{force=false package_id=getrandom v0.4.2 target="build-script-build"}: cargo::core::compiler::fingerprint: fingerprint error for getrandom v0.4.2/Build/TargetInner { ..: custom_build_target("build-script-build", "/Users/huangjiajiang/.cargo/registry/src/rsproxy.cn-e3de039b2554c837/getrandom-0.4.2/build.rs", Edition2024) }
   0.144862541s  INFO prepare_target{force=false package_id=getrandom v0.4.2 target="build-script-build"}: cargo::core::compiler::fingerprint:     err: failed to read `/private/tmp/erp-domain-crate-00-target-finance-check/debug/.fingerprint/getrandom-14c5f2b8cb5806e9/build-script-build-script-build`

Caused by:
    No such file or directory (os error 2)
   0.144926541s  INFO prepare_target{force=false package_id=reqwest v0.12.28 target="reqwest"}: cargo::core::compiler::fingerprint: fingerprint error for reqwest v0.12.28/Check { test: false }/TargetInner { ..: lib_target("reqwest", ["lib"], "/Users/huangjiajiang/.cargo/registry/src/rsproxy.cn-e3de039b2554c837/reqwest-0.12.28/src/lib.rs", Edition2021) }
   0.144928875s  INFO prepare_target{force=false package_id=reqwest v0.12.28 target="reqwest"}: cargo::core::compiler::fingerprint:     err: failed to read `/private/tmp/erp-domain-crate-00-target-finance-check/debug/.fingerprint/reqwest-c01b0b45c2603932/lib-reqwest`

Caused by:
    No such file or directory (os error 2)
   0.145047750s  INFO prepare_target{force=false package_id=tower-http v0.6.10 target="tower_http"}: cargo::core::compiler::fingerprint: fingerprint error for tower-http v0.6.10/Check { test: false }/TargetInner { ..: lib_target("tower_http", ["lib"], "/Users/huangjiajiang/.cargo/registry/src/rsproxy.cn-e3de039b2554c837/tower-http-0.6.10/src/lib.rs", Edition2018) }
   0.145050333s  INFO prepare_target{force=false package_id=tower-http v0.6.10 target="tower_http"}: cargo::core::compiler::fingerprint:     err: failed to read `/private/tmp/erp-domain-crate-00-target-finance-check/debug/.fingerprint/tower-http-5a0ddd2a8bdd711a/lib-tower_http`

Caused by:
    No such file or directory (os error 2)
   0.145152125s  INFO prepare_target{force=false package_id=bitflags v2.11.1 target="bitflags"}: cargo::core::compiler::fingerprint: fingerprint error for bitflags v2.11.1/Check { test: false }/TargetInner { ..: lib_target("bitflags", ["lib"], "/Users/huangjiajiang/.cargo/registry/src/rsproxy.cn-e3de039b2554c837/bitflags-2.11.1/src/lib.rs", Edition2021) }
   0.145154875s  INFO prepare_target{force=false package_id=bitflags v2.11.1 target="bitflags"}: cargo::core::compiler::fingerprint:     err: failed to read `/private/tmp/erp-domain-crate-00-target-finance-check/debug/.fingerprint/bitflags-3011a17636600b8f/lib-bitflags`

Caused by:
    No such file or directory (os error 2)
   0.145215041s  INFO prepare_target{force=false package_id=url v2.5.8 target="url"}: cargo::core::compiler::fingerprint: fingerprint error for url v2.5.8/Check { test: false }/TargetInner { ..: lib_target("url", ["lib"], "/Users/huangjiajiang/.cargo/registry/src/rsproxy.cn-e3de039b2554c837/url-2.5.8/src/lib.rs", Edition2018) }
   0.145217458s  INFO prepare_target{force=false package_id=url v2.5.8 target="url"}: cargo::core::compiler::fingerprint:     err: failed to read `/private/tmp/erp-domain-crate-00-target-finance-check/debug/.fingerprint/url-6d69cc4a6a1869fc/lib-url`

Caused by:
    No such file or directory (os error 2)
   0.145292250s  INFO prepare_target{force=false package_id=idna v1.1.0 target="idna"}: cargo::core::compiler::fingerprint: fingerprint error for idna v1.1.0/Check { test: false }/TargetInner { doctest: false, ..: lib_target("idna", ["lib"], "/Users/huangjiajiang/.cargo/registry/src/rsproxy.cn-e3de039b2554c837/idna-1.1.0/src/lib.rs", Edition2018) }
   0.145294791s  INFO prepare_target{force=false package_id=idna v1.1.0 target="idna"}: cargo::core::compiler::fingerprint:     err: failed to read `/private/tmp/erp-domain-crate-00-target-finance-check/debug/.fingerprint/idna-2c032407e2a27d55/lib-idna`

Caused by:
    No such file or directory (os error 2)
   0.145375041s  INFO prepare_target{force=false package_id=idna_adapter v1.2.2 target="idna_adapter"}: cargo::core::compiler::fingerprint: fingerprint error for idna_adapter v1.2.2/Check { test: false }/TargetInner { ..: lib_target("idna_adapter", ["lib"], "/Users/huangjiajiang/.cargo/registry/src/rsproxy.cn-e3de039b2554c837/idna_adapter-1.2.2/src/lib.rs", Edition2024) }
   0.145377708s  INFO prepare_target{force=false package_id=idna_adapter v1.2.2 target="idna_adapter"}: cargo::core::compiler::fingerprint:     err: failed to read `/private/tmp/erp-domain-crate-00-target-finance-check/debug/.fingerprint/idna_adapter-315bbbcd49bb80e0/lib-idna_adapter`

Caused by:
    No such file or directory (os error 2)
   0.145454875s  INFO prepare_target{force=false package_id=icu_normalizer v2.2.0 target="icu_normalizer"}: cargo::core::compiler::fingerprint: fingerprint error for icu_normalizer v2.2.0/Check { test: false }/TargetInner { ..: lib_target("icu_normalizer", ["lib"], "/Users/huangjiajiang/.cargo/registry/src/rsproxy.cn-e3de039b2554c837/icu_normalizer-2.2.0/src/lib.rs", Edition2021) }
   0.145457416s  INFO prepare_target{force=false package_id=icu_normalizer v2.2.0 target="icu_normalizer"}: cargo::core::compiler::fingerprint:     err: failed to read `/private/tmp/erp-domain-crate-00-target-finance-check/debug/.fingerprint/icu_normalizer-5a845249d30e27b7/lib-icu_normalizer`

Caused by:
    No such file or directory (os error 2)
   0.145536000s  INFO prepare_target{force=false package_id=icu_collections v2.2.0 target="icu_collections"}: cargo::core::compiler::fingerprint: fingerprint error for icu_collections v2.2.0/Check { test: false }/TargetInner { benched: false, ..: lib_target("icu_collections", ["lib"], "/Users/huangjiajiang/.cargo/registry/src/rsproxy.cn-e3de039b2554c837/icu_collections-2.2.0/src/lib.rs", Edition2021) }
   0.145539041s  INFO prepare_target{force=false package_id=icu_collections v2.2.0 target="icu_collections"}: cargo::core::compiler::fingerprint:     err: failed to read `/private/tmp/erp-domain-crate-00-target-finance-check/debug/.fingerprint/icu_collections-dcb05b9165dc3b37/lib-icu_collections`

Caused by:
    No such file or directory (os error 2)
   0.145617958s  INFO prepare_target{force=false package_id=displaydoc v0.2.5 target="displaydoc"}: cargo::core::compiler::fingerprint: fingerprint error for displaydoc v0.2.5/Build/TargetInner { name_inferred: true, for_host: true, proc_macro: true, ..: lib_target("displaydoc", ["proc-macro"], "/Users/huangjiajiang/.cargo/registry/src/rsproxy.cn-e3de039b2554c837/displaydoc-0.2.5/src/lib.rs", Edition2021) }
   0.145621000s  INFO prepare_target{force=false package_id=displaydoc v0.2.5 target="displaydoc"}: cargo::core::compiler::fingerprint:     err: failed to read `/private/tmp/erp-domain-crate-00-target-finance-check/debug/.fingerprint/displaydoc-a58c2b741e638935/lib-displaydoc`

Caused by:
    No such file or directory (os error 2)
   0.145694208s  INFO prepare_target{force=false package_id=potential_utf v0.1.5 target="potential_utf"}: cargo::core::compiler::fingerprint: fingerprint error for potential_utf v0.1.5/Check { test: false }/TargetInner { ..: lib_target("potential_utf", ["lib"], "/Users/huangjiajiang/.cargo/registry/src/rsproxy.cn-e3de039b2554c837/potential_utf-0.1.5/src/lib.rs", Edition2021) }
   0.145696791s  INFO prepare_target{force=false package_id=potential_utf v0.1.5 target="potential_utf"}: cargo::core::compiler::fingerprint:     err: failed to read `/private/tmp/erp-domain-crate-00-target-finance-check/debug/.fingerprint/potential_utf-8e46024f7291d98a/lib-potential_utf`

Caused by:
    No such file or directory (os error 2)
   0.145763041s  INFO prepare_target{force=false package_id=zerovec v0.11.6 target="zerovec"}: cargo::core::compiler::fingerprint: fingerprint error for zerovec v0.11.6/Check { test: false }/TargetInner { benched: false, ..: lib_target("zerovec", ["lib"], "/Users/huangjiajiang/.cargo/registry/src/rsproxy.cn-e3de039b2554c837/zerovec-0.11.6/src/lib.rs", Edition2021) }
   0.145765625s  INFO prepare_target{force=false package_id=zerovec v0.11.6 target="zerovec"}: cargo::core::compiler::fingerprint:     err: failed to read `/private/tmp/erp-domain-crate-00-target-finance-check/debug/.fingerprint/zerovec-f30c6d3fc2490f34/lib-zerovec`

Caused by:
    No such file or directory (os error 2)
   0.145830250s  INFO prepare_target{force=false package_id=yoke v0.8.2 target="yoke"}: cargo::core::compiler::fingerprint: fingerprint error for yoke v0.8.2/Check { test: false }/TargetInner { ..: lib_target("yoke", ["lib"], "/Users/huangjiajiang/.cargo/registry/src/rsproxy.cn-e3de039b2554c837/yoke-0.8.2/src/lib.rs", Edition2021) }
   0.145832833s  INFO prepare_target{force=false package_id=yoke v0.8.2 target="yoke"}: cargo::core::compiler::fingerprint:     err: failed to read `/private/tmp/erp-domain-crate-00-target-finance-check/debug/.fingerprint/yoke-588d07f42a829d78/lib-yoke`

Caused by:
    No such file or directory (os error 2)
   0.145907208s  INFO prepare_target{force=false package_id=stable_deref_trait v1.2.1 target="stable_deref_trait"}: cargo::core::compiler::fingerprint: fingerprint error for stable_deref_trait v1.2.1/Check { test: false }/TargetInner { ..: lib_target("stable_deref_trait", ["lib"], "/Users/huangjiajiang/.cargo/registry/src/rsproxy.cn-e3de039b2554c837/stable_deref_trait-1.2.1/src/lib.rs", Edition2015) }
   0.145910166s  INFO prepare_target{force=false package_id=stable_deref_trait v1.2.1 target="stable_deref_trait"}: cargo::core::compiler::fingerprint:     err: failed to read `/private/tmp/erp-domain-crate-00-target-finance-check/debug/.fingerprint/stable_deref_trait-4abe79244a4d6246/lib-stable_deref_trait`

Caused by:
    No such file or directory (os error 2)
   0.145974041s  INFO prepare_target{force=false package_id=yoke-derive v0.8.2 target="yoke_derive"}: cargo::core::compiler::fingerprint: fingerprint error for yoke-derive v0.8.2/Build/TargetInner { for_host: true, proc_macro: true, ..: lib_target("yoke_derive", ["proc-macro"], "/Users/huangjiajiang/.cargo/registry/src/rsproxy.cn-e3de039b2554c837/yoke-derive-0.8.2/src/lib.rs", Edition2021) }
   0.145976750s  INFO prepare_target{force=false package_id=yoke-derive v0.8.2 target="yoke_derive"}: cargo::core::compiler::fingerprint:     err: failed to read `/private/tmp/erp-domain-crate-00-target-finance-check/debug/.fingerprint/yoke-derive-92ce07ec41b0a650/lib-yoke_derive`

Caused by:
    No such file or directory (os error 2)
   0.146055250s  INFO prepare_target{force=false package_id=synstructure v0.13.2 target="synstructure"}: cargo::core::compiler::fingerprint: fingerprint error for synstructure v0.13.2/Build/TargetInner { ..: lib_target("synstructure", ["lib"], "/Users/huangjiajiang/.cargo/registry/src/rsproxy.cn-e3de039b2554c837/synstructure-0.13.2/src/lib.rs", Edition2018) }
   0.146057791s  INFO prepare_target{force=false package_id=synstructure v0.13.2 target="synstructure"}: cargo::core::compiler::fingerprint:     err: failed to read `/private/tmp/erp-domain-crate-00-target-finance-check/debug/.fingerprint/synstructure-10f0c4bcafba9341/lib-synstructure`

Caused by:
    No such file or directory (os error 2)
   0.146123375s  INFO prepare_target{force=false package_id=zerofrom v0.1.8 target="zerofrom"}: cargo::core::compiler::fingerprint: fingerprint error for zerofrom v0.1.8/Check { test: false }/TargetInner { ..: lib_target("zerofrom", ["lib"], "/Users/huangjiajiang/.cargo/registry/src/rsproxy.cn-e3de039b2554c837/zerofrom-0.1.8/src/lib.rs", Edition2021) }
   0.146126000s  INFO prepare_target{force=false package_id=zerofrom v0.1.8 target="zerofrom"}: cargo::core::compiler::fingerprint:     err: failed to read `/private/tmp/erp-domain-crate-00-target-finance-check/debug/.fingerprint/zerofrom-3e498e638277d6cc/lib-zerofrom`

Caused by:
    No such file or directory (os error 2)
   0.146194041s  INFO prepare_target{force=false package_id=zerofrom-derive v0.1.7 target="zerofrom_derive"}: cargo::core::compiler::fingerprint: fingerprint error for zerofrom-derive v0.1.7/Build/TargetInner { for_host: true, proc_macro: true, ..: lib_target("zerofrom_derive", ["proc-macro"], "/Users/huangjiajiang/.cargo/registry/src/rsproxy.cn-e3de039b2554c837/zerofrom-derive-0.1.7/src/lib.rs", Edition2021) }
   0.146196875s  INFO prepare_target{force=false package_id=zerofrom-derive v0.1.7 target="zerofrom_derive"}: cargo::core::compiler::fingerprint:     err: failed to read `/private/tmp/erp-domain-crate-00-target-finance-check/debug/.fingerprint/zerofrom-derive-d1954e192c3d9d6f/lib-zerofrom_derive`

Caused by:
    No such file or directory (os error 2)
   0.146271208s  INFO prepare_target{force=false package_id=zerovec-derive v0.11.3 target="zerovec_derive"}: cargo::core::compiler::fingerprint: fingerprint error for zerovec-derive v0.11.3/Build/TargetInner { for_host: true, proc_macro: true, ..: lib_target("zerovec_derive", ["proc-macro"], "/Users/huangjiajiang/.cargo/registry/src/rsproxy.cn-e3de039b2554c837/zerovec-derive-0.11.3/src/lib.rs", Edition2021) }
   0.146274041s  INFO prepare_target{force=false package_id=zerovec-derive v0.11.3 target="zerovec_derive"}: cargo::core::compiler::fingerprint:     err: failed to read `/private/tmp/erp-domain-crate-00-target-finance-check/debug/.fingerprint/zerovec-derive-7dd031d603e0e592/lib-zerovec_derive`

Caused by:
    No such file or directory (os error 2)
   0.146342000s  INFO prepare_target{force=false package_id=utf8_iter v1.0.4 target="utf8_iter"}: cargo::core::compiler::fingerprint: fingerprint error for utf8_iter v1.0.4/Check { test: false }/TargetInner { name_inferred: true, ..: lib_target("utf8_iter", ["lib"], "/Users/huangjiajiang/.cargo/registry/src/rsproxy.cn-e3de039b2554c837/utf8_iter-1.0.4/src/lib.rs", Edition2021) }
   0.146344833s  INFO prepare_target{force=false package_id=utf8_iter v1.0.4 target="utf8_iter"}: cargo::core::compiler::fingerprint:     err: failed to read `/private/tmp/erp-domain-crate-00-target-finance-check/debug/.fingerprint/utf8_iter-0c6f381f951dec5a/lib-utf8_iter`

Caused by:
    No such file or directory (os error 2)
   0.146411083s  INFO prepare_target{force=false package_id=icu_normalizer_data v2.2.0 target="icu_normalizer_data"}: cargo::core::compiler::fingerprint: fingerprint error for icu_normalizer_data v2.2.0/Check { test: false }/TargetInner { ..: lib_target("icu_normalizer_data", ["lib"], "/Users/huangjiajiang/.cargo/registry/src/rsproxy.cn-e3de039b2554c837/icu_normalizer_data-2.2.0/src/lib.rs", Edition2021) }
   0.146413791s  INFO prepare_target{force=false package_id=icu_normalizer_data v2.2.0 target="icu_normalizer_data"}: cargo::core::compiler::fingerprint:     err: failed to read `/private/tmp/erp-domain-crate-00-target-finance-check/debug/.fingerprint/icu_normalizer_data-e66230522d4b5dca/lib-icu_normalizer_data`

Caused by:
    No such file or directory (os error 2)
   0.146610625s  INFO prepare_target{force=false package_id=icu_normalizer_data v2.2.0 target="build-script-build"}: cargo::core::compiler::fingerprint: fingerprint error for icu_normalizer_data v2.2.0/RunCustomBuild/TargetInner { ..: custom_build_target("build-script-build", "/Users/huangjiajiang/.cargo/registry/src/rsproxy.cn-e3de039b2554c837/icu_normalizer_data-2.2.0/build.rs", Edition2021) }
   0.146613333s  INFO prepare_target{force=false package_id=icu_normalizer_data v2.2.0 target="build-script-build"}: cargo::core::compiler::fingerprint:     err: failed to read `/private/tmp/erp-domain-crate-00-target-finance-check/debug/.fingerprint/icu_normalizer_data-623a2b3545f1bbff/run-build-script-build-script-build`

Caused by:
    No such file or directory (os error 2)
   0.146662166s  INFO prepare_target{force=false package_id=icu_normalizer_data v2.2.0 target="build-script-build"}: cargo::core::compiler::fingerprint: fingerprint error for icu_normalizer_data v2.2.0/Build/TargetInner { ..: custom_build_target("build-script-build", "/Users/huangjiajiang/.cargo/registry/src/rsproxy.cn-e3de039b2554c837/icu_normalizer_data-2.2.0/build.rs", Edition2021) }
   0.146664750s  INFO prepare_target{force=false package_id=icu_normalizer_data v2.2.0 target="build-script-build"}: cargo::core::compiler::fingerprint:     err: failed to read `/private/tmp/erp-domain-crate-00-target-finance-check/debug/.fingerprint/icu_normalizer_data-02b6f9134ec04b85/build-script-build-script-build`

Caused by:
    No such file or directory (os error 2)
   0.146723333s  INFO prepare_target{force=false package_id=icu_provider v2.2.0 target="icu_provider"}: cargo::core::compiler::fingerprint: fingerprint error for icu_provider v2.2.0/Check { test: false }/TargetInner { benched: false, ..: lib_target("icu_provider", ["lib"], "/Users/huangjiajiang/.cargo/registry/src/rsproxy.cn-e3de039b2554c837/icu_provider-2.2.0/src/lib.rs", Edition2021) }
   0.146726208s  INFO prepare_target{force=false package_id=icu_provider v2.2.0 target="icu_provider"}: cargo::core::compiler::fingerprint:     err: failed to read `/private/tmp/erp-domain-crate-00-target-finance-check/debug/.fingerprint/icu_provider-ea40f8c7e75dd90e/lib-icu_provider`

Caused by:
    No such file or directory (os error 2)
   0.146803458s  INFO prepare_target{force=false package_id=icu_locale_core v2.2.0 target="icu_locale_core"}: cargo::core::compiler::fingerprint: fingerprint error for icu_locale_core v2.2.0/Check { test: false }/TargetInner { benched: false, ..: lib_target("icu_locale_core", ["lib"], "/Users/huangjiajiang/.cargo/registry/src/rsproxy.cn-e3de039b2554c837/icu_locale_core-2.2.0/src/lib.rs", Edition2021) }
   0.146806375s  INFO prepare_target{force=false package_id=icu_locale_core v2.2.0 target="icu_locale_core"}: cargo::core::compiler::fingerprint:     err: failed to read `/private/tmp/erp-domain-crate-00-target-finance-check/debug/.fingerprint/icu_locale_core-516ca9b799d8d461/lib-icu_locale_core`

Caused by:
    No such file or directory (os error 2)
   0.146874458s  INFO prepare_target{force=false package_id=litemap v0.8.2 target="litemap"}: cargo::core::compiler::fingerprint: fingerprint error for litemap v0.8.2/Check { test: false }/TargetInner { benched: false, ..: lib_target("litemap", ["lib"], "/Users/huangjiajiang/.cargo/registry/src/rsproxy.cn-e3de039b2554c837/litemap-0.8.2/src/lib.rs", Edition2021) }
   0.146877041s  INFO prepare_target{force=false package_id=litemap v0.8.2 target="litemap"}: cargo::core::compiler::fingerprint:     err: failed to read `/private/tmp/erp-domain-crate-00-target-finance-check/debug/.fingerprint/litemap-1ff036ec683676b4/lib-litemap`

Caused by:
    No such file or directory (os error 2)
   0.146938375s  INFO prepare_target{force=false package_id=tinystr v0.8.3 target="tinystr"}: cargo::core::compiler::fingerprint: fingerprint error for tinystr v0.8.3/Check { test: false }/TargetInner { benched: false, ..: lib_target("tinystr", ["lib"], "/Users/huangjiajiang/.cargo/registry/src/rsproxy.cn-e3de039b2554c837/tinystr-0.8.3/src/lib.rs", Edition2021) }
   0.146941041s  INFO prepare_target{force=false package_id=tinystr v0.8.3 target="tinystr"}: cargo::core::compiler::fingerprint:     err: failed to read `/private/tmp/erp-domain-crate-00-target-finance-check/debug/.fingerprint/tinystr-d2de0453ffd812b5/lib-tinystr`

Caused by:
    No such file or directory (os error 2)
   0.147007500s  INFO prepare_target{force=false package_id=writeable v0.6.3 target="writeable"}: cargo::core::compiler::fingerprint: fingerprint error for writeable v0.6.3/Check { test: false }/TargetInner { benched: false, ..: lib_target("writeable", ["lib"], "/Users/huangjiajiang/.cargo/registry/src/rsproxy.cn-e3de039b2554c837/writeable-0.6.3/src/lib.rs", Edition2021) }
   0.147010000s  INFO prepare_target{force=false package_id=writeable v0.6.3 target="writeable"}: cargo::core::compiler::fingerprint:     err: failed to read `/private/tmp/erp-domain-crate-00-target-finance-check/debug/.fingerprint/writeable-e3f4e7fed300e081/lib-writeable`

Caused by:
    No such file or directory (os error 2)
   0.147074625s  INFO prepare_target{force=false package_id=zerotrie v0.2.4 target="zerotrie"}: cargo::core::compiler::fingerprint: fingerprint error for zerotrie v0.2.4/Check { test: false }/TargetInner { benched: false, ..: lib_target("zerotrie", ["lib"], "/Users/huangjiajiang/.cargo/registry/src/rsproxy.cn-e3de039b2554c837/zerotrie-0.2.4/src/lib.rs", Edition2021) }
   0.147077166s  INFO prepare_target{force=false package_id=zerotrie v0.2.4 target="zerotrie"}: cargo::core::compiler::fingerprint:     err: failed to read `/private/tmp/erp-domain-crate-00-target-finance-check/debug/.fingerprint/zerotrie-9c4ef15bdc47ffa0/lib-zerotrie`

Caused by:
    No such file or directory (os error 2)
   0.147145041s  INFO prepare_target{force=false package_id=icu_properties v2.2.0 target="icu_properties"}: cargo::core::compiler::fingerprint: fingerprint error for icu_properties v2.2.0/Check { test: false }/TargetInner { ..: lib_target("icu_properties", ["lib"], "/Users/huangjiajiang/.cargo/registry/src/rsproxy.cn-e3de039b2554c837/icu_properties-2.2.0/src/lib.rs", Edition2021) }
   0.147147833s  INFO prepare_target{force=false package_id=icu_properties v2.2.0 target="icu_properties"}: cargo::core::compiler::fingerprint:     err: failed to read `/private/tmp/erp-domain-crate-00-target-finance-check/debug/.fingerprint/icu_properties-5ede846bab6c6fbd/lib-icu_properties`

Caused by:
    No such file or directory (os error 2)
   0.147215875s  INFO prepare_target{force=false package_id=icu_properties_data v2.2.0 target="icu_properties_data"}: cargo::core::compiler::fingerprint: fingerprint error for icu_properties_data v2.2.0/Check { test: false }/TargetInner { ..: lib_target("icu_properties_data", ["lib"], "/Users/huangjiajiang/.cargo/registry/src/rsproxy.cn-e3de039b2554c837/icu_properties_data-2.2.0/src/lib.rs", Edition2021) }
   0.147218541s  INFO prepare_target{force=false package_id=icu_properties_data v2.2.0 target="icu_properties_data"}: cargo::core::compiler::fingerprint:     err: failed to read `/private/tmp/erp-domain-crate-00-target-finance-check/debug/.fingerprint/icu_properties_data-cd092c8b255792f2/lib-icu_properties_data`

Caused by:
    No such file or directory (os error 2)
   0.147396166s  INFO prepare_target{force=false package_id=icu_properties_data v2.2.0 target="build-script-build"}: cargo::core::compiler::fingerprint: fingerprint error for icu_properties_data v2.2.0/RunCustomBuild/TargetInner { ..: custom_build_target("build-script-build", "/Users/huangjiajiang/.cargo/registry/src/rsproxy.cn-e3de039b2554c837/icu_properties_data-2.2.0/build.rs", Edition2021) }
   0.147398916s  INFO prepare_target{force=false package_id=icu_properties_data v2.2.0 target="build-script-build"}: cargo::core::compiler::fingerprint:     err: failed to read `/private/tmp/erp-domain-crate-00-target-finance-check/debug/.fingerprint/icu_properties_data-c7ad5052109a7f61/run-build-script-build-script-build`

Caused by:
    No such file or directory (os error 2)
   0.147444875s  INFO prepare_target{force=false package_id=icu_properties_data v2.2.0 target="build-script-build"}: cargo::core::compiler::fingerprint: fingerprint error for icu_properties_data v2.2.0/Build/TargetInner { ..: custom_build_target("build-script-build", "/Users/huangjiajiang/.cargo/registry/src/rsproxy.cn-e3de039b2554c837/icu_properties_data-2.2.0/build.rs", Edition2021) }
   0.147447291s  INFO prepare_target{force=false package_id=icu_properties_data v2.2.0 target="build-script-build"}: cargo::core::compiler::fingerprint:     err: failed to read `/private/tmp/erp-domain-crate-00-target-finance-check/debug/.fingerprint/icu_properties_data-7737910b004dc04c/build-script-build-script-build`

Caused by:
    No such file or directory (os error 2)
   0.147509916s  INFO prepare_target{force=false package_id=thiserror v2.0.20 target="thiserror"}: cargo::core::compiler::fingerprint: fingerprint error for thiserror v2.0.20/Check { test: false }/TargetInner { ..: lib_target("thiserror", ["lib"], "/Users/huangjiajiang/.cargo/registry/src/rsproxy.cn-e3de039b2554c837/thiserror-2.0.20/src/lib.rs", Edition2021) }
   0.147512333s  INFO prepare_target{force=false package_id=thiserror v2.0.20 target="thiserror"}: cargo::core::compiler::fingerprint:     err: failed to read `/private/tmp/erp-domain-crate-00-target-finance-check/debug/.fingerprint/thiserror-7d435e618584483a/lib-thiserror`

Caused by:
    No such file or directory (os error 2)
   0.147674416s  INFO prepare_target{force=false package_id=thiserror v2.0.20 target="build-script-build"}: cargo::core::compiler::fingerprint: fingerprint error for thiserror v2.0.20/RunCustomBuild/TargetInner { ..: custom_build_target("build-script-build", "/Users/huangjiajiang/.cargo/registry/src/rsproxy.cn-e3de039b2554c837/thiserror-2.0.20/build.rs", Edition2021) }
   0.147677000s  INFO prepare_target{force=false package_id=thiserror v2.0.20 target="build-script-build"}: cargo::core::compiler::fingerprint:     err: failed to read `/private/tmp/erp-domain-crate-00-target-finance-check/debug/.fingerprint/thiserror-3ba20e333d506bcf/run-build-script-build-script-build`

Caused by:
    No such file or directory (os error 2)
   0.147714000s  INFO prepare_target{force=false package_id=thiserror v2.0.20 target="build-script-build"}: cargo::core::compiler::fingerprint: fingerprint error for thiserror v2.0.20/Build/TargetInner { ..: custom_build_target("build-script-build", "/Users/huangjiajiang/.cargo/registry/src/rsproxy.cn-e3de039b2554c837/thiserror-2.0.20/build.rs", Edition2021) }
   0.147716583s  INFO prepare_target{force=false package_id=thiserror v2.0.20 target="build-script-build"}: cargo::core::compiler::fingerprint:     err: failed to read `/private/tmp/erp-domain-crate-00-target-finance-check/debug/.fingerprint/thiserror-632ab313668e3fd3/build-script-build-script-build`

Caused by:
    No such file or directory (os error 2)
   0.147762958s  INFO prepare_target{force=false package_id=thiserror-impl v2.0.20 target="thiserror_impl"}: cargo::core::compiler::fingerprint: fingerprint error for thiserror-impl v2.0.20/Build/TargetInner { for_host: true, proc_macro: true, ..: lib_target("thiserror_impl", ["proc-macro"], "/Users/huangjiajiang/.cargo/registry/src/rsproxy.cn-e3de039b2554c837/thiserror-impl-2.0.20/src/lib.rs", Edition2021) }
   0.147765583s  INFO prepare_target{force=false package_id=thiserror-impl v2.0.20 target="thiserror_impl"}: cargo::core::compiler::fingerprint:     err: failed to read `/private/tmp/erp-domain-crate-00-target-finance-check/debug/.fingerprint/thiserror-impl-87c56193b15d608a/lib-thiserror_impl`

Caused by:
    No such file or directory (os error 2)
   0.147817583s  INFO prepare_target{force=false package_id=tonic v0.14.6 target="tonic"}: cargo::core::compiler::fingerprint: fingerprint error for tonic v0.14.6/Check { test: false }/TargetInner { ..: lib_target("tonic", ["lib"], "/Users/huangjiajiang/.cargo/registry/src/rsproxy.cn-e3de039b2554c837/tonic-0.14.6/src/lib.rs", Edition2024) }
   0.147820250s  INFO prepare_target{force=false package_id=tonic v0.14.6 target="tonic"}: cargo::core::compiler::fingerprint:     err: failed to read `/private/tmp/erp-domain-crate-00-target-finance-check/debug/.fingerprint/tonic-b30f0994d5784a0d/lib-tonic`

Caused by:
    No such file or directory (os error 2)
   0.147942833s  INFO prepare_target{force=false package_id=hyper-timeout v0.5.2 target="hyper_timeout"}: cargo::core::compiler::fingerprint: fingerprint error for hyper-timeout v0.5.2/Check { test: false }/TargetInner { ..: lib_target("hyper_timeout", ["lib"], "/Users/huangjiajiang/.cargo/registry/src/rsproxy.cn-e3de039b2554c837/hyper-timeout-0.5.2/src/lib.rs", Edition2018) }
   0.147945708s  INFO prepare_target{force=false package_id=hyper-timeout v0.5.2 target="hyper_timeout"}: cargo::core::compiler::fingerprint:     err: failed to read `/private/tmp/erp-domain-crate-00-target-finance-check/debug/.fingerprint/hyper-timeout-69fb6bc3b13ebf2e/lib-hyper_timeout`

Caused by:
    No such file or directory (os error 2)
   0.148019041s  INFO prepare_target{force=false package_id=pin-project v1.1.13 target="pin_project"}: cargo::core::compiler::fingerprint: fingerprint error for pin-project v1.1.13/Check { test: false }/TargetInner { doc_scrape_examples: Disabled, ..: lib_target("pin_project", ["lib"], "/Users/huangjiajiang/.cargo/registry/src/rsproxy.cn-e3de039b2554c837/pin-project-1.1.13/src/lib.rs", Edition2021) }
   0.148022083s  INFO prepare_target{force=false package_id=pin-project v1.1.13 target="pin_project"}: cargo::core::compiler::fingerprint:     err: failed to read `/private/tmp/erp-domain-crate-00-target-finance-check/debug/.fingerprint/pin-project-692e34405d17ad95/lib-pin_project`

Caused by:
    No such file or directory (os error 2)
   0.148082125s  INFO prepare_target{force=false package_id=pin-project-internal v1.1.13 target="pin_project_internal"}: cargo::core::compiler::fingerprint: fingerprint error for pin-project-internal v1.1.13/Build/TargetInner { for_host: true, proc_macro: true, ..: lib_target("pin_project_internal", ["proc-macro"], "/Users/huangjiajiang/.cargo/registry/src/rsproxy.cn-e3de039b2554c837/pin-project-internal-1.1.13/src/lib.rs", Edition2021) }
   0.148085041s  INFO prepare_target{force=false package_id=pin-project-internal v1.1.13 target="pin_project_internal"}: cargo::core::compiler::fingerprint:     err: failed to read `/private/tmp/erp-domain-crate-00-target-finance-check/debug/.fingerprint/pin-project-internal-a6e7c4322eca7453/lib-pin_project_internal`

Caused by:
    No such file or directory (os error 2)
   0.148134958s  INFO prepare_target{force=false package_id=rustls-native-certs v0.8.4 target="rustls_native_certs"}: cargo::core::compiler::fingerprint: fingerprint error for rustls-native-certs v0.8.4/Check { test: false }/TargetInner { ..: lib_target("rustls_native_certs", ["lib"], "/Users/huangjiajiang/.cargo/registry/src/rsproxy.cn-e3de039b2554c837/rustls-native-certs-0.8.4/src/lib.rs", Edition2021) }
   0.148137208s  INFO prepare_target{force=false package_id=rustls-native-certs v0.8.4 target="rustls_native_certs"}: cargo::core::compiler::fingerprint:     err: failed to read `/private/tmp/erp-domain-crate-00-target-finance-check/debug/.fingerprint/rustls-native-certs-b49f9a1746bd5791/lib-rustls_native_certs`

Caused by:
    No such file or directory (os error 2)
   0.148194541s  INFO prepare_target{force=false package_id=rustls-pki-types v1.14.1 target="rustls_pki_types"}: cargo::core::compiler::fingerprint: fingerprint error for rustls-pki-types v1.14.1/Check { test: false }/TargetInner { ..: lib_target("rustls_pki_types", ["lib"], "/Users/huangjiajiang/.cargo/registry/src/rsproxy.cn-e3de039b2554c837/rustls-pki-types-1.14.1/src/lib.rs", Edition2021) }
   0.148197416s  INFO prepare_target{force=false package_id=rustls-pki-types v1.14.1 target="rustls_pki_types"}: cargo::core::compiler::fingerprint:     err: failed to read `/private/tmp/erp-domain-crate-00-target-finance-check/debug/.fingerprint/rustls-pki-types-3113c2b2792daadf/lib-rustls_pki_types`

Caused by:
    No such file or directory (os error 2)
   0.148243333s  INFO prepare_target{force=false package_id=zeroize v1.8.2 target="zeroize"}: cargo::core::compiler::fingerprint: fingerprint error for zeroize v1.8.2/Check { test: false }/TargetInner { ..: lib_target("zeroize", ["lib"], "/Users/huangjiajiang/.cargo/registry/src/rsproxy.cn-e3de039b2554c837/zeroize-1.8.2/src/lib.rs", Edition2021) }
   0.148245583s  INFO prepare_target{force=false package_id=zeroize v1.8.2 target="zeroize"}: cargo::core::compiler::fingerprint:     err: failed to read `/private/tmp/erp-domain-crate-00-target-finance-check/debug/.fingerprint/zeroize-b29527ecddba23ee/lib-zeroize`

Caused by:
    No such file or directory (os error 2)
   0.148296875s  INFO prepare_target{force=false package_id=security-framework v3.7.0 target="security_framework"}: cargo::core::compiler::fingerprint: fingerprint error for security-framework v3.7.0/Check { test: false }/TargetInner { ..: lib_target("security_framework", ["lib"], "/Users/huangjiajiang/.cargo/registry/src/rsproxy.cn-e3de039b2554c837/security-framework-3.7.0/src/lib.rs", Edition2024) }
   0.148299250s  INFO prepare_target{force=false package_id=security-framework v3.7.0 target="security_framework"}: cargo::core::compiler::fingerprint:     err: failed to read `/private/tmp/erp-domain-crate-00-target-finance-check/debug/.fingerprint/security-framework-a78b18360d32a5ad/lib-security_framework`

Caused by:
    No such file or directory (os error 2)
   0.148355583s  INFO prepare_target{force=false package_id=core-foundation v0.10.1 target="core_foundation"}: cargo::core::compiler::fingerprint: fingerprint error for core-foundation v0.10.1/Check { test: false }/TargetInner { ..: lib_target("core_foundation", ["lib"], "/Users/huangjiajiang/.cargo/registry/src/rsproxy.cn-e3de039b2554c837/core-foundation-0.10.1/src/lib.rs", Edition2021) }
   0.148358208s  INFO prepare_target{force=false package_id=core-foundation v0.10.1 target="core_foundation"}: cargo::core::compiler::fingerprint:     err: failed to read `/private/tmp/erp-domain-crate-00-target-finance-check/debug/.fingerprint/core-foundation-ca68e533f70fe99f/lib-core_foundation`

Caused by:
    No such file or directory (os error 2)
   0.148410916s  INFO prepare_target{force=false package_id=security-framework-sys v2.17.0 target="security_framework_sys"}: cargo::core::compiler::fingerprint: fingerprint error for security-framework-sys v2.17.0/Check { test: false }/TargetInner { ..: lib_target("security_framework_sys", ["lib"], "/Users/huangjiajiang/.cargo/registry/src/rsproxy.cn-e3de039b2554c837/security-framework-sys-2.17.0/src/lib.rs", Edition2021) }
   0.148413625s  INFO prepare_target{force=false package_id=security-framework-sys v2.17.0 target="security_framework_sys"}: cargo::core::compiler::fingerprint:     err: failed to read `/private/tmp/erp-domain-crate-00-target-finance-check/debug/.fingerprint/security-framework-sys-0fa1dbda484ac106/lib-security_framework_sys`

Caused by:
    No such file or directory (os error 2)
   0.148473666s  INFO prepare_target{force=false package_id=tokio-rustls v0.26.4 target="tokio_rustls"}: cargo::core::compiler::fingerprint: fingerprint error for tokio-rustls v0.26.4/Check { test: false }/TargetInner { ..: lib_target("tokio_rustls", ["lib"], "/Users/huangjiajiang/.cargo/registry/src/rsproxy.cn-e3de039b2554c837/tokio-rustls-0.26.4/src/lib.rs", Edition2021) }
   0.148476125s  INFO prepare_target{force=false package_id=tokio-rustls v0.26.4 target="tokio_rustls"}: cargo::core::compiler::fingerprint:     err: failed to read `/private/tmp/erp-domain-crate-00-target-finance-check/debug/.fingerprint/tokio-rustls-a4df3672161d7cdc/lib-tokio_rustls`

Caused by:
    No such file or directory (os error 2)
   0.148547291s  INFO prepare_target{force=false package_id=rustls v0.23.40 target="rustls"}: cargo::core::compiler::fingerprint: fingerprint error for rustls v0.23.40/Check { test: false }/TargetInner { ..: lib_target("rustls", ["lib"], "/Users/huangjiajiang/.cargo/registry/src/rsproxy.cn-e3de039b2554c837/rustls-0.23.40/src/lib.rs", Edition2021) }
   0.148550166s  INFO prepare_target{force=false package_id=rustls v0.23.40 target="rustls"}: cargo::core::compiler::fingerprint:     err: failed to read `/private/tmp/erp-domain-crate-00-target-finance-check/debug/.fingerprint/rustls-291cdd6f647ead5c/lib-rustls`

Caused by:
    No such file or directory (os error 2)
   0.148617375s  INFO prepare_target{force=false package_id=aws-lc-rs v1.17.3 target="aws_lc_rs"}: cargo::core::compiler::fingerprint: fingerprint error for aws-lc-rs v1.17.3/Check { test: false }/TargetInner { ..: lib_target("aws_lc_rs", ["lib"], "/Users/huangjiajiang/.cargo/registry/src/rsproxy.cn-e3de039b2554c837/aws-lc-rs-1.17.3/src/lib.rs", Edition2021) }
   0.148619916s  INFO prepare_target{force=false package_id=aws-lc-rs v1.17.3 target="aws_lc_rs"}: cargo::core::compiler::fingerprint:     err: failed to read `/private/tmp/erp-domain-crate-00-target-finance-check/debug/.fingerprint/aws-lc-rs-3a952a6577f991ed/lib-aws_lc_rs`

Caused by:
    No such file or directory (os error 2)
   0.148769250s  INFO prepare_target{force=false package_id=aws-lc-rs v1.17.3 target="build-script-build"}: cargo::core::compiler::fingerprint: fingerprint error for aws-lc-rs v1.17.3/RunCustomBuild/TargetInner { ..: custom_build_target("build-script-build", "/Users/huangjiajiang/.cargo/registry/src/rsproxy.cn-e3de039b2554c837/aws-lc-rs-1.17.3/build.rs", Edition2021) }
   0.148771666s  INFO prepare_target{force=false package_id=aws-lc-rs v1.17.3 target="build-script-build"}: cargo::core::compiler::fingerprint:     err: failed to read `/private/tmp/erp-domain-crate-00-target-finance-check/debug/.fingerprint/aws-lc-rs-e5c2a5371196b4f9/run-build-script-build-script-build`

Caused by:
    No such file or directory (os error 2)
   0.148811958s  INFO prepare_target{force=false package_id=aws-lc-rs v1.17.3 target="build-script-build"}: cargo::core::compiler::fingerprint: fingerprint error for aws-lc-rs v1.17.3/Build/TargetInner { ..: custom_build_target("build-script-build", "/Users/huangjiajiang/.cargo/registry/src/rsproxy.cn-e3de039b2554c837/aws-lc-rs-1.17.3/build.rs", Edition2021) }
   0.148814166s  INFO prepare_target{force=false package_id=aws-lc-rs v1.17.3 target="build-script-build"}: cargo::core::compiler::fingerprint:     err: failed to read `/private/tmp/erp-domain-crate-00-target-finance-check/debug/.fingerprint/aws-lc-rs-e157b3163cf0b468/build-script-build-script-build`

Caused by:
    No such file or directory (os error 2)
   0.148970750s  INFO prepare_target{force=false package_id=aws-lc-sys v0.43.0 target="build-script-main"}: cargo::core::compiler::fingerprint: fingerprint error for aws-lc-sys v0.43.0/RunCustomBuild/TargetInner { ..: custom_build_target("build-script-main", "/Users/huangjiajiang/.cargo/registry/src/rsproxy.cn-e3de039b2554c837/aws-lc-sys-0.43.0/builder/main.rs", Edition2021) }
   0.148973625s  INFO prepare_target{force=false package_id=aws-lc-sys v0.43.0 target="build-script-main"}: cargo::core::compiler::fingerprint:     err: failed to read `/private/tmp/erp-domain-crate-00-target-finance-check/debug/.fingerprint/aws-lc-sys-ca9206e6fd8cf20c/run-build-script-build-script-main`

Caused by:
    No such file or directory (os error 2)
   0.149009291s  INFO prepare_target{force=false package_id=aws-lc-sys v0.43.0 target="build-script-main"}: cargo::core::compiler::fingerprint: fingerprint error for aws-lc-sys v0.43.0/Build/TargetInner { ..: custom_build_target("build-script-main", "/Users/huangjiajiang/.cargo/registry/src/rsproxy.cn-e3de039b2554c837/aws-lc-sys-0.43.0/builder/main.rs", Edition2021) }
   0.149011666s  INFO prepare_target{force=false package_id=aws-lc-sys v0.43.0 target="build-script-main"}: cargo::core::compiler::fingerprint:     err: failed to read `/private/tmp/erp-domain-crate-00-target-finance-check/debug/.fingerprint/aws-lc-sys-96979392074d9500/build-script-build-script-main`

Caused by:
    No such file or directory (os error 2)
   0.149065000s  INFO prepare_target{force=false package_id=cc v1.2.62 target="cc"}: cargo::core::compiler::fingerprint: fingerprint error for cc v1.2.62/Build/TargetInner { ..: lib_target("cc", ["lib"], "/Users/huangjiajiang/.cargo/registry/src/rsproxy.cn-e3de039b2554c837/cc-1.2.62/src/lib.rs", Edition2018) }
   0.149067250s  INFO prepare_target{force=false package_id=cc v1.2.62 target="cc"}: cargo::core::compiler::fingerprint:     err: failed to read `/private/tmp/erp-domain-crate-00-target-finance-check/debug/.fingerprint/cc-3110236d555ccdd2/lib-cc`

Caused by:
    No such file or directory (os error 2)
   0.149120541s  INFO prepare_target{force=false package_id=find-msvc-tools v0.1.9 target="find_msvc_tools"}: cargo::core::compiler::fingerprint: fingerprint error for find-msvc-tools v0.1.9/Build/TargetInner { ..: lib_target("find_msvc_tools", ["lib"], "/Users/huangjiajiang/.cargo/registry/src/rsproxy.cn-e3de039b2554c837/find-msvc-tools-0.1.9/src/lib.rs", Edition2018) }
   0.149122958s  INFO prepare_target{force=false package_id=find-msvc-tools v0.1.9 target="find_msvc_tools"}: cargo::core::compiler::fingerprint:     err: failed to read `/private/tmp/erp-domain-crate-00-target-finance-check/debug/.fingerprint/find-msvc-tools-c729b9d242d6c237/lib-find_msvc_tools`

Caused by:
    No such file or directory (os error 2)
   0.149169208s  INFO prepare_target{force=false package_id=jobserver v0.1.35 target="jobserver"}: cargo::core::compiler::fingerprint: fingerprint error for jobserver v0.1.35/Build/TargetInner { ..: lib_target("jobserver", ["lib"], "/Users/huangjiajiang/.cargo/registry/src/rsproxy.cn-e3de039b2554c837/jobserver-0.1.35/src/lib.rs", Edition2021) }
   0.149171458s  INFO prepare_target{force=false package_id=jobserver v0.1.35 target="jobserver"}: cargo::core::compiler::fingerprint:     err: failed to read `/private/tmp/erp-domain-crate-00-target-finance-check/debug/.fingerprint/jobserver-712ecf8d5632b5a6/lib-jobserver`

Caused by:
    No such file or directory (os error 2)
   0.149220833s  INFO prepare_target{force=false package_id=shlex v1.3.0 target="shlex"}: cargo::core::compiler::fingerprint: fingerprint error for shlex v1.3.0/Build/TargetInner { name_inferred: true, ..: lib_target("shlex", ["lib"], "/Users/huangjiajiang/.cargo/registry/src/rsproxy.cn-e3de039b2554c837/shlex-1.3.0/src/lib.rs", Edition2015) }
   0.149223583s  INFO prepare_target{force=false package_id=shlex v1.3.0 target="shlex"}: cargo::core::compiler::fingerprint:     err: failed to read `/private/tmp/erp-domain-crate-00-target-finance-check/debug/.fingerprint/shlex-5e6779ca81f65094/lib-shlex`

Caused by:
    No such file or directory (os error 2)
   0.149272375s  INFO prepare_target{force=false package_id=cmake v0.1.58 target="cmake"}: cargo::core::compiler::fingerprint: fingerprint error for cmake v0.1.58/Build/TargetInner { ..: lib_target("cmake", ["lib"], "/Users/huangjiajiang/.cargo/registry/src/rsproxy.cn-e3de039b2554c837/cmake-0.1.58/src/lib.rs", Edition2021) }
   0.149274833s  INFO prepare_target{force=false package_id=cmake v0.1.58 target="cmake"}: cargo::core::compiler::fingerprint:     err: failed to read `/private/tmp/erp-domain-crate-00-target-finance-check/debug/.fingerprint/cmake-ff465a589b5a49bf/lib-cmake`

Caused by:
    No such file or directory (os error 2)
   0.149328291s  INFO prepare_target{force=false package_id=dunce v1.0.5 target="dunce"}: cargo::core::compiler::fingerprint: fingerprint error for dunce v1.0.5/Build/TargetInner { ..: lib_target("dunce", ["lib"], "/Users/huangjiajiang/.cargo/registry/src/rsproxy.cn-e3de039b2554c837/dunce-1.0.5/src/lib.rs", Edition2021) }
   0.149330666s  INFO prepare_target{force=false package_id=dunce v1.0.5 target="dunce"}: cargo::core::compiler::fingerprint:     err: failed to read `/private/tmp/erp-domain-crate-00-target-finance-check/debug/.fingerprint/dunce-d484147f2f33e754/lib-dunce`

Caused by:
    No such file or directory (os error 2)
   0.149377833s  INFO prepare_target{force=false package_id=fs_extra v1.3.0 target="fs_extra"}: cargo::core::compiler::fingerprint: fingerprint error for fs_extra v1.3.0/Build/TargetInner { name_inferred: true, ..: lib_target("fs_extra", ["lib"], "/Users/huangjiajiang/.cargo/registry/src/rsproxy.cn-e3de039b2554c837/fs_extra-1.3.0/src/lib.rs", Edition2018) }
   0.149380666s  INFO prepare_target{force=false package_id=fs_extra v1.3.0 target="fs_extra"}: cargo::core::compiler::fingerprint:     err: failed to read `/private/tmp/erp-domain-crate-00-target-finance-check/debug/.fingerprint/fs_extra-48099875dc9f64f3/lib-fs_extra`

Caused by:
    No such file or directory (os error 2)
   0.149433250s  INFO prepare_target{force=false package_id=pkg-config v0.3.33 target="pkg_config"}: cargo::core::compiler::fingerprint: fingerprint error for pkg-config v0.3.33/Build/TargetInner { ..: lib_target("pkg_config", ["lib"], "/Users/huangjiajiang/.cargo/registry/src/rsproxy.cn-e3de039b2554c837/pkg-config-0.3.33/src/lib.rs", Edition2018) }
   0.149435875s  INFO prepare_target{force=false package_id=pkg-config v0.3.33 target="pkg_config"}: cargo::core::compiler::fingerprint:     err: failed to read `/private/tmp/erp-domain-crate-00-target-finance-check/debug/.fingerprint/pkg-config-c258f00481238ef9/lib-pkg_config`

Caused by:
    No such file or directory (os error 2)
   0.149484750s  INFO prepare_target{force=false package_id=aws-lc-sys v0.43.0 target="aws_lc_sys"}: cargo::core::compiler::fingerprint: fingerprint error for aws-lc-sys v0.43.0/Check { test: false }/TargetInner { ..: lib_target("aws_lc_sys", ["lib"], "/Users/huangjiajiang/.cargo/registry/src/rsproxy.cn-e3de039b2554c837/aws-lc-sys-0.43.0/src/lib.rs", Edition2021) }
   0.149487416s  INFO prepare_target{force=false package_id=aws-lc-sys v0.43.0 target="aws_lc_sys"}: cargo::core::compiler::fingerprint:     err: failed to read `/private/tmp/erp-domain-crate-00-target-finance-check/debug/.fingerprint/aws-lc-sys-363b38dbb6c447e6/lib-aws_lc_sys`

Caused by:
    No such file or directory (os error 2)
   0.149538541s  INFO prepare_target{force=false package_id=ring v0.17.14 target="ring"}: cargo::core::compiler::fingerprint: fingerprint error for ring v0.17.14/Check { test: false }/TargetInner { ..: lib_target("ring", ["lib"], "/Users/huangjiajiang/.cargo/registry/src/rsproxy.cn-e3de039b2554c837/ring-0.17.14/src/lib.rs", Edition2021) }
   0.149540833s  INFO prepare_target{force=false package_id=ring v0.17.14 target="ring"}: cargo::core::compiler::fingerprint:     err: failed to read `/private/tmp/erp-domain-crate-00-target-finance-check/debug/.fingerprint/ring-0a45eccb07a4a503/lib-ring`

Caused by:
    No such file or directory (os error 2)
   0.149594708s  INFO prepare_target{force=false package_id=getrandom v0.2.17 target="getrandom"}: cargo::core::compiler::fingerprint: fingerprint error for getrandom v0.2.17/Check { test: false }/TargetInner { ..: lib_target("getrandom", ["lib"], "/Users/huangjiajiang/.cargo/registry/src/rsproxy.cn-e3de039b2554c837/getrandom-0.2.17/src/lib.rs", Edition2018) }
   0.149596916s  INFO prepare_target{force=false package_id=getrandom v0.2.17 target="getrandom"}: cargo::core::compiler::fingerprint:     err: failed to read `/private/tmp/erp-domain-crate-00-target-finance-check/debug/.fingerprint/getrandom-c4eb07829ed43283/lib-getrandom`

Caused by:
    No such file or directory (os error 2)
   0.149744916s  INFO prepare_target{force=false package_id=ring v0.17.14 target="build-script-build"}: cargo::core::compiler::fingerprint: fingerprint error for ring v0.17.14/RunCustomBuild/TargetInner { ..: custom_build_target("build-script-build", "/Users/huangjiajiang/.cargo/registry/src/rsproxy.cn-e3de039b2554c837/ring-0.17.14/build.rs", Edition2021) }
   0.149747708s  INFO prepare_target{force=false package_id=ring v0.17.14 target="build-script-build"}: cargo::core::compiler::fingerprint:     err: failed to read `/private/tmp/erp-domain-crate-00-target-finance-check/debug/.fingerprint/ring-4ac14b218b43eaaa/run-build-script-build-script-build`

Caused by:
    No such file or directory (os error 2)
   0.149786833s  INFO prepare_target{force=false package_id=ring v0.17.14 target="build-script-build"}: cargo::core::compiler::fingerprint: fingerprint error for ring v0.17.14/Build/TargetInner { ..: custom_build_target("build-script-build", "/Users/huangjiajiang/.cargo/registry/src/rsproxy.cn-e3de039b2554c837/ring-0.17.14/build.rs", Edition2021) }
   0.149789500s  INFO prepare_target{force=false package_id=ring v0.17.14 target="build-script-build"}: cargo::core::compiler::fingerprint:     err: failed to read `/private/tmp/erp-domain-crate-00-target-finance-check/debug/.fingerprint/ring-cbe6dcd62a90a2e8/build-script-build-script-build`

Caused by:
    No such file or directory (os error 2)
   0.149839541s  INFO prepare_target{force=false package_id=untrusted v0.9.0 target="untrusted"}: cargo::core::compiler::fingerprint: fingerprint error for untrusted v0.9.0/Check { test: false }/TargetInner { ..: lib_target("untrusted", ["lib"], "/Users/huangjiajiang/.cargo/registry/src/rsproxy.cn-e3de039b2554c837/untrusted-0.9.0/src/lib.rs", Edition2018) }
   0.149842208s  INFO prepare_target{force=false package_id=untrusted v0.9.0 target="untrusted"}: cargo::core::compiler::fingerprint:     err: failed to read `/private/tmp/erp-domain-crate-00-target-finance-check/debug/.fingerprint/untrusted-9d07847b09ef67d4/lib-untrusted`

Caused by:
    No such file or directory (os error 2)
   0.149989166s  INFO prepare_target{force=false package_id=rustls v0.23.40 target="build-script-build"}: cargo::core::compiler::fingerprint: fingerprint error for rustls v0.23.40/RunCustomBuild/TargetInner { ..: custom_build_target("build-script-build", "/Users/huangjiajiang/.cargo/registry/src/rsproxy.cn-e3de039b2554c837/rustls-0.23.40/build.rs", Edition2021) }
   0.149991708s  INFO prepare_target{force=false package_id=rustls v0.23.40 target="build-script-build"}: cargo::core::compiler::fingerprint:     err: failed to read `/private/tmp/erp-domain-crate-00-target-finance-check/debug/.fingerprint/rustls-44693f79d744ef09/run-build-script-build-script-build`

Caused by:
    No such file or directory (os error 2)
   0.150027916s  INFO prepare_target{force=false package_id=rustls v0.23.40 target="build-script-build"}: cargo::core::compiler::fingerprint: fingerprint error for rustls v0.23.40/Build/TargetInner { ..: custom_build_target("build-script-build", "/Users/huangjiajiang/.cargo/registry/src/rsproxy.cn-e3de039b2554c837/rustls-0.23.40/build.rs", Edition2021) }
   0.150030000s  INFO prepare_target{force=false package_id=rustls v0.23.40 target="build-script-build"}: cargo::core::compiler::fingerprint:     err: failed to read `/private/tmp/erp-domain-crate-00-target-finance-check/debug/.fingerprint/rustls-48efb85bdd7baea0/build-script-build-script-build`

Caused by:
    No such file or directory (os error 2)
   0.150081375s  INFO prepare_target{force=false package_id=rustls-webpki v0.103.13 target="webpki"}: cargo::core::compiler::fingerprint: fingerprint error for rustls-webpki v0.103.13/Check { test: false }/TargetInner { ..: lib_target("webpki", ["lib"], "/Users/huangjiajiang/.cargo/registry/src/rsproxy.cn-e3de039b2554c837/rustls-webpki-0.103.13/src/lib.rs", Edition2021) }
   0.150084000s  INFO prepare_target{force=false package_id=rustls-webpki v0.103.13 target="webpki"}: cargo::core::compiler::fingerprint:     err: failed to read `/private/tmp/erp-domain-crate-00-target-finance-check/debug/.fingerprint/rustls-webpki-c715f580306ecdcb/lib-webpki`

Caused by:
    No such file or directory (os error 2)
   0.150148541s  INFO prepare_target{force=false package_id=subtle v2.6.1 target="subtle"}: cargo::core::compiler::fingerprint: fingerprint error for subtle v2.6.1/Check { test: false }/TargetInner { ..: lib_target("subtle", ["lib"], "/Users/huangjiajiang/.cargo/registry/src/rsproxy.cn-e3de039b2554c837/subtle-2.6.1/src/lib.rs", Edition2018) }
   0.150151083s  INFO prepare_target{force=false package_id=subtle v2.6.1 target="subtle"}: cargo::core::compiler::fingerprint:     err: failed to read `/private/tmp/erp-domain-crate-00-target-finance-check/debug/.fingerprint/subtle-fb823d35a4e2328c/lib-subtle`

Caused by:
    No such file or directory (os error 2)
   0.150200541s  INFO prepare_target{force=false package_id=tokio-stream v0.1.18 target="tokio_stream"}: cargo::core::compiler::fingerprint: fingerprint error for tokio-stream v0.1.18/Check { test: false }/TargetInner { ..: lib_target("tokio_stream", ["lib"], "/Users/huangjiajiang/.cargo/registry/src/rsproxy.cn-e3de039b2554c837/tokio-stream-0.1.18/src/lib.rs", Edition2021) }
   0.150203208s  INFO prepare_target{force=false package_id=tokio-stream v0.1.18 target="tokio_stream"}: cargo::core::compiler::fingerprint:     err: failed to read `/private/tmp/erp-domain-crate-00-target-finance-check/debug/.fingerprint/tokio-stream-026dd90addf31f9e/lib-tokio_stream`

Caused by:
    No such file or directory (os error 2)
   0.150265458s  INFO prepare_target{force=false package_id=tonic-prost v0.14.6 target="tonic_prost"}: cargo::core::compiler::fingerprint: fingerprint error for tonic-prost v0.14.6/Check { test: false }/TargetInner { ..: lib_target("tonic_prost", ["lib"], "/Users/huangjiajiang/.cargo/registry/src/rsproxy.cn-e3de039b2554c837/tonic-prost-0.14.6/src/lib.rs", Edition2024) }
   0.150268208s  INFO prepare_target{force=false package_id=tonic-prost v0.14.6 target="tonic_prost"}: cargo::core::compiler::fingerprint:     err: failed to read `/private/tmp/erp-domain-crate-00-target-finance-check/debug/.fingerprint/tonic-prost-f856c9a255a99108/lib-tonic_prost`

Caused by:
    No such file or directory (os error 2)
   0.150376416s  INFO prepare_target{force=false package_id=toml v1.1.4+spec-1.1.0 target="toml"}: cargo::core::compiler::fingerprint: fingerprint error for toml v1.1.4+spec-1.1.0/Check { test: false }/TargetInner { ..: lib_target("toml", ["lib"], "/Users/huangjiajiang/.cargo/registry/src/rsproxy.cn-e3de039b2554c837/toml-1.1.4+spec-1.1.0/src/lib.rs", Edition2024) }
   0.150379208s  INFO prepare_target{force=false package_id=toml v1.1.4+spec-1.1.0 target="toml"}: cargo::core::compiler::fingerprint:     err: failed to read `/private/tmp/erp-domain-crate-00-target-finance-check/debug/.fingerprint/toml-a67608bc9ade3e30/lib-toml`

Caused by:
    No such file or directory (os error 2)
   0.150440416s  INFO prepare_target{force=false package_id=serde_spanned v1.1.1 target="serde_spanned"}: cargo::core::compiler::fingerprint: fingerprint error for serde_spanned v1.1.1/Check { test: false }/TargetInner { ..: lib_target("serde_spanned", ["lib"], "/Users/huangjiajiang/.cargo/registry/src/rsproxy.cn-e3de039b2554c837/serde_spanned-1.1.1/src/lib.rs", Edition2024) }
   0.150442708s  INFO prepare_target{force=false package_id=serde_spanned v1.1.1 target="serde_spanned"}: cargo::core::compiler::fingerprint:     err: failed to read `/private/tmp/erp-domain-crate-00-target-finance-check/debug/.fingerprint/serde_spanned-1af64fc39ca14a9c/lib-serde_spanned`

Caused by:
    No such file or directory (os error 2)
   0.150490375s  INFO prepare_target{force=false package_id=toml_datetime v1.1.1+spec-1.1.0 target="toml_datetime"}: cargo::core::compiler::fingerprint: fingerprint error for toml_datetime v1.1.1+spec-1.1.0/Check { test: false }/TargetInner { ..: lib_target("toml_datetime", ["lib"], "/Users/huangjiajiang/.cargo/registry/src/rsproxy.cn-e3de039b2554c837/toml_datetime-1.1.1+spec-1.1.0/src/lib.rs", Edition2024) }
   0.150492750s  INFO prepare_target{force=false package_id=toml_datetime v1.1.1+spec-1.1.0 target="toml_datetime"}: cargo::core::compiler::fingerprint:     err: failed to read `/private/tmp/erp-domain-crate-00-target-finance-check/debug/.fingerprint/toml_datetime-d2c5d37e05607c74/lib-toml_datetime`

Caused by:
    No such file or directory (os error 2)
   0.150546000s  INFO prepare_target{force=false package_id=toml_parser v1.1.3+spec-1.1.0 target="toml_parser"}: cargo::core::compiler::fingerprint: fingerprint error for toml_parser v1.1.3+spec-1.1.0/Check { test: false }/TargetInner { ..: lib_target("toml_parser", ["lib"], "/Users/huangjiajiang/.cargo/registry/src/rsproxy.cn-e3de039b2554c837/toml_parser-1.1.3+spec-1.1.0/src/lib.rs", Edition2024) }
   0.150549000s  INFO prepare_target{force=false package_id=toml_parser v1.1.3+spec-1.1.0 target="toml_parser"}: cargo::core::compiler::fingerprint:     err: failed to read `/private/tmp/erp-domain-crate-00-target-finance-check/debug/.fingerprint/toml_parser-4dcb8522348ad0ca/lib-toml_parser`

Caused by:
    No such file or directory (os error 2)
   0.150600458s  INFO prepare_target{force=false package_id=winnow v1.0.2 target="winnow"}: cargo::core::compiler::fingerprint: fingerprint error for winnow v1.0.2/Check { test: false }/TargetInner { ..: lib_target("winnow", ["lib"], "/Users/huangjiajiang/.cargo/registry/src/rsproxy.cn-e3de039b2554c837/winnow-1.0.2/src/lib.rs", Edition2021) }
   0.150602791s  INFO prepare_target{force=false package_id=winnow v1.0.2 target="winnow"}: cargo::core::compiler::fingerprint:     err: failed to read `/private/tmp/erp-domain-crate-00-target-finance-check/debug/.fingerprint/winnow-db8a2da834b9e416/lib-winnow`

Caused by:
    No such file or directory (os error 2)
   0.150657041s  INFO prepare_target{force=false package_id=toml_writer v1.1.2+spec-1.1.0 target="toml_writer"}: cargo::core::compiler::fingerprint: fingerprint error for toml_writer v1.1.2+spec-1.1.0/Check { test: false }/TargetInner { ..: lib_target("toml_writer", ["lib"], "/Users/huangjiajiang/.cargo/registry/src/rsproxy.cn-e3de039b2554c837/toml_writer-1.1.2+spec-1.1.0/src/lib.rs", Edition2024) }
   0.150659416s  INFO prepare_target{force=false package_id=toml_writer v1.1.2+spec-1.1.0 target="toml_writer"}: cargo::core::compiler::fingerprint:     err: failed to read `/private/tmp/erp-domain-crate-00-target-finance-check/debug/.fingerprint/toml_writer-3a8ef7dcd6015a35/lib-toml_writer`

Caused by:
    No such file or directory (os error 2)
   0.150719541s  INFO prepare_target{force=false package_id=database v0.1.0 (/private/tmp/erp-domain-crate-00-measure/backend/database) target="database"}: cargo::core::compiler::fingerprint: fingerprint error for database v0.1.0 (/private/tmp/erp-domain-crate-00-measure/backend/database)/Check { test: false }/TargetInner { name_inferred: true, ..: lib_target("database", ["lib"], "/private/tmp/erp-domain-crate-00-measure/backend/database/src/lib.rs", Edition2021) }
   0.150722458s  INFO prepare_target{force=false package_id=database v0.1.0 (/private/tmp/erp-domain-crate-00-measure/backend/database) target="database"}: cargo::core::compiler::fingerprint:     err: failed to read `/private/tmp/erp-domain-crate-00-target-finance-check/debug/.fingerprint/database-c3cf0fad07d002ed/lib-database`

Caused by:
    No such file or directory (os error 2)
   0.150924166s  INFO prepare_target{force=false package_id=bpm v0.1.0 (/private/tmp/erp-domain-crate-00-measure/backend/crates/bpm) target="bpm"}: cargo::core::compiler::fingerprint: fingerprint error for bpm v0.1.0 (/private/tmp/erp-domain-crate-00-measure/backend/crates/bpm)/Check { test: false }/TargetInner { name_inferred: true, ..: lib_target("bpm", ["lib"], "/private/tmp/erp-domain-crate-00-measure/backend/crates/bpm/src/lib.rs", Edition2021) }
   0.150927416s  INFO prepare_target{force=false package_id=bpm v0.1.0 (/private/tmp/erp-domain-crate-00-measure/backend/crates/bpm) target="bpm"}: cargo::core::compiler::fingerprint:     err: failed to read `/private/tmp/erp-domain-crate-00-target-finance-check/debug/.fingerprint/bpm-4380abed54073767/lib-bpm`

Caused by:
    No such file or directory (os error 2)
   0.151004208s  INFO prepare_target{force=false package_id=entity-core v0.1.0 (/private/tmp/erp-domain-crate-00-measure/backend/crates/entity-core) target="entity_core"}: cargo::core::compiler::fingerprint: fingerprint error for entity-core v0.1.0 (/private/tmp/erp-domain-crate-00-measure/backend/crates/entity-core)/Check { test: false }/TargetInner { name_inferred: true, ..: lib_target("entity_core", ["lib"], "/private/tmp/erp-domain-crate-00-measure/backend/crates/entity-core/src/lib.rs", Edition2021) }
   0.151007416s  INFO prepare_target{force=false package_id=entity-core v0.1.0 (/private/tmp/erp-domain-crate-00-measure/backend/crates/entity-core) target="entity_core"}: cargo::core::compiler::fingerprint:     err: failed to read `/private/tmp/erp-domain-crate-00-target-finance-check/debug/.fingerprint/entity-core-ceecddb8cd8ee790/lib-entity_core`

Caused by:
    No such file or directory (os error 2)
   0.151072041s  INFO prepare_target{force=false package_id=entity-macros v0.1.0 (/private/tmp/erp-domain-crate-00-measure/backend/crates/entity-macros) target="entity_macros"}: cargo::core::compiler::fingerprint: fingerprint error for entity-macros v0.1.0 (/private/tmp/erp-domain-crate-00-measure/backend/crates/entity-macros)/Build/TargetInner { name_inferred: true, for_host: true, proc_macro: true, ..: lib_target("entity_macros", ["proc-macro"], "/private/tmp/erp-domain-crate-00-measure/backend/crates/entity-macros/src/lib.rs", Edition2021) }
   0.151075166s  INFO prepare_target{force=false package_id=entity-macros v0.1.0 (/private/tmp/erp-domain-crate-00-measure/backend/crates/entity-macros) target="entity_macros"}: cargo::core::compiler::fingerprint:     err: failed to read `/private/tmp/erp-domain-crate-00-target-finance-check/debug/.fingerprint/entity-macros-174dd80f40cd4ee6/lib-entity_macros`

Caused by:
    No such file or directory (os error 2)
   0.151131708s  INFO prepare_target{force=false package_id=hex v0.4.3 target="hex"}: cargo::core::compiler::fingerprint: fingerprint error for hex v0.4.3/Check { test: false }/TargetInner { name_inferred: true, ..: lib_target("hex", ["lib"], "/Users/huangjiajiang/.cargo/registry/src/rsproxy.cn-e3de039b2554c837/hex-0.4.3/src/lib.rs", Edition2018) }
   0.151134041s  INFO prepare_target{force=false package_id=hex v0.4.3 target="hex"}: cargo::core::compiler::fingerprint:     err: failed to read `/private/tmp/erp-domain-crate-00-target-finance-check/debug/.fingerprint/hex-d8f4019d58809527/lib-hex`

Caused by:
    No such file or directory (os error 2)
   0.151186333s  INFO prepare_target{force=false package_id=sha2 v0.11.0 target="sha2"}: cargo::core::compiler::fingerprint: fingerprint error for sha2 v0.11.0/Check { test: false }/TargetInner { ..: lib_target("sha2", ["lib"], "/Users/huangjiajiang/.cargo/registry/src/rsproxy.cn-e3de039b2554c837/sha2-0.11.0/src/lib.rs", Edition2024) }
   0.151188583s  INFO prepare_target{force=false package_id=sha2 v0.11.0 target="sha2"}: cargo::core::compiler::fingerprint:     err: failed to read `/private/tmp/erp-domain-crate-00-target-finance-check/debug/.fingerprint/sha2-1a9dc92f8d7ef3b0/lib-sha2`

Caused by:
    No such file or directory (os error 2)
   0.151249416s  INFO prepare_target{force=false package_id=cpufeatures v0.3.0 target="cpufeatures"}: cargo::core::compiler::fingerprint: fingerprint error for cpufeatures v0.3.0/Check { test: false }/TargetInner { ..: lib_target("cpufeatures", ["lib"], "/Users/huangjiajiang/.cargo/registry/src/rsproxy.cn-e3de039b2554c837/cpufeatures-0.3.0/src/lib.rs", Edition2024) }
   0.151251708s  INFO prepare_target{force=false package_id=cpufeatures v0.3.0 target="cpufeatures"}: cargo::core::compiler::fingerprint:     err: failed to read `/private/tmp/erp-domain-crate-00-target-finance-check/debug/.fingerprint/cpufeatures-31356cf16b0db292/lib-cpufeatures`

Caused by:
    No such file or directory (os error 2)
   0.151307625s  INFO prepare_target{force=false package_id=digest v0.11.3 target="digest"}: cargo::core::compiler::fingerprint: fingerprint error for digest v0.11.3/Check { test: false }/TargetInner { ..: lib_target("digest", ["lib"], "/Users/huangjiajiang/.cargo/registry/src/rsproxy.cn-e3de039b2554c837/digest-0.11.3/src/lib.rs", Edition2024) }
   0.151310500s  INFO prepare_target{force=false package_id=digest v0.11.3 target="digest"}: cargo::core::compiler::fingerprint:     err: failed to read `/private/tmp/erp-domain-crate-00-target-finance-check/debug/.fingerprint/digest-f6be9b90807f6f88/lib-digest`

Caused by:
    No such file or directory (os error 2)
   0.151374833s  INFO prepare_target{force=false package_id=block-buffer v0.12.1 target="block_buffer"}: cargo::core::compiler::fingerprint: fingerprint error for block-buffer v0.12.1/Check { test: false }/TargetInner { ..: lib_target("block_buffer", ["lib"], "/Users/huangjiajiang/.cargo/registry/src/rsproxy.cn-e3de039b2554c837/block-buffer-0.12.1/src/lib.rs", Edition2024) }
   0.151377291s  INFO prepare_target{force=false package_id=block-buffer v0.12.1 target="block_buffer"}: cargo::core::compiler::fingerprint:     err: failed to read `/private/tmp/erp-domain-crate-00-target-finance-check/debug/.fingerprint/block-buffer-067d0c7afbfce7f8/lib-block_buffer`

Caused by:
    No such file or directory (os error 2)
   0.151439291s  INFO prepare_target{force=false package_id=hybrid-array v0.4.14 target="hybrid_array"}: cargo::core::compiler::fingerprint: fingerprint error for hybrid-array v0.4.14/Check { test: false }/TargetInner { ..: lib_target("hybrid_array", ["lib"], "/Users/huangjiajiang/.cargo/registry/src/rsproxy.cn-e3de039b2554c837/hybrid-array-0.4.14/src/lib.rs", Edition2024) }
   0.151441958s  INFO prepare_target{force=false package_id=hybrid-array v0.4.14 target="hybrid_array"}: cargo::core::compiler::fingerprint:     err: failed to read `/private/tmp/erp-domain-crate-00-target-finance-check/debug/.fingerprint/hybrid-array-3ea5655280c739d9/lib-hybrid_array`

Caused by:
    No such file or directory (os error 2)
   0.151497708s  INFO prepare_target{force=false package_id=typenum v1.20.0 target="typenum"}: cargo::core::compiler::fingerprint: fingerprint error for typenum v1.20.0/Check { test: false }/TargetInner { ..: lib_target("typenum", ["lib"], "/Users/huangjiajiang/.cargo/registry/src/rsproxy.cn-e3de039b2554c837/typenum-1.20.0/src/lib.rs", Edition2018) }
   0.151500208s  INFO prepare_target{force=false package_id=typenum v1.20.0 target="typenum"}: cargo::core::compiler::fingerprint:     err: failed to read `/private/tmp/erp-domain-crate-00-target-finance-check/debug/.fingerprint/typenum-5a227175bade7eb7/lib-typenum`

Caused by:
    No such file or directory (os error 2)
   0.151558375s  INFO prepare_target{force=false package_id=const-oid v0.10.2 target="const_oid"}: cargo::core::compiler::fingerprint: fingerprint error for const-oid v0.10.2/Check { test: false }/TargetInner { ..: lib_target("const_oid", ["lib"], "/Users/huangjiajiang/.cargo/registry/src/rsproxy.cn-e3de039b2554c837/const-oid-0.10.2/src/lib.rs", Edition2024) }
   0.151560958s  INFO prepare_target{force=false package_id=const-oid v0.10.2 target="const_oid"}: cargo::core::compiler::fingerprint:     err: failed to read `/private/tmp/erp-domain-crate-00-target-finance-check/debug/.fingerprint/const-oid-029e5505914bbc11/lib-const_oid`

Caused by:
    No such file or directory (os error 2)
   0.151614458s  INFO prepare_target{force=false package_id=crypto-common v0.2.2 target="crypto_common"}: cargo::core::compiler::fingerprint: fingerprint error for crypto-common v0.2.2/Check { test: false }/TargetInner { ..: lib_target("crypto_common", ["lib"], "/Users/huangjiajiang/.cargo/registry/src/rsproxy.cn-e3de039b2554c837/crypto-common-0.2.2/src/lib.rs", Edition2024) }
   0.151617083s  INFO prepare_target{force=false package_id=crypto-common v0.2.2 target="crypto_common"}: cargo::core::compiler::fingerprint:     err: failed to read `/private/tmp/erp-domain-crate-00-target-finance-check/debug/.fingerprint/crypto-common-ac046ad0826dfffd/lib-crypto_common`

Caused by:
    No such file or directory (os error 2)
   0.151672333s  INFO prepare_target{force=false package_id=ctutils v0.4.2 target="ctutils"}: cargo::core::compiler::fingerprint: fingerprint error for ctutils v0.4.2/Check { test: false }/TargetInner { ..: lib_target("ctutils", ["lib"], "/Users/huangjiajiang/.cargo/registry/src/rsproxy.cn-e3de039b2554c837/ctutils-0.4.2/src/lib.rs", Edition2024) }
   0.151674500s  INFO prepare_target{force=false package_id=ctutils v0.4.2 target="ctutils"}: cargo::core::compiler::fingerprint:     err: failed to read `/private/tmp/erp-domain-crate-00-target-finance-check/debug/.fingerprint/ctutils-78bbce6d812790e5/lib-ctutils`

Caused by:
    No such file or directory (os error 2)
   0.151726166s  INFO prepare_target{force=false package_id=cmov v0.5.4 target="cmov"}: cargo::core::compiler::fingerprint: fingerprint error for cmov v0.5.4/Check { test: false }/TargetInner { ..: lib_target("cmov", ["lib"], "/Users/huangjiajiang/.cargo/registry/src/rsproxy.cn-e3de039b2554c837/cmov-0.5.4/src/lib.rs", Edition2024) }
   0.151728375s  INFO prepare_target{force=false package_id=cmov v0.5.4 target="cmov"}: cargo::core::compiler::fingerprint:     err: failed to read `/private/tmp/erp-domain-crate-00-target-finance-check/debug/.fingerprint/cmov-6f46d26b0d78f63e/lib-cmov`

Caused by:
    No such file or directory (os error 2)
   0.151781750s  INFO prepare_target{force=false package_id=casbin v2.20.0 target="casbin"}: cargo::core::compiler::fingerprint: fingerprint error for casbin v2.20.0/Check { test: false }/TargetInner { benched: false, ..: lib_target("casbin", ["lib"], "/Users/huangjiajiang/.cargo/registry/src/rsproxy.cn-e3de039b2554c837/casbin-2.20.0/src/lib.rs", Edition2021) }
   0.151784375s  INFO prepare_target{force=false package_id=casbin v2.20.0 target="casbin"}: cargo::core::compiler::fingerprint:     err: failed to read `/private/tmp/erp-domain-crate-00-target-finance-check/debug/.fingerprint/casbin-3fff6d1061f4e642/lib-casbin`

Caused by:
    No such file or directory (os error 2)
   0.151879416s  INFO prepare_target{force=false package_id=fixedbitset v0.4.2 target="fixedbitset"}: cargo::core::compiler::fingerprint: fingerprint error for fixedbitset v0.4.2/Check { test: false }/TargetInner { name_inferred: true, ..: lib_target("fixedbitset", ["lib"], "/Users/huangjiajiang/.cargo/registry/src/rsproxy.cn-e3de039b2554c837/fixedbitset-0.4.2/src/lib.rs", Edition2015) }
   0.151881916s  INFO prepare_target{force=false package_id=fixedbitset v0.4.2 target="fixedbitset"}: cargo::core::compiler::fingerprint:     err: failed to read `/private/tmp/erp-domain-crate-00-target-finance-check/debug/.fingerprint/fixedbitset-eba00df2bc493bff/lib-fixedbitset`

Caused by:
    No such file or directory (os error 2)
   0.151940583s  INFO prepare_target{force=false package_id=hashlink v0.9.1 target="hashlink"}: cargo::core::compiler::fingerprint: fingerprint error for hashlink v0.9.1/Check { test: false }/TargetInner { name_inferred: true, ..: lib_target("hashlink", ["lib"], "/Users/huangjiajiang/.cargo/registry/src/rsproxy.cn-e3de039b2554c837/hashlink-0.9.1/src/lib.rs", Edition2018) }
   0.151942791s  INFO prepare_target{force=false package_id=hashlink v0.9.1 target="hashlink"}: cargo::core::compiler::fingerprint:     err: failed to read `/private/tmp/erp-domain-crate-00-target-finance-check/debug/.fingerprint/hashlink-75af1020fb2be2a9/lib-hashlink`

Caused by:
    No such file or directory (os error 2)
   0.152013208s  INFO prepare_target{force=false package_id=parking_lot v0.12.5 target="parking_lot"}: cargo::core::compiler::fingerprint: fingerprint error for parking_lot v0.12.5/Check { test: false }/TargetInner { ..: lib_target("parking_lot", ["lib"], "/Users/huangjiajiang/.cargo/registry/src/rsproxy.cn-e3de039b2554c837/parking_lot-0.12.5/src/lib.rs", Edition2021) }
   0.152015750s  INFO prepare_target{force=false package_id=parking_lot v0.12.5 target="parking_lot"}: cargo::core::compiler::fingerprint:     err: failed to read `/private/tmp/erp-domain-crate-00-target-finance-check/debug/.fingerprint/parking_lot-e51157bb8e1e464e/lib-parking_lot`

Caused by:
    No such file or directory (os error 2)
   0.152077833s  INFO prepare_target{force=false package_id=petgraph v0.6.5 target="petgraph"}: cargo::core::compiler::fingerprint: fingerprint error for petgraph v0.6.5/Check { test: false }/TargetInner { benched: false, ..: lib_target("petgraph", ["lib"], "/Users/huangjiajiang/.cargo/registry/src/rsproxy.cn-e3de039b2554c837/petgraph-0.6.5/src/lib.rs", Edition2018) }
   0.152080416s  INFO prepare_target{force=false package_id=petgraph v0.6.5 target="petgraph"}: cargo::core::compiler::fingerprint:     err: failed to read `/private/tmp/erp-domain-crate-00-target-finance-check/debug/.fingerprint/petgraph-a8183fb1f5c89f30/lib-petgraph`

Caused by:
    No such file or directory (os error 2)
   0.152135375s  INFO prepare_target{force=false package_id=regex v1.13.1 target="regex"}: cargo::core::compiler::fingerprint: fingerprint error for regex v1.13.1/Check { test: false }/TargetInner { ..: lib_target("regex", ["lib"], "/Users/huangjiajiang/.cargo/registry/src/rsproxy.cn-e3de039b2554c837/regex-1.13.1/src/lib.rs", Edition2021) }
   0.152138000s  INFO prepare_target{force=false package_id=regex v1.13.1 target="regex"}: cargo::core::compiler::fingerprint:     err: failed to read `/private/tmp/erp-domain-crate-00-target-finance-check/debug/.fingerprint/regex-3c65b9b181b16aee/lib-regex`

Caused by:
    No such file or directory (os error 2)
   0.152207916s  INFO prepare_target{force=false package_id=aho-corasick v1.1.4 target="aho_corasick"}: cargo::core::compiler::fingerprint: fingerprint error for aho-corasick v1.1.4/Check { test: false }/TargetInner { ..: lib_target("aho_corasick", ["lib"], "/Users/huangjiajiang/.cargo/registry/src/rsproxy.cn-e3de039b2554c837/aho-corasick-1.1.4/src/lib.rs", Edition2021) }
   0.152210541s  INFO prepare_target{force=false package_id=aho-corasick v1.1.4 target="aho_corasick"}: cargo::core::compiler::fingerprint:     err: failed to read `/private/tmp/erp-domain-crate-00-target-finance-check/debug/.fingerprint/aho-corasick-ad5eb3ac9e719097/lib-aho_corasick`

Caused by:
    No such file or directory (os error 2)
   0.152271041s  INFO prepare_target{force=false package_id=regex-automata v0.4.18 target="regex_automata"}: cargo::core::compiler::fingerprint: fingerprint error for regex-automata v0.4.18/Check { test: false }/TargetInner { benched: false, ..: lib_target("regex_automata", ["lib"], "/Users/huangjiajiang/.cargo/registry/src/rsproxy.cn-e3de039b2554c837/regex-automata-0.4.18/src/lib.rs", Edition2021) }
   0.152273416s  INFO prepare_target{force=false package_id=regex-automata v0.4.18 target="regex_automata"}: cargo::core::compiler::fingerprint:     err: failed to read `/private/tmp/erp-domain-crate-00-target-finance-check/debug/.fingerprint/regex-automata-4db6a53a087022da/lib-regex_automata`

Caused by:
    No such file or directory (os error 2)
   0.152335083s  INFO prepare_target{force=false package_id=regex-syntax v0.8.11 target="regex_syntax"}: cargo::core::compiler::fingerprint: fingerprint error for regex-syntax v0.8.11/Check { test: false }/TargetInner { ..: lib_target("regex_syntax", ["lib"], "/Users/huangjiajiang/.cargo/registry/src/rsproxy.cn-e3de039b2554c837/regex-syntax-0.8.11/src/lib.rs", Edition2021) }
   0.152337333s  INFO prepare_target{force=false package_id=regex-syntax v0.8.11 target="regex_syntax"}: cargo::core::compiler::fingerprint:     err: failed to read `/private/tmp/erp-domain-crate-00-target-finance-check/debug/.fingerprint/regex-syntax-805ae9a8c37f398a/lib-regex_syntax`

Caused by:
    No such file or directory (os error 2)
   0.152393416s  INFO prepare_target{force=false package_id=rhai v1.25.1 target="rhai"}: cargo::core::compiler::fingerprint: fingerprint error for rhai v1.25.1/Check { test: false }/TargetInner { ..: lib_target("rhai", ["lib"], "/Users/huangjiajiang/.cargo/registry/src/rsproxy.cn-e3de039b2554c837/rhai-1.25.1/src/lib.rs", Edition2018) }
   0.152395666s  INFO prepare_target{force=false package_id=rhai v1.25.1 target="rhai"}: cargo::core::compiler::fingerprint:     err: failed to read `/private/tmp/erp-domain-crate-00-target-finance-check/debug/.fingerprint/rhai-c44862e784764b67/lib-rhai`

Caused by:
    No such file or directory (os error 2)
   0.152475500s  INFO prepare_target{force=false package_id=rhai_codegen v3.2.0 target="rhai_codegen"}: cargo::core::compiler::fingerprint: fingerprint error for rhai_codegen v3.2.0/Build/TargetInner { for_host: true, proc_macro: true, ..: lib_target("rhai_codegen", ["proc-macro"], "/Users/huangjiajiang/.cargo/registry/src/rsproxy.cn-e3de039b2554c837/rhai_codegen-3.2.0/src/lib.rs", Edition2018) }
   0.152478083s  INFO prepare_target{force=false package_id=rhai_codegen v3.2.0 target="rhai_codegen"}: cargo::core::compiler::fingerprint:     err: failed to read `/private/tmp/erp-domain-crate-00-target-finance-check/debug/.fingerprint/rhai_codegen-6746568d6db4320d/lib-rhai_codegen`

Caused by:
    No such file or directory (os error 2)
   0.152541666s  INFO prepare_target{force=false package_id=smartstring v1.0.1 target="smartstring"}: cargo::core::compiler::fingerprint: fingerprint error for smartstring v1.0.1/Check { test: false }/TargetInner { name_inferred: true, ..: lib_target("smartstring", ["lib"], "/Users/huangjiajiang/.cargo/registry/src/rsproxy.cn-e3de039b2554c837/smartstring-1.0.1/src/lib.rs", Edition2021) }
   0.152544083s  INFO prepare_target{force=false package_id=smartstring v1.0.1 target="smartstring"}: cargo::core::compiler::fingerprint:     err: failed to read `/private/tmp/erp-domain-crate-00-target-finance-check/debug/.fingerprint/smartstring-03a678396fe5aa10/lib-smartstring`

Caused by:
    No such file or directory (os error 2)
   0.152728583s  INFO prepare_target{force=false package_id=smartstring v1.0.1 target="build-script-build"}: cargo::core::compiler::fingerprint: fingerprint error for smartstring v1.0.1/RunCustomBuild/TargetInner { ..: custom_build_target("build-script-build", "/Users/huangjiajiang/.cargo/registry/src/rsproxy.cn-e3de039b2554c837/smartstring-1.0.1/build.rs", Edition2021) }
   0.152731208s  INFO prepare_target{force=false package_id=smartstring v1.0.1 target="build-script-build"}: cargo::core::compiler::fingerprint:     err: failed to read `/private/tmp/erp-domain-crate-00-target-finance-check/debug/.fingerprint/smartstring-562a2ad211c45795/run-build-script-build-script-build`

Caused by:
    No such file or directory (os error 2)
   0.152771166s  INFO prepare_target{force=false package_id=smartstring v1.0.1 target="build-script-build"}: cargo::core::compiler::fingerprint: fingerprint error for smartstring v1.0.1/Build/TargetInner { ..: custom_build_target("build-script-build", "/Users/huangjiajiang/.cargo/registry/src/rsproxy.cn-e3de039b2554c837/smartstring-1.0.1/build.rs", Edition2021) }
   0.152773250s  INFO prepare_target{force=false package_id=smartstring v1.0.1 target="build-script-build"}: cargo::core::compiler::fingerprint:     err: failed to read `/private/tmp/erp-domain-crate-00-target-finance-check/debug/.fingerprint/smartstring-056b1a1bebbe2128/build-script-build-script-build`

Caused by:
    No such file or directory (os error 2)
   0.152828500s  INFO prepare_target{force=false package_id=static_assertions v1.1.0 target="static_assertions"}: cargo::core::compiler::fingerprint: fingerprint error for static_assertions v1.1.0/Check { test: false }/TargetInner { name_inferred: true, ..: lib_target("static_assertions", ["lib"], "/Users/huangjiajiang/.cargo/registry/src/rsproxy.cn-e3de039b2554c837/static_assertions-1.1.0/src/lib.rs", Edition2015) }
   0.152830958s  INFO prepare_target{force=false package_id=static_assertions v1.1.0 target="static_assertions"}: cargo::core::compiler::fingerprint:     err: failed to read `/private/tmp/erp-domain-crate-00-target-finance-check/debug/.fingerprint/static_assertions-7d62d3483a3fc715/lib-static_assertions`

Caused by:
    No such file or directory (os error 2)
   0.152886791s  INFO prepare_target{force=false package_id=thin-vec v0.2.19 target="thin_vec"}: cargo::core::compiler::fingerprint: fingerprint error for thin-vec v0.2.19/Check { test: false }/TargetInner { ..: lib_target("thin_vec", ["lib"], "/Users/huangjiajiang/.cargo/registry/src/rsproxy.cn-e3de039b2554c837/thin-vec-0.2.19/src/lib.rs", Edition2018) }
   0.152889000s  INFO prepare_target{force=false package_id=thin-vec v0.2.19 target="thin_vec"}: cargo::core::compiler::fingerprint:     err: failed to read `/private/tmp/erp-domain-crate-00-target-finance-check/debug/.fingerprint/thin-vec-0f6a953c3b21ecf8/lib-thin_vec`

Caused by:
    No such file or directory (os error 2)
   0.152950583s  INFO prepare_target{force=false package_id=thiserror v1.0.69 target="thiserror"}: cargo::core::compiler::fingerprint: fingerprint error for thiserror v1.0.69/Check { test: false }/TargetInner { ..: lib_target("thiserror", ["lib"], "/Users/huangjiajiang/.cargo/registry/src/rsproxy.cn-e3de039b2554c837/thiserror-1.0.69/src/lib.rs", Edition2021) }
   0.152954000s  INFO prepare_target{force=false package_id=thiserror v1.0.69 target="thiserror"}: cargo::core::compiler::fingerprint:     err: failed to read `/private/tmp/erp-domain-crate-00-target-finance-check/debug/.fingerprint/thiserror-e6203439465cf6c2/lib-thiserror`

Caused by:
    No such file or directory (os error 2)
   0.153133916s  INFO prepare_target{force=false package_id=thiserror v1.0.69 target="build-script-build"}: cargo::core::compiler::fingerprint: fingerprint error for thiserror v1.0.69/RunCustomBuild/TargetInner { ..: custom_build_target("build-script-build", "/Users/huangjiajiang/.cargo/registry/src/rsproxy.cn-e3de039b2554c837/thiserror-1.0.69/build.rs", Edition2021) }
   0.153136875s  INFO prepare_target{force=false package_id=thiserror v1.0.69 target="build-script-build"}: cargo::core::compiler::fingerprint:     err: failed to read `/private/tmp/erp-domain-crate-00-target-finance-check/debug/.fingerprint/thiserror-0c4fd04958a854c9/run-build-script-build-script-build`

Caused by:
    No such file or directory (os error 2)
   0.153180166s  INFO prepare_target{force=false package_id=thiserror v1.0.69 target="build-script-build"}: cargo::core::compiler::fingerprint: fingerprint error for thiserror v1.0.69/Build/TargetInner { ..: custom_build_target("build-script-build", "/Users/huangjiajiang/.cargo/registry/src/rsproxy.cn-e3de039b2554c837/thiserror-1.0.69/build.rs", Edition2021) }
   0.153182791s  INFO prepare_target{force=false package_id=thiserror v1.0.69 target="build-script-build"}: cargo::core::compiler::fingerprint:     err: failed to read `/private/tmp/erp-domain-crate-00-target-finance-check/debug/.fingerprint/thiserror-e08b235d1352529e/build-script-build-script-build`

Caused by:
    No such file or directory (os error 2)
   0.153241250s  INFO prepare_target{force=false package_id=thiserror-impl v1.0.69 target="thiserror_impl"}: cargo::core::compiler::fingerprint: fingerprint error for thiserror-impl v1.0.69/Build/TargetInner { for_host: true, proc_macro: true, ..: lib_target("thiserror_impl", ["proc-macro"], "/Users/huangjiajiang/.cargo/registry/src/rsproxy.cn-e3de039b2554c837/thiserror-impl-1.0.69/src/lib.rs", Edition2021) }
   0.153244083s  INFO prepare_target{force=false package_id=thiserror-impl v1.0.69 target="thiserror_impl"}: cargo::core::compiler::fingerprint:     err: failed to read `/private/tmp/erp-domain-crate-00-target-finance-check/debug/.fingerprint/thiserror-impl-3c5639d1676630db/lib-thiserror_impl`

Caused by:
    No such file or directory (os error 2)
   0.153306916s  INFO prepare_target{force=false package_id=entities v0.1.0 (/private/tmp/erp-domain-crate-00-measure/backend/entities) target="entities"}: cargo::core::compiler::fingerprint: fingerprint error for entities v0.1.0 (/private/tmp/erp-domain-crate-00-measure/backend/entities)/Check { test: false }/TargetInner { name_inferred: true, ..: lib_target("entities", ["lib"], "/private/tmp/erp-domain-crate-00-measure/backend/entities/src/lib.rs", Edition2021) }
   0.153309541s  INFO prepare_target{force=false package_id=entities v0.1.0 (/private/tmp/erp-domain-crate-00-measure/backend/entities) target="entities"}: cargo::core::compiler::fingerprint:     err: failed to read `/private/tmp/erp-domain-crate-00-target-finance-check/debug/.fingerprint/entities-b05d607998689a6f/lib-entities`

Caused by:
    No such file or directory (os error 2)
   0.153429541s  INFO prepare_target{force=false package_id=argon2 v0.5.3 target="argon2"}: cargo::core::compiler::fingerprint: fingerprint error for argon2 v0.5.3/Check { test: false }/TargetInner { name_inferred: true, ..: lib_target("argon2", ["lib"], "/Users/huangjiajiang/.cargo/registry/src/rsproxy.cn-e3de039b2554c837/argon2-0.5.3/src/lib.rs", Edition2021) }
   0.153432000s  INFO prepare_target{force=false package_id=argon2 v0.5.3 target="argon2"}: cargo::core::compiler::fingerprint:     err: failed to read `/private/tmp/erp-domain-crate-00-target-finance-check/debug/.fingerprint/argon2-d2479fde44a10f73/lib-argon2`

Caused by:
    No such file or directory (os error 2)
   0.153485083s  INFO prepare_target{force=false package_id=base64ct v1.8.3 target="base64ct"}: cargo::core::compiler::fingerprint: fingerprint error for base64ct v1.8.3/Check { test: false }/TargetInner { ..: lib_target("base64ct", ["lib"], "/Users/huangjiajiang/.cargo/registry/src/rsproxy.cn-e3de039b2554c837/base64ct-1.8.3/src/lib.rs", Edition2024) }
   0.153487500s  INFO prepare_target{force=false package_id=base64ct v1.8.3 target="base64ct"}: cargo::core::compiler::fingerprint:     err: failed to read `/private/tmp/erp-domain-crate-00-target-finance-check/debug/.fingerprint/base64ct-2145bbe0444ee930/lib-base64ct`

Caused by:
    No such file or directory (os error 2)
   0.153536416s  INFO prepare_target{force=false package_id=blake2 v0.10.6 target="blake2"}: cargo::core::compiler::fingerprint: fingerprint error for blake2 v0.10.6/Check { test: false }/TargetInner { name_inferred: true, ..: lib_target("blake2", ["lib"], "/Users/huangjiajiang/.cargo/registry/src/rsproxy.cn-e3de039b2554c837/blake2-0.10.6/src/lib.rs", Edition2018) }
   0.153538833s  INFO prepare_target{force=false package_id=blake2 v0.10.6 target="blake2"}: cargo::core::compiler::fingerprint:     err: failed to read `/private/tmp/erp-domain-crate-00-target-finance-check/debug/.fingerprint/blake2-259fa2a0e3d0c4b1/lib-blake2`

Caused by:
    No such file or directory (os error 2)
   0.153591750s  INFO prepare_target{force=false package_id=digest v0.10.7 target="digest"}: cargo::core::compiler::fingerprint: fingerprint error for digest v0.10.7/Check { test: false }/TargetInner { name_inferred: true, ..: lib_target("digest", ["lib"], "/Users/huangjiajiang/.cargo/registry/src/rsproxy.cn-e3de039b2554c837/digest-0.10.7/src/lib.rs", Edition2018) }
   0.153593958s  INFO prepare_target{force=false package_id=digest v0.10.7 target="digest"}: cargo::core::compiler::fingerprint:     err: failed to read `/private/tmp/erp-domain-crate-00-target-finance-check/debug/.fingerprint/digest-f28a6f1f3e1df7e1/lib-digest`

Caused by:
    No such file or directory (os error 2)
   0.153651458s  INFO prepare_target{force=false package_id=block-buffer v0.10.4 target="block_buffer"}: cargo::core::compiler::fingerprint: fingerprint error for block-buffer v0.10.4/Check { test: false }/TargetInner { name_inferred: true, ..: lib_target("block_buffer", ["lib"], "/Users/huangjiajiang/.cargo/registry/src/rsproxy.cn-e3de039b2554c837/block-buffer-0.10.4/src/lib.rs", Edition2018) }
   0.153654458s  INFO prepare_target{force=false package_id=block-buffer v0.10.4 target="block_buffer"}: cargo::core::compiler::fingerprint:     err: failed to read `/private/tmp/erp-domain-crate-00-target-finance-check/debug/.fingerprint/block-buffer-6b2da43d742f3042/lib-block_buffer`

Caused by:
    No such file or directory (os error 2)
   0.153707125s  INFO prepare_target{force=false package_id=generic-array v0.14.7 target="generic_array"}: cargo::core::compiler::fingerprint: fingerprint error for generic-array v0.14.7/Check { test: false }/TargetInner { ..: lib_target("generic_array", ["lib"], "/Users/huangjiajiang/.cargo/registry/src/rsproxy.cn-e3de039b2554c837/generic-array-0.14.7/src/lib.rs", Edition2015) }
   0.153710166s  INFO prepare_target{force=false package_id=generic-array v0.14.7 target="generic_array"}: cargo::core::compiler::fingerprint:     err: failed to read `/private/tmp/erp-domain-crate-00-target-finance-check/debug/.fingerprint/generic-array-00837908de223dec/lib-generic_array`

Caused by:
    No such file or directory (os error 2)
   0.153865375s  INFO prepare_target{force=false package_id=generic-array v0.14.7 target="build-script-build"}: cargo::core::compiler::fingerprint: fingerprint error for generic-array v0.14.7/RunCustomBuild/TargetInner { ..: custom_build_target("build-script-build", "/Users/huangjiajiang/.cargo/registry/src/rsproxy.cn-e3de039b2554c837/generic-array-0.14.7/build.rs", Edition2015) }
   0.153867875s  INFO prepare_target{force=false package_id=generic-array v0.14.7 target="build-script-build"}: cargo::core::compiler::fingerprint:     err: failed to read `/private/tmp/erp-domain-crate-00-target-finance-check/debug/.fingerprint/generic-array-25e6c99b8479b3af/run-build-script-build-script-build`

Caused by:
    No such file or directory (os error 2)
   0.153902041s  INFO prepare_target{force=false package_id=generic-array v0.14.7 target="build-script-build"}: cargo::core::compiler::fingerprint: fingerprint error for generic-array v0.14.7/Build/TargetInner { ..: custom_build_target("build-script-build", "/Users/huangjiajiang/.cargo/registry/src/rsproxy.cn-e3de039b2554c837/generic-array-0.14.7/build.rs", Edition2015) }
   0.153904208s  INFO prepare_target{force=false package_id=generic-array v0.14.7 target="build-script-build"}: cargo::core::compiler::fingerprint:     err: failed to read `/private/tmp/erp-domain-crate-00-target-finance-check/debug/.fingerprint/generic-array-8a8374f3bb3b9b68/build-script-build-script-build`

Caused by:
    No such file or directory (os error 2)
   0.153950916s  INFO prepare_target{force=false package_id=const-oid v0.9.6 target="const_oid"}: cargo::core::compiler::fingerprint: fingerprint error for const-oid v0.9.6/Check { test: false }/TargetInner { name_inferred: true, ..: lib_target("const_oid", ["lib"], "/Users/huangjiajiang/.cargo/registry/src/rsproxy.cn-e3de039b2554c837/const-oid-0.9.6/src/lib.rs", Edition2021) }
   0.153953250s  INFO prepare_target{force=false package_id=const-oid v0.9.6 target="const_oid"}: cargo::core::compiler::fingerprint:     err: failed to read `/private/tmp/erp-domain-crate-00-target-finance-check/debug/.fingerprint/const-oid-135ba2dac15bc07f/lib-const_oid`

Caused by:
    No such file or directory (os error 2)
   0.153999916s  INFO prepare_target{force=false package_id=crypto-common v0.1.7 target="crypto_common"}: cargo::core::compiler::fingerprint: fingerprint error for crypto-common v0.1.7/Check { test: false }/TargetInner { ..: lib_target("crypto_common", ["lib"], "/Users/huangjiajiang/.cargo/registry/src/rsproxy.cn-e3de039b2554c837/crypto-common-0.1.7/src/lib.rs", Edition2018) }
   0.154002375s  INFO prepare_target{force=false package_id=crypto-common v0.1.7 target="crypto_common"}: cargo::core::compiler::fingerprint:     err: failed to read `/private/tmp/erp-domain-crate-00-target-finance-check/debug/.fingerprint/crypto-common-3ebe989f7612bd49/lib-crypto_common`

Caused by:
    No such file or directory (os error 2)
   0.154052375s  INFO prepare_target{force=false package_id=password-hash v0.5.0 target="password_hash"}: cargo::core::compiler::fingerprint: fingerprint error for password-hash v0.5.0/Check { test: false }/TargetInner { name_inferred: true, ..: lib_target("password_hash", ["lib"], "/Users/huangjiajiang/.cargo/registry/src/rsproxy.cn-e3de039b2554c837/password-hash-0.5.0/src/lib.rs", Edition2021) }
   0.154055125s  INFO prepare_target{force=false package_id=password-hash v0.5.0 target="password_hash"}: cargo::core::compiler::fingerprint:     err: failed to read `/private/tmp/erp-domain-crate-00-target-finance-check/debug/.fingerprint/password-hash-449443ee8cf5949e/lib-password_hash`

Caused by:
    No such file or directory (os error 2)
   0.157173166s  INFO prepare_target{force=false package_id=rand_core v0.6.4 target="rand_core"}: cargo::core::compiler::fingerprint: fingerprint error for rand_core v0.6.4/Check { test: false }/TargetInner { name_inferred: true, ..: lib_target("rand_core", ["lib"], "/Users/huangjiajiang/.cargo/registry/src/rsproxy.cn-e3de039b2554c837/rand_core-0.6.4/src/lib.rs", Edition2018) }
   0.157175708s  INFO prepare_target{force=false package_id=rand_core v0.6.4 target="rand_core"}: cargo::core::compiler::fingerprint:     err: failed to read `/private/tmp/erp-domain-crate-00-target-finance-check/debug/.fingerprint/rand_core-bb8c92a0590b309f/lib-rand_core`

Caused by:
    No such file or directory (os error 2)
   0.157233000s  INFO prepare_target{force=false package_id=bson v3.1.0 target="bson"}: cargo::core::compiler::fingerprint: fingerprint error for bson v3.1.0/Check { test: false }/TargetInner { ..: lib_target("bson", ["lib"], "/Users/huangjiajiang/.cargo/registry/src/rsproxy.cn-e3de039b2554c837/bson-3.1.0/src/lib.rs", Edition2021) }
   0.157236291s  INFO prepare_target{force=false package_id=bson v3.1.0 target="bson"}: cargo::core::compiler::fingerprint:     err: failed to read `/private/tmp/erp-domain-crate-00-target-finance-check/debug/.fingerprint/bson-ef591ae17f5e886f/lib-bson`

Caused by:
    No such file or directory (os error 2)
   0.157320333s  INFO prepare_target{force=false package_id=bitvec v1.0.1 target="bitvec"}: cargo::core::compiler::fingerprint: fingerprint error for bitvec v1.0.1/Check { test: false }/TargetInner { name_inferred: true, ..: lib_target("bitvec", ["lib"], "/Users/huangjiajiang/.cargo/registry/src/rsproxy.cn-e3de039b2554c837/bitvec-1.0.1/src/lib.rs", Edition2021) }
   0.157327791s  INFO prepare_target{force=false package_id=bitvec v1.0.1 target="bitvec"}: cargo::core::compiler::fingerprint:     err: failed to read `/private/tmp/erp-domain-crate-00-target-finance-check/debug/.fingerprint/bitvec-6686f62e4b659188/lib-bitvec`

Caused by:
    No such file or directory (os error 2)
   0.157381333s  INFO prepare_target{force=false package_id=funty v2.0.0 target="funty"}: cargo::core::compiler::fingerprint: fingerprint error for funty v2.0.0/Check { test: false }/TargetInner { name_inferred: true, ..: lib_target("funty", ["lib"], "/Users/huangjiajiang/.cargo/registry/src/rsproxy.cn-e3de039b2554c837/funty-2.0.0/src/lib.rs", Edition2018) }
   0.157383708s  INFO prepare_target{force=false package_id=funty v2.0.0 target="funty"}: cargo::core::compiler::fingerprint:     err: failed to read `/private/tmp/erp-domain-crate-00-target-finance-check/debug/.fingerprint/funty-41410ceabf713dd9/lib-funty`

Caused by:
    No such file or directory (os error 2)
   0.157433666s  INFO prepare_target{force=false package_id=radium v0.7.0 target="radium"}: cargo::core::compiler::fingerprint: fingerprint error for radium v0.7.0/Check { test: false }/TargetInner { name_inferred: true, ..: lib_target("radium", ["lib"], "/Users/huangjiajiang/.cargo/registry/src/rsproxy.cn-e3de039b2554c837/radium-0.7.0/src/lib.rs", Edition2018) }
   0.157437083s  INFO prepare_target{force=false package_id=radium v0.7.0 target="radium"}: cargo::core::compiler::fingerprint:     err: failed to read `/private/tmp/erp-domain-crate-00-target-finance-check/debug/.fingerprint/radium-cf1ca1a0d4f06e4e/lib-radium`

Caused by:
    No such file or directory (os error 2)
   0.157594875s  INFO prepare_target{force=false package_id=radium v0.7.0 target="build-script-build"}: cargo::core::compiler::fingerprint: fingerprint error for radium v0.7.0/RunCustomBuild/TargetInner { ..: custom_build_target("build-script-build", "/Users/huangjiajiang/.cargo/registry/src/rsproxy.cn-e3de039b2554c837/radium-0.7.0/build.rs", Edition2018) }
   0.157597791s  INFO prepare_target{force=false package_id=radium v0.7.0 target="build-script-build"}: cargo::core::compiler::fingerprint:     err: failed to read `/private/tmp/erp-domain-crate-00-target-finance-check/debug/.fingerprint/radium-23c17828f26bdd7c/run-build-script-build-script-build`

Caused by:
    No such file or directory (os error 2)
   0.157634458s  INFO prepare_target{force=false package_id=radium v0.7.0 target="build-script-build"}: cargo::core::compiler::fingerprint: fingerprint error for radium v0.7.0/Build/TargetInner { ..: custom_build_target("build-script-build", "/Users/huangjiajiang/.cargo/registry/src/rsproxy.cn-e3de039b2554c837/radium-0.7.0/build.rs", Edition2018) }
   0.157637541s  INFO prepare_target{force=false package_id=radium v0.7.0 target="build-script-build"}: cargo::core::compiler::fingerprint:     err: failed to read `/private/tmp/erp-domain-crate-00-target-finance-check/debug/.fingerprint/radium-7cf3cc013f5e7cf3/build-script-build-script-build`

Caused by:
    No such file or directory (os error 2)
   0.157687666s  INFO prepare_target{force=false package_id=tap v1.0.1 target="tap"}: cargo::core::compiler::fingerprint: fingerprint error for tap v1.0.1/Check { test: false }/TargetInner { name_inferred: true, ..: lib_target("tap", ["lib"], "/Users/huangjiajiang/.cargo/registry/src/rsproxy.cn-e3de039b2554c837/tap-1.0.1/src/lib.rs", Edition2015) }
   0.157691208s  INFO prepare_target{force=false package_id=tap v1.0.1 target="tap"}: cargo::core::compiler::fingerprint:     err: failed to read `/private/tmp/erp-domain-crate-00-target-finance-check/debug/.fingerprint/tap-ceaecd41293f2d4f/lib-tap`

Caused by:
    No such file or directory (os error 2)
   0.157773750s  INFO prepare_target{force=false package_id=wyz v0.5.1 target="wyz"}: cargo::core::compiler::fingerprint: fingerprint error for wyz v0.5.1/Check { test: false }/TargetInner { name_inferred: true, ..: lib_target("wyz", ["lib"], "/Users/huangjiajiang/.cargo/registry/src/rsproxy.cn-e3de039b2554c837/wyz-0.5.1/src/lib.rs", Edition2018) }
   0.157778916s  INFO prepare_target{force=false package_id=wyz v0.5.1 target="wyz"}: cargo::core::compiler::fingerprint:     err: failed to read `/private/tmp/erp-domain-crate-00-target-finance-check/debug/.fingerprint/wyz-59c9f3fe0e23675d/lib-wyz`

Caused by:
    No such file or directory (os error 2)
   0.157854666s  INFO prepare_target{force=false package_id=rand v0.9.4 target="rand"}: cargo::core::compiler::fingerprint: fingerprint error for rand v0.9.4/Check { test: false }/TargetInner { ..: lib_target("rand", ["lib"], "/Users/huangjiajiang/.cargo/registry/src/rsproxy.cn-e3de039b2554c837/rand-0.9.4/src/lib.rs", Edition2021) }
   0.157858541s  INFO prepare_target{force=false package_id=rand v0.9.4 target="rand"}: cargo::core::compiler::fingerprint:     err: failed to read `/private/tmp/erp-domain-crate-00-target-finance-check/debug/.fingerprint/rand-9b55917965d3b9d2/lib-rand`

Caused by:
    No such file or directory (os error 2)
   0.157926666s  INFO prepare_target{force=false package_id=rand_chacha v0.9.0 target="rand_chacha"}: cargo::core::compiler::fingerprint: fingerprint error for rand_chacha v0.9.0/Check { test: false }/TargetInner { ..: lib_target("rand_chacha", ["lib"], "/Users/huangjiajiang/.cargo/registry/src/rsproxy.cn-e3de039b2554c837/rand_chacha-0.9.0/src/lib.rs", Edition2021) }
   0.157931333s  INFO prepare_target{force=false package_id=rand_chacha v0.9.0 target="rand_chacha"}: cargo::core::compiler::fingerprint:     err: failed to read `/private/tmp/erp-domain-crate-00-target-finance-check/debug/.fingerprint/rand_chacha-111c1e8cacf102a2/lib-rand_chacha`

Caused by:
    No such file or directory (os error 2)
   0.157996041s  INFO prepare_target{force=false package_id=ppv-lite86 v0.2.21 target="ppv_lite86"}: cargo::core::compiler::fingerprint: fingerprint error for ppv-lite86 v0.2.21/Check { test: false }/TargetInner { ..: lib_target("ppv_lite86", ["lib"], "/Users/huangjiajiang/.cargo/registry/src/rsproxy.cn-e3de039b2554c837/ppv-lite86-0.2.21/src/lib.rs", Edition2021) }
   0.157999791s  INFO prepare_target{force=false package_id=ppv-lite86 v0.2.21 target="ppv_lite86"}: cargo::core::compiler::fingerprint:     err: failed to read `/private/tmp/erp-domain-crate-00-target-finance-check/debug/.fingerprint/ppv-lite86-c77c0849ee0f2aa8/lib-ppv_lite86`

Caused by:
    No such file or directory (os error 2)
   0.158055333s  INFO prepare_target{force=false package_id=rand_core v0.9.5 target="rand_core"}: cargo::core::compiler::fingerprint: fingerprint error for rand_core v0.9.5/Check { test: false }/TargetInner { ..: lib_target("rand_core", ["lib"], "/Users/huangjiajiang/.cargo/registry/src/rsproxy.cn-e3de039b2554c837/rand_core-0.9.5/src/lib.rs", Edition2021) }
   0.158059541s  INFO prepare_target{force=false package_id=rand_core v0.9.5 target="rand_core"}: cargo::core::compiler::fingerprint:     err: failed to read `/private/tmp/erp-domain-crate-00-target-finance-check/debug/.fingerprint/rand_core-da24a8b8f3326029/lib-rand_core`

Caused by:
    No such file or directory (os error 2)
   0.158119166s  INFO prepare_target{force=false package_id=serde_bytes v0.11.19 target="serde_bytes"}: cargo::core::compiler::fingerprint: fingerprint error for serde_bytes v0.11.19/Check { test: false }/TargetInner { ..: lib_target("serde_bytes", ["lib"], "/Users/huangjiajiang/.cargo/registry/src/rsproxy.cn-e3de039b2554c837/serde_bytes-0.11.19/src/lib.rs", Edition2018) }
   0.158122958s  INFO prepare_target{force=false package_id=serde_bytes v0.11.19 target="serde_bytes"}: cargo::core::compiler::fingerprint:     err: failed to read `/private/tmp/erp-domain-crate-00-target-finance-check/debug/.fingerprint/serde_bytes-f8ff6da67e35da6e/lib-serde_bytes`

Caused by:
    No such file or directory (os error 2)
   0.158175875s  INFO prepare_target{force=false package_id=simdutf8 v0.1.5 target="simdutf8"}: cargo::core::compiler::fingerprint: fingerprint error for simdutf8 v0.1.5/Check { test: false }/TargetInner { ..: lib_target("simdutf8", ["lib"], "/Users/huangjiajiang/.cargo/registry/src/rsproxy.cn-e3de039b2554c837/simdutf8-0.1.5/src/lib.rs", Edition2018) }
   0.158180250s  INFO prepare_target{force=false package_id=simdutf8 v0.1.5 target="simdutf8"}: cargo::core::compiler::fingerprint:     err: failed to read `/private/tmp/erp-domain-crate-00-target-finance-check/debug/.fingerprint/simdutf8-f1ed1a27fe84d44a/lib-simdutf8`

Caused by:
    No such file or directory (os error 2)
   0.158230791s  INFO prepare_target{force=false package_id=time v0.3.47 target="time"}: cargo::core::compiler::fingerprint: fingerprint error for time v0.3.47/Check { test: false }/TargetInner { benched: false, ..: lib_target("time", ["lib"], "/Users/huangjiajiang/.cargo/registry/src/rsproxy.cn-e3de039b2554c837/time-0.3.47/src/lib.rs", Edition2024) }
   0.158233666s  INFO prepare_target{force=false package_id=time v0.3.47 target="time"}: cargo::core::compiler::fingerprint:     err: failed to read `/private/tmp/erp-domain-crate-00-target-finance-check/debug/.fingerprint/time-0cd729a76a469b43/lib-time`

Caused by:
    No such file or directory (os error 2)
   0.158297625s  INFO prepare_target{force=false package_id=deranged v0.5.8 target="deranged"}: cargo::core::compiler::fingerprint: fingerprint error for deranged v0.5.8/Check { test: false }/TargetInner { ..: lib_target("deranged", ["lib"], "/Users/huangjiajiang/.cargo/registry/src/rsproxy.cn-e3de039b2554c837/deranged-0.5.8/src/lib.rs", Edition2021) }
   0.158300875s  INFO prepare_target{force=false package_id=deranged v0.5.8 target="deranged"}: cargo::core::compiler::fingerprint:     err: failed to read `/private/tmp/erp-domain-crate-00-target-finance-check/debug/.fingerprint/deranged-ddc66a0ec80f1645/lib-deranged`

Caused by:
    No such file or directory (os error 2)
   0.158363333s  INFO prepare_target{force=false package_id=powerfmt v0.2.0 target="powerfmt"}: cargo::core::compiler::fingerprint: fingerprint error for powerfmt v0.2.0/Check { test: false }/TargetInner { name_inferred: true, ..: lib_target("powerfmt", ["lib"], "/Users/huangjiajiang/.cargo/registry/src/rsproxy.cn-e3de039b2554c837/powerfmt-0.2.0/src/lib.rs", Edition2021) }
   0.158366708s  INFO prepare_target{force=false package_id=powerfmt v0.2.0 target="powerfmt"}: cargo::core::compiler::fingerprint:     err: failed to read `/private/tmp/erp-domain-crate-00-target-finance-check/debug/.fingerprint/powerfmt-b4e3dc8165d65cc5/lib-powerfmt`

Caused by:
    No such file or directory (os error 2)
   0.158420250s  INFO prepare_target{force=false package_id=num-conv v0.2.1 target="num_conv"}: cargo::core::compiler::fingerprint: fingerprint error for num-conv v0.2.1/Check { test: false }/TargetInner { ..: lib_target("num_conv", ["lib"], "/Users/huangjiajiang/.cargo/registry/src/rsproxy.cn-e3de039b2554c837/num-conv-0.2.1/src/lib.rs", Edition2021) }
   0.158424083s  INFO prepare_target{force=false package_id=num-conv v0.2.1 target="num_conv"}: cargo::core::compiler::fingerprint:     err: failed to read `/private/tmp/erp-domain-crate-00-target-finance-check/debug/.fingerprint/num-conv-d975135f8099af0e/lib-num_conv`

Caused by:
    No such file or directory (os error 2)
   0.158477291s  INFO prepare_target{force=false package_id=time-core v0.1.8 target="time_core"}: cargo::core::compiler::fingerprint: fingerprint error for time-core v0.1.8/Check { test: false }/TargetInner { ..: lib_target("time_core", ["lib"], "/Users/huangjiajiang/.cargo/registry/src/rsproxy.cn-e3de039b2554c837/time-core-0.1.8/src/lib.rs", Edition2024) }
   0.158481208s  INFO prepare_target{force=false package_id=time-core v0.1.8 target="time_core"}: cargo::core::compiler::fingerprint:     err: failed to read `/private/tmp/erp-domain-crate-00-target-finance-check/debug/.fingerprint/time-core-f0c18e995c23d224/lib-time_core`

Caused by:
    No such file or directory (os error 2)
   0.158535208s  INFO prepare_target{force=false package_id=time-macros v0.2.27 target="time_macros"}: cargo::core::compiler::fingerprint: fingerprint error for time-macros v0.2.27/Build/TargetInner { for_host: true, proc_macro: true, ..: lib_target("time_macros", ["proc-macro"], "/Users/huangjiajiang/.cargo/registry/src/rsproxy.cn-e3de039b2554c837/time-macros-0.2.27/src/lib.rs", Edition2024) }
   0.158539708s  INFO prepare_target{force=false package_id=time-macros v0.2.27 target="time_macros"}: cargo::core::compiler::fingerprint:     err: failed to read `/private/tmp/erp-domain-crate-00-target-finance-check/debug/.fingerprint/time-macros-f6f1ba3870d29a50/lib-time_macros`

Caused by:
    No such file or directory (os error 2)
   0.158591083s  INFO prepare_target{force=false package_id=num-conv v0.2.1 target="num_conv"}: cargo::core::compiler::fingerprint: fingerprint error for num-conv v0.2.1/Build/TargetInner { ..: lib_target("num_conv", ["lib"], "/Users/huangjiajiang/.cargo/registry/src/rsproxy.cn-e3de039b2554c837/num-conv-0.2.1/src/lib.rs", Edition2021) }
   0.158594458s  INFO prepare_target{force=false package_id=num-conv v0.2.1 target="num_conv"}: cargo::core::compiler::fingerprint:     err: failed to read `/private/tmp/erp-domain-crate-00-target-finance-check/debug/.fingerprint/num-conv-6526876c20b68b35/lib-num_conv`

Caused by:
    No such file or directory (os error 2)
   0.158646125s  INFO prepare_target{force=false package_id=time-core v0.1.8 target="time_core"}: cargo::core::compiler::fingerprint: fingerprint error for time-core v0.1.8/Build/TargetInner { ..: lib_target("time_core", ["lib"], "/Users/huangjiajiang/.cargo/registry/src/rsproxy.cn-e3de039b2554c837/time-core-0.1.8/src/lib.rs", Edition2024) }
   0.158648458s  INFO prepare_target{force=false package_id=time-core v0.1.8 target="time_core"}: cargo::core::compiler::fingerprint:     err: failed to read `/private/tmp/erp-domain-crate-00-target-finance-check/debug/.fingerprint/time-core-b95ef0c2cb642cd6/lib-time_core`

Caused by:
    No such file or directory (os error 2)
   0.158697541s  INFO prepare_target{force=false package_id=uuid v1.25.0 target="uuid"}: cargo::core::compiler::fingerprint: fingerprint error for uuid v1.25.0/Check { test: false }/TargetInner { ..: lib_target("uuid", ["lib"], "/Users/huangjiajiang/.cargo/registry/src/rsproxy.cn-e3de039b2554c837/uuid-1.25.0/src/lib.rs", Edition2021) }
   0.158700875s  INFO prepare_target{force=false package_id=uuid v1.25.0 target="uuid"}: cargo::core::compiler::fingerprint:     err: failed to read `/private/tmp/erp-domain-crate-00-target-finance-check/debug/.fingerprint/uuid-6a1f03ea01e8cc76/lib-uuid`

Caused by:
    No such file or directory (os error 2)
   0.158760750s  INFO prepare_target{force=false package_id=hmac v0.13.0 target="hmac"}: cargo::core::compiler::fingerprint: fingerprint error for hmac v0.13.0/Check { test: false }/TargetInner { ..: lib_target("hmac", ["lib"], "/Users/huangjiajiang/.cargo/registry/src/rsproxy.cn-e3de039b2554c837/hmac-0.13.0/src/lib.rs", Edition2024) }
   0.158765333s  INFO prepare_target{force=false package_id=hmac v0.13.0 target="hmac"}: cargo::core::compiler::fingerprint:     err: failed to read `/private/tmp/erp-domain-crate-00-target-finance-check/debug/.fingerprint/hmac-1b6b8a91fb854b83/lib-hmac`

Caused by:
    No such file or directory (os error 2)
   0.158822625s  INFO prepare_target{force=false package_id=md5 v0.8.1 target="md5"}: cargo::core::compiler::fingerprint: fingerprint error for md5 v0.8.1/Check { test: false }/TargetInner { ..: lib_target("md5", ["lib"], "/Users/huangjiajiang/.cargo/registry/src/rsproxy.cn-e3de039b2554c837/md5-0.8.1/src/lib.rs", Edition2021) }
   0.158826083s  INFO prepare_target{force=false package_id=md5 v0.8.1 target="md5"}: cargo::core::compiler::fingerprint:     err: failed to read `/private/tmp/erp-domain-crate-00-target-finance-check/debug/.fingerprint/md5-dff3d97b0b236017/lib-md5`

Caused by:
    No such file or directory (os error 2)
   0.158883583s  INFO prepare_target{force=false package_id=rust_decimal v1.42.1 target="rust_decimal"}: cargo::core::compiler::fingerprint: fingerprint error for rust_decimal v1.42.1/Check { test: false }/TargetInner { ..: lib_target("rust_decimal", ["lib"], "/Users/huangjiajiang/.cargo/registry/src/rsproxy.cn-e3de039b2554c837/rust_decimal-1.42.1/src/lib.rs", Edition2021) }
   0.158887125s  INFO prepare_target{force=false package_id=rust_decimal v1.42.1 target="rust_decimal"}: cargo::core::compiler::fingerprint:     err: failed to read `/private/tmp/erp-domain-crate-00-target-finance-check/debug/.fingerprint/rust_decimal-7986a988812a7a1c/lib-rust_decimal`

Caused by:
    No such file or directory (os error 2)
   0.158950583s  INFO prepare_target{force=false package_id=arrayvec v0.7.8 target="arrayvec"}: cargo::core::compiler::fingerprint: fingerprint error for arrayvec v0.7.8/Check { test: false }/TargetInner { ..: lib_target("arrayvec", ["lib"], "/Users/huangjiajiang/.cargo/registry/src/rsproxy.cn-e3de039b2554c837/arrayvec-0.7.8/src/lib.rs", Edition2018) }
   0.158965166s  INFO prepare_target{force=false package_id=arrayvec v0.7.8 target="arrayvec"}: cargo::core::compiler::fingerprint:     err: failed to read `/private/tmp/erp-domain-crate-00-target-finance-check/debug/.fingerprint/arrayvec-9af68447a4b1bd5c/lib-arrayvec`

Caused by:
    No such file or directory (os error 2)
   0.159188791s  INFO prepare_target{force=false package_id=rust_decimal v1.42.1 target="build-script-build"}: cargo::core::compiler::fingerprint: fingerprint error for rust_decimal v1.42.1/RunCustomBuild/TargetInner { ..: custom_build_target("build-script-build", "/Users/huangjiajiang/.cargo/registry/src/rsproxy.cn-e3de039b2554c837/rust_decimal-1.42.1/build.rs", Edition2021) }
   0.159192916s  INFO prepare_target{force=false package_id=rust_decimal v1.42.1 target="build-script-build"}: cargo::core::compiler::fingerprint:     err: failed to read `/private/tmp/erp-domain-crate-00-target-finance-check/debug/.fingerprint/rust_decimal-e149208f44eba551/run-build-script-build-script-build`

Caused by:
    No such file or directory (os error 2)
   0.159235250s  INFO prepare_target{force=false package_id=rust_decimal v1.42.1 target="build-script-build"}: cargo::core::compiler::fingerprint: fingerprint error for rust_decimal v1.42.1/Build/TargetInner { ..: custom_build_target("build-script-build", "/Users/huangjiajiang/.cargo/registry/src/rsproxy.cn-e3de039b2554c837/rust_decimal-1.42.1/build.rs", Edition2021) }
   0.159239208s  INFO prepare_target{force=false package_id=rust_decimal v1.42.1 target="build-script-build"}: cargo::core::compiler::fingerprint:     err: failed to read `/private/tmp/erp-domain-crate-00-target-finance-check/debug/.fingerprint/rust_decimal-4699987ced8f5e3e/build-script-build-script-build`

Caused by:
    No such file or directory (os error 2)
   0.159311833s  INFO prepare_target{force=false package_id=validator v0.21.0 target="validator"}: cargo::core::compiler::fingerprint: fingerprint error for validator v0.21.0/Check { test: false }/TargetInner { ..: lib_target("validator", ["lib"], "/Users/huangjiajiang/.cargo/registry/src/rsproxy.cn-e3de039b2554c837/validator-0.21.0/src/lib.rs", Edition2021) }
   0.159316416s  INFO prepare_target{force=false package_id=validator v0.21.0 target="validator"}: cargo::core::compiler::fingerprint:     err: failed to read `/private/tmp/erp-domain-crate-00-target-finance-check/debug/.fingerprint/validator-c9c07825011d0484/lib-validator`

Caused by:
    No such file or directory (os error 2)
   0.159433750s  INFO prepare_target{force=false package_id=validator_derive v0.20.0 target="validator_derive"}: cargo::core::compiler::fingerprint: fingerprint error for validator_derive v0.20.0/Build/TargetInner { for_host: true, proc_macro: true, ..: lib_target("validator_derive", ["proc-macro"], "/Users/huangjiajiang/.cargo/registry/src/rsproxy.cn-e3de039b2554c837/validator_derive-0.20.0/src/lib.rs", Edition2021) }
   0.159437833s  INFO prepare_target{force=false package_id=validator_derive v0.20.0 target="validator_derive"}: cargo::core::compiler::fingerprint:     err: failed to read `/private/tmp/erp-domain-crate-00-target-finance-check/debug/.fingerprint/validator_derive-16cf6f5242d78a8b/lib-validator_derive`

Caused by:
    No such file or directory (os error 2)
   0.159511875s  INFO prepare_target{force=false package_id=darling v0.20.11 target="darling"}: cargo::core::compiler::fingerprint: fingerprint error for darling v0.20.11/Build/TargetInner { ..: lib_target("darling", ["lib"], "/Users/huangjiajiang/.cargo/registry/src/rsproxy.cn-e3de039b2554c837/darling-0.20.11/src/lib.rs", Edition2021) }
   0.159514791s  INFO prepare_target{force=false package_id=darling v0.20.11 target="darling"}: cargo::core::compiler::fingerprint:     err: failed to read `/private/tmp/erp-domain-crate-00-target-finance-check/debug/.fingerprint/darling-8643f107f28a387b/lib-darling`

Caused by:
    No such file or directory (os error 2)
   0.159586416s  INFO prepare_target{force=false package_id=darling_core v0.20.11 target="darling_core"}: cargo::core::compiler::fingerprint: fingerprint error for darling_core v0.20.11/Build/TargetInner { ..: lib_target("darling_core", ["lib"], "/Users/huangjiajiang/.cargo/registry/src/rsproxy.cn-e3de039b2554c837/darling_core-0.20.11/src/lib.rs", Edition2021) }
   0.159590083s  INFO prepare_target{force=false package_id=darling_core v0.20.11 target="darling_core"}: cargo::core::compiler::fingerprint:     err: failed to read `/private/tmp/erp-domain-crate-00-target-finance-check/debug/.fingerprint/darling_core-795117fefa5f7444/lib-darling_core`

Caused by:
    No such file or directory (os error 2)
   0.159653500s  INFO prepare_target{force=false package_id=fnv v1.0.7 target="fnv"}: cargo::core::compiler::fingerprint: fingerprint error for fnv v1.0.7/Build/TargetInner { ..: lib_target("fnv", ["lib"], "/Users/huangjiajiang/.cargo/registry/src/rsproxy.cn-e3de039b2554c837/fnv-1.0.7/lib.rs", Edition2015) }
   0.159656291s  INFO prepare_target{force=false package_id=fnv v1.0.7 target="fnv"}: cargo::core::compiler::fingerprint:     err: failed to read `/private/tmp/erp-domain-crate-00-target-finance-check/debug/.fingerprint/fnv-298146bfdec75c66/lib-fnv`

Caused by:
    No such file or directory (os error 2)
   0.159708583s  INFO prepare_target{force=false package_id=darling_macro v0.20.11 target="darling_macro"}: cargo::core::compiler::fingerprint: fingerprint error for darling_macro v0.20.11/Build/TargetInner { for_host: true, proc_macro: true, ..: lib_target("darling_macro", ["proc-macro"], "/Users/huangjiajiang/.cargo/registry/src/rsproxy.cn-e3de039b2554c837/darling_macro-0.20.11/src/lib.rs", Edition2021) }
   0.159711708s  INFO prepare_target{force=false package_id=darling_macro v0.20.11 target="darling_macro"}: cargo::core::compiler::fingerprint:     err: failed to read `/private/tmp/erp-domain-crate-00-target-finance-check/debug/.fingerprint/darling_macro-6082179b3bce80cf/lib-darling_macro`

Caused by:
    No such file or directory (os error 2)
   0.159776166s  INFO prepare_target{force=false package_id=proc-macro-error2 v2.0.1 target="proc_macro_error2"}: cargo::core::compiler::fingerprint: fingerprint error for proc-macro-error2 v2.0.1/Build/TargetInner { ..: lib_target("proc_macro_error2", ["lib"], "/Users/huangjiajiang/.cargo/registry/src/rsproxy.cn-e3de039b2554c837/proc-macro-error2-2.0.1/src/lib.rs", Edition2021) }
   0.159779333s  INFO prepare_target{force=false package_id=proc-macro-error2 v2.0.1 target="proc_macro_error2"}: cargo::core::compiler::fingerprint:     err: failed to read `/private/tmp/erp-domain-crate-00-target-finance-check/debug/.fingerprint/proc-macro-error2-5b47d3212d55c498/lib-proc_macro_error2`

Caused by:
    No such file or directory (os error 2)
   0.159834791s  INFO prepare_target{force=false package_id=proc-macro-error-attr2 v2.0.0 target="proc_macro_error_attr2"}: cargo::core::compiler::fingerprint: fingerprint error for proc-macro-error-attr2 v2.0.0/Build/TargetInner { for_host: true, proc_macro: true, ..: lib_target("proc_macro_error_attr2", ["proc-macro"], "/Users/huangjiajiang/.cargo/registry/src/rsproxy.cn-e3de039b2554c837/proc-macro-error-attr2-2.0.0/src/lib.rs", Edition2021) }
   0.159839291s  INFO prepare_target{force=false package_id=proc-macro-error-attr2 v2.0.0 target="proc_macro_error_attr2"}: cargo::core::compiler::fingerprint:     err: failed to read `/private/tmp/erp-domain-crate-00-target-finance-check/debug/.fingerprint/proc-macro-error-attr2-b9043a2d5e055f1d/lib-proc_macro_error_attr2`

Caused by:
    No such file or directory (os error 2)
   0.159899125s  INFO prepare_target{force=false package_id=mongodb v3.8.1 target="mongodb"}: cargo::core::compiler::fingerprint: fingerprint error for mongodb v3.8.1/Check { test: false }/TargetInner { ..: lib_target("mongodb", ["lib"], "/Users/huangjiajiang/.cargo/registry/src/rsproxy.cn-e3de039b2554c837/mongodb-3.8.1/src/lib.rs", Edition2021) }
   0.159902500s  INFO prepare_target{force=false package_id=mongodb v3.8.1 target="mongodb"}: cargo::core::compiler::fingerprint:     err: failed to read `/private/tmp/erp-domain-crate-00-target-finance-check/debug/.fingerprint/mongodb-756b8461847cd975/lib-mongodb`

Caused by:
    No such file or directory (os error 2)
   0.160091458s  INFO prepare_target{force=false package_id=derive-where v1.6.1 target="derive_where"}: cargo::core::compiler::fingerprint: fingerprint error for derive-where v1.6.1/Build/TargetInner { for_host: true, proc_macro: true, ..: lib_target("derive_where", ["proc-macro"], "/Users/huangjiajiang/.cargo/registry/src/rsproxy.cn-e3de039b2554c837/derive-where-1.6.1/src/lib.rs", Edition2021) }
   0.160095791s  INFO prepare_target{force=false package_id=derive-where v1.6.1 target="derive_where"}: cargo::core::compiler::fingerprint:     err: failed to read `/private/tmp/erp-domain-crate-00-target-finance-check/debug/.fingerprint/derive-where-9ce9e2e453510096/lib-derive_where`

Caused by:
    No such file or directory (os error 2)
   0.160151375s  INFO prepare_target{force=false package_id=derive_more v2.1.1 target="derive_more"}: cargo::core::compiler::fingerprint: fingerprint error for derive_more v2.1.1/Check { test: false }/TargetInner { ..: lib_target("derive_more", ["lib"], "/Users/huangjiajiang/.cargo/registry/src/rsproxy.cn-e3de039b2554c837/derive_more-2.1.1/src/lib.rs", Edition2021) }
   0.160159541s  INFO prepare_target{force=false package_id=derive_more v2.1.1 target="derive_more"}: cargo::core::compiler::fingerprint:     err: failed to read `/private/tmp/erp-domain-crate-00-target-finance-check/debug/.fingerprint/derive_more-a8681051a7bda75e/lib-derive_more`

Caused by:
    No such file or directory (os error 2)
   0.160237791s  INFO prepare_target{force=false package_id=derive_more-impl v2.1.1 target="derive_more_impl"}: cargo::core::compiler::fingerprint: fingerprint error for derive_more-impl v2.1.1/Build/TargetInner { for_host: true, proc_macro: true, ..: lib_target("derive_more_impl", ["proc-macro"], "/Users/huangjiajiang/.cargo/registry/src/rsproxy.cn-e3de039b2554c837/derive_more-impl-2.1.1/src/lib.rs", Edition2021) }
   0.160241666s  INFO prepare_target{force=false package_id=derive_more-impl v2.1.1 target="derive_more_impl"}: cargo::core::compiler::fingerprint:     err: failed to read `/private/tmp/erp-domain-crate-00-target-finance-check/debug/.fingerprint/derive_more-impl-40dce36c6d5c352c/lib-derive_more_impl`

Caused by:
    No such file or directory (os error 2)
   0.160308375s  INFO prepare_target{force=false package_id=convert_case v0.10.0 target="convert_case"}: cargo::core::compiler::fingerprint: fingerprint error for convert_case v0.10.0/Build/TargetInner { ..: lib_target("convert_case", ["lib"], "/Users/huangjiajiang/.cargo/registry/src/rsproxy.cn-e3de039b2554c837/convert_case-0.10.0/src/lib.rs", Edition2021) }
   0.160311041s  INFO prepare_target{force=false package_id=convert_case v0.10.0 target="convert_case"}: cargo::core::compiler::fingerprint:     err: failed to read `/private/tmp/erp-domain-crate-00-target-finance-check/debug/.fingerprint/convert_case-f1ae90c4ed8dbfc6/lib-convert_case`

Caused by:
    No such file or directory (os error 2)
   0.160369291s  INFO prepare_target{force=false package_id=unicode-segmentation v1.13.2 target="unicode_segmentation"}: cargo::core::compiler::fingerprint: fingerprint error for unicode-segmentation v1.13.2/Build/TargetInner { ..: lib_target("unicode_segmentation", ["lib"], "/Users/huangjiajiang/.cargo/registry/src/rsproxy.cn-e3de039b2554c837/unicode-segmentation-1.13.2/src/lib.rs", Edition2018) }
   0.160372500s  INFO prepare_target{force=false package_id=unicode-segmentation v1.13.2 target="unicode_segmentation"}: cargo::core::compiler::fingerprint:     err: failed to read `/private/tmp/erp-domain-crate-00-target-finance-check/debug/.fingerprint/unicode-segmentation-a7f9f5474b888273/lib-unicode_segmentation`

Caused by:
    No such file or directory (os error 2)
   0.160424333s  INFO prepare_target{force=false package_id=unicode-xid v0.2.6 target="unicode_xid"}: cargo::core::compiler::fingerprint: fingerprint error for unicode-xid v0.2.6/Build/TargetInner { ..: lib_target("unicode_xid", ["lib"], "/Users/huangjiajiang/.cargo/registry/src/rsproxy.cn-e3de039b2554c837/unicode-xid-0.2.6/src/lib.rs", Edition2015) }
   0.160427458s  INFO prepare_target{force=false package_id=unicode-xid v0.2.6 target="unicode_xid"}: cargo::core::compiler::fingerprint:     err: failed to read `/private/tmp/erp-domain-crate-00-target-finance-check/debug/.fingerprint/unicode-xid-2f9c5ed2ea304221/lib-unicode_xid`

Caused by:
    No such file or directory (os error 2)
   0.160485833s  INFO prepare_target{force=false package_id=hickory-net v0.26.1 target="hickory_net"}: cargo::core::compiler::fingerprint: fingerprint error for hickory-net v0.26.1/Check { test: false }/TargetInner { ..: lib_target("hickory_net", ["lib"], "/Users/huangjiajiang/.cargo/registry/src/rsproxy.cn-e3de039b2554c837/hickory-net-0.26.1/src/lib.rs", Edition2021) }
   0.160489291s  INFO prepare_target{force=false package_id=hickory-net v0.26.1 target="hickory_net"}: cargo::core::compiler::fingerprint:     err: failed to read `/private/tmp/erp-domain-crate-00-target-finance-check/debug/.fingerprint/hickory-net-49b2ea22ddd14326/lib-hickory_net`

Caused by:
    No such file or directory (os error 2)
   0.160588125s  INFO prepare_target{force=false package_id=data-encoding v2.11.0 target="data_encoding"}: cargo::core::compiler::fingerprint: fingerprint error for data-encoding v2.11.0/Check { test: false }/TargetInner { ..: lib_target("data_encoding", ["lib"], "/Users/huangjiajiang/.cargo/registry/src/rsproxy.cn-e3de039b2554c837/data-encoding-2.11.0/src/lib.rs", Edition2018) }
   0.160591166s  INFO prepare_target{force=false package_id=data-encoding v2.11.0 target="data_encoding"}: cargo::core::compiler::fingerprint:     err: failed to read `/private/tmp/erp-domain-crate-00-target-finance-check/debug/.fingerprint/data-encoding-67f4ffec2f41c707/lib-data_encoding`

Caused by:
    No such file or directory (os error 2)
   0.160643000s  INFO prepare_target{force=false package_id=hickory-proto v0.26.1 target="hickory_proto"}: cargo::core::compiler::fingerprint: fingerprint error for hickory-proto v0.26.1/Check { test: false }/TargetInner { ..: lib_target("hickory_proto", ["lib"], "/Users/huangjiajiang/.cargo/registry/src/rsproxy.cn-e3de039b2554c837/hickory-proto-0.26.1/src/lib.rs", Edition2021) }
   0.160647291s  INFO prepare_target{force=false package_id=hickory-proto v0.26.1 target="hickory_proto"}: cargo::core::compiler::fingerprint:     err: failed to read `/private/tmp/erp-domain-crate-00-target-finance-check/debug/.fingerprint/hickory-proto-f928ff3f47e1909f/lib-hickory_proto`

Caused by:
    No such file or directory (os error 2)
   0.160737166s  INFO prepare_target{force=false package_id=prefix-trie v0.8.4 target="prefix_trie"}: cargo::core::compiler::fingerprint: fingerprint error for prefix-trie v0.8.4/Check { test: false }/TargetInner { ..: lib_target("prefix_trie", ["lib"], "/Users/huangjiajiang/.cargo/registry/src/rsproxy.cn-e3de039b2554c837/prefix-trie-0.8.4/src/lib.rs", Edition2021) }
   0.160743500s  INFO prepare_target{force=false package_id=prefix-trie v0.8.4 target="prefix_trie"}: cargo::core::compiler::fingerprint:     err: failed to read `/private/tmp/erp-domain-crate-00-target-finance-check/debug/.fingerprint/prefix-trie-c15183b8db63a1cc/lib-prefix_trie`

Caused by:
    No such file or directory (os error 2)
   0.160800291s  INFO prepare_target{force=false package_id=either v1.15.0 target="either"}: cargo::core::compiler::fingerprint: fingerprint error for either v1.15.0/Check { test: false }/TargetInner { ..: lib_target("either", ["lib"], "/Users/huangjiajiang/.cargo/registry/src/rsproxy.cn-e3de039b2554c837/either-1.15.0/src/lib.rs", Edition2021) }
   0.160803750s  INFO prepare_target{force=false package_id=either v1.15.0 target="either"}: cargo::core::compiler::fingerprint:     err: failed to read `/private/tmp/erp-domain-crate-00-target-finance-check/debug/.fingerprint/either-bc0e69b9a80df361/lib-either`

Caused by:
    No such file or directory (os error 2)
   0.160861458s  INFO prepare_target{force=false package_id=tinyvec v1.11.0 target="tinyvec"}: cargo::core::compiler::fingerprint: fingerprint error for tinyvec v1.11.0/Check { test: false }/TargetInner { ..: lib_target("tinyvec", ["lib"], "/Users/huangjiajiang/.cargo/registry/src/rsproxy.cn-e3de039b2554c837/tinyvec-1.11.0/src/lib.rs", Edition2018) }
   0.160864416s  INFO prepare_target{force=false package_id=tinyvec v1.11.0 target="tinyvec"}: cargo::core::compiler::fingerprint:     err: failed to read `/private/tmp/erp-domain-crate-00-target-finance-check/debug/.fingerprint/tinyvec-0714169717575cf9/lib-tinyvec`

Caused by:
    No such file or directory (os error 2)
   0.160940375s  INFO prepare_target{force=false package_id=tinyvec_macros v0.1.1 target="tinyvec_macros"}: cargo::core::compiler::fingerprint: fingerprint error for tinyvec_macros v0.1.1/Check { test: false }/TargetInner { name_inferred: true, ..: lib_target("tinyvec_macros", ["lib"], "/Users/huangjiajiang/.cargo/registry/src/rsproxy.cn-e3de039b2554c837/tinyvec_macros-0.1.1/src/lib.rs", Edition2018) }
   0.160943875s  INFO prepare_target{force=false package_id=tinyvec_macros v0.1.1 target="tinyvec_macros"}: cargo::core::compiler::fingerprint:     err: failed to read `/private/tmp/erp-domain-crate-00-target-finance-check/debug/.fingerprint/tinyvec_macros-093a5cda29696473/lib-tinyvec_macros`

Caused by:
    No such file or directory (os error 2)
   0.161011416s  INFO prepare_target{force=false package_id=hickory-resolver v0.26.1 target="hickory_resolver"}: cargo::core::compiler::fingerprint: fingerprint error for hickory-resolver v0.26.1/Check { test: false }/TargetInner { ..: lib_target("hickory_resolver", ["lib"], "/Users/huangjiajiang/.cargo/registry/src/rsproxy.cn-e3de039b2554c837/hickory-resolver-0.26.1/src/lib.rs", Edition2021) }
   0.161015041s  INFO prepare_target{force=false package_id=hickory-resolver v0.26.1 target="hickory_resolver"}: cargo::core::compiler::fingerprint:     err: failed to read `/private/tmp/erp-domain-crate-00-target-finance-check/debug/.fingerprint/hickory-resolver-52fee6a36eec7a7b/lib-hickory_resolver`

Caused by:
    No such file or directory (os error 2)
   0.161133291s  INFO prepare_target{force=false package_id=moka v0.12.15 target="moka"}: cargo::core::compiler::fingerprint: fingerprint error for moka v0.12.15/Check { test: false }/TargetInner { ..: lib_target("moka", ["lib"], "/Users/huangjiajiang/.cargo/registry/src/rsproxy.cn-e3de039b2554c837/moka-0.12.15/src/lib.rs", Edition2021) }
   0.161137708s  INFO prepare_target{force=false package_id=moka v0.12.15 target="moka"}: cargo::core::compiler::fingerprint:     err: failed to read `/private/tmp/erp-domain-crate-00-target-finance-check/debug/.fingerprint/moka-bcc1dabc8cfe24f3/lib-moka`

Caused by:
    No such file or directory (os error 2)
   0.161223583s  INFO prepare_target{force=false package_id=crossbeam-channel v0.5.15 target="crossbeam_channel"}: cargo::core::compiler::fingerprint: fingerprint error for crossbeam-channel v0.5.15/Check { test: false }/TargetInner { ..: lib_target("crossbeam_channel", ["lib"], "/Users/huangjiajiang/.cargo/registry/src/rsproxy.cn-e3de039b2554c837/crossbeam-channel-0.5.15/src/lib.rs", Edition2021) }
   0.161227166s  INFO prepare_target{force=false package_id=crossbeam-channel v0.5.15 target="crossbeam_channel"}: cargo::core::compiler::fingerprint:     err: failed to read `/private/tmp/erp-domain-crate-00-target-finance-check/debug/.fingerprint/crossbeam-channel-700120a8efbbd2d9/lib-crossbeam_channel`

Caused by:
    No such file or directory (os error 2)
   0.161291791s  INFO prepare_target{force=false package_id=crossbeam-epoch v0.9.18 target="crossbeam_epoch"}: cargo::core::compiler::fingerprint: fingerprint error for crossbeam-epoch v0.9.18/Check { test: false }/TargetInner { name_inferred: true, ..: lib_target("crossbeam_epoch", ["lib"], "/Users/huangjiajiang/.cargo/registry/src/rsproxy.cn-e3de039b2554c837/crossbeam-epoch-0.9.18/src/lib.rs", Edition2021) }
   0.161295625s  INFO prepare_target{force=false package_id=crossbeam-epoch v0.9.18 target="crossbeam_epoch"}: cargo::core::compiler::fingerprint:     err: failed to read `/private/tmp/erp-domain-crate-00-target-finance-check/debug/.fingerprint/crossbeam-epoch-cfa4419c016d01ff/lib-crossbeam_epoch`

Caused by:
    No such file or directory (os error 2)
   0.161367291s  INFO prepare_target{force=false package_id=tagptr v0.2.0 target="tagptr"}: cargo::core::compiler::fingerprint: fingerprint error for tagptr v0.2.0/Check { test: false }/TargetInner { name_inferred: true, ..: lib_target("tagptr", ["lib"], "/Users/huangjiajiang/.cargo/registry/src/rsproxy.cn-e3de039b2554c837/tagptr-0.2.0/src/lib.rs", Edition2018) }
   0.161369958s  INFO prepare_target{force=false package_id=tagptr v0.2.0 target="tagptr"}: cargo::core::compiler::fingerprint:     err: failed to read `/private/tmp/erp-domain-crate-00-target-finance-check/debug/.fingerprint/tagptr-3deb6a1a08bd1dcb/lib-tagptr`

Caused by:
    No such file or directory (os error 2)
   0.161447125s  INFO prepare_target{force=false package_id=resolv-conf v0.7.6 target="resolv_conf"}: cargo::core::compiler::fingerprint: fingerprint error for resolv-conf v0.7.6/Check { test: false }/TargetInner { ..: lib_target("resolv_conf", ["lib"], "/Users/huangjiajiang/.cargo/registry/src/rsproxy.cn-e3de039b2554c837/resolv-conf-0.7.6/src/lib.rs", Edition2021) }
   0.161450458s  INFO prepare_target{force=false package_id=resolv-conf v0.7.6 target="resolv_conf"}: cargo::core::compiler::fingerprint:     err: failed to read `/private/tmp/erp-domain-crate-00-target-finance-check/debug/.fingerprint/resolv-conf-22aab049266e20d0/lib-resolv_conf`

Caused by:
    No such file or directory (os error 2)
   0.161538166s  INFO prepare_target{force=false package_id=system-configuration v0.7.0 target="system_configuration"}: cargo::core::compiler::fingerprint: fingerprint error for system-configuration v0.7.0/Check { test: false }/TargetInner { ..: lib_target("system_configuration", ["lib"], "/Users/huangjiajiang/.cargo/registry/src/rsproxy.cn-e3de039b2554c837/system-configuration-0.7.0/src/lib.rs", Edition2021) }
   0.161544666s  INFO prepare_target{force=false package_id=system-configuration v0.7.0 target="system_configuration"}: cargo::core::compiler::fingerprint:     err: failed to read `/private/tmp/erp-domain-crate-00-target-finance-check/debug/.fingerprint/system-configuration-3fb9098ad7889588/lib-system_configuration`

Caused by:
    No such file or directory (os error 2)
   0.161650791s  INFO prepare_target{force=false package_id=core-foundation v0.9.4 target="core_foundation"}: cargo::core::compiler::fingerprint: fingerprint error for core-foundation v0.9.4/Check { test: false }/TargetInner { name_inferred: true, ..: lib_target("core_foundation", ["lib"], "/Users/huangjiajiang/.cargo/registry/src/rsproxy.cn-e3de039b2554c837/core-foundation-0.9.4/src/lib.rs", Edition2018) }
   0.161656583s  INFO prepare_target{force=false package_id=core-foundation v0.9.4 target="core_foundation"}: cargo::core::compiler::fingerprint:     err: failed to read `/private/tmp/erp-domain-crate-00-target-finance-check/debug/.fingerprint/core-foundation-7a7e623764bf1611/lib-core_foundation`

Caused by:
    No such file or directory (os error 2)
   0.161741416s  INFO prepare_target{force=false package_id=system-configuration-sys v0.6.0 target="system_configuration_sys"}: cargo::core::compiler::fingerprint: fingerprint error for system-configuration-sys v0.6.0/Check { test: false }/TargetInner { name_inferred: true, ..: lib_target("system_configuration_sys", ["lib"], "/Users/huangjiajiang/.cargo/registry/src/rsproxy.cn-e3de039b2554c837/system-configuration-sys-0.6.0/src/lib.rs", Edition2021) }
   0.161746500s  INFO prepare_target{force=false package_id=system-configuration-sys v0.6.0 target="system_configuration_sys"}: cargo::core::compiler::fingerprint:     err: failed to read `/private/tmp/erp-domain-crate-00-target-finance-check/debug/.fingerprint/system-configuration-sys-e5559b9c477ec7d2/lib-system_configuration_sys`

Caused by:
    No such file or directory (os error 2)
   0.162006375s  INFO prepare_target{force=false package_id=system-configuration-sys v0.6.0 target="build-script-build"}: cargo::core::compiler::fingerprint: fingerprint error for system-configuration-sys v0.6.0/RunCustomBuild/TargetInner { ..: custom_build_target("build-script-build", "/Users/huangjiajiang/.cargo/registry/src/rsproxy.cn-e3de039b2554c837/system-configuration-sys-0.6.0/build.rs", Edition2021) }
   0.162015500s  INFO prepare_target{force=false package_id=system-configuration-sys v0.6.0 target="build-script-build"}: cargo::core::compiler::fingerprint:     err: failed to read `/private/tmp/erp-domain-crate-00-target-finance-check/debug/.fingerprint/system-configuration-sys-97b9abaf56aefa9b/run-build-script-build-script-build`

Caused by:
    No such file or directory (os error 2)
   0.162116041s  INFO prepare_target{force=false package_id=system-configuration-sys v0.6.0 target="build-script-build"}: cargo::core::compiler::fingerprint: fingerprint error for system-configuration-sys v0.6.0/Build/TargetInner { ..: custom_build_target("build-script-build", "/Users/huangjiajiang/.cargo/registry/src/rsproxy.cn-e3de039b2554c837/system-configuration-sys-0.6.0/build.rs", Edition2021) }
   0.162121166s  INFO prepare_target{force=false package_id=system-configuration-sys v0.6.0 target="build-script-build"}: cargo::core::compiler::fingerprint:     err: failed to read `/private/tmp/erp-domain-crate-00-target-finance-check/debug/.fingerprint/system-configuration-sys-ec4415eb58479796/build-script-build-script-build`

Caused by:
    No such file or directory (os error 2)
   0.162225791s  INFO prepare_target{force=false package_id=macro_magic v0.5.1 target="macro_magic"}: cargo::core::compiler::fingerprint: fingerprint error for macro_magic v0.5.1/Check { test: false }/TargetInner { name_inferred: true, ..: lib_target("macro_magic", ["lib"], "/Users/huangjiajiang/.cargo/registry/src/rsproxy.cn-e3de039b2554c837/macro_magic-0.5.1/src/lib.rs", Edition2021) }
   0.162230875s  INFO prepare_target{force=false package_id=macro_magic v0.5.1 target="macro_magic"}: cargo::core::compiler::fingerprint:     err: failed to read `/private/tmp/erp-domain-crate-00-target-finance-check/debug/.fingerprint/macro_magic-a01398926a4e7e30/lib-macro_magic`

Caused by:
    No such file or directory (os error 2)
   0.162331916s  INFO prepare_target{force=false package_id=macro_magic_macros v0.5.1 target="macro_magic_macros"}: cargo::core::compiler::fingerprint: fingerprint error for macro_magic_macros v0.5.1/Build/TargetInner { name_inferred: true, for_host: true, proc_macro: true, ..: lib_target("macro_magic_macros", ["proc-macro"], "/Users/huangjiajiang/.cargo/registry/src/rsproxy.cn-e3de039b2554c837/macro_magic_macros-0.5.1/src/lib.rs", Edition2021) }
   0.162336708s  INFO prepare_target{force=false package_id=macro_magic_macros v0.5.1 target="macro_magic_macros"}: cargo::core::compiler::fingerprint:     err: failed to read `/private/tmp/erp-domain-crate-00-target-finance-check/debug/.fingerprint/macro_magic_macros-dd6834f6b68618a0/lib-macro_magic_macros`

Caused by:
    No such file or directory (os error 2)
   0.162431291s  INFO prepare_target{force=false package_id=macro_magic_core v0.5.1 target="macro_magic_core"}: cargo::core::compiler::fingerprint: fingerprint error for macro_magic_core v0.5.1/Build/TargetInner { name_inferred: true, ..: lib_target("macro_magic_core", ["lib"], "/Users/huangjiajiang/.cargo/registry/src/rsproxy.cn-e3de039b2554c837/macro_magic_core-0.5.1/src/lib.rs", Edition2021) }
   0.162436041s  INFO prepare_target{force=false package_id=macro_magic_core v0.5.1 target="macro_magic_core"}: cargo::core::compiler::fingerprint:     err: failed to read `/private/tmp/erp-domain-crate-00-target-finance-check/debug/.fingerprint/macro_magic_core-8f89b03deea7a712/lib-macro_magic_core`

Caused by:
    No such file or directory (os error 2)
   0.162517916s  INFO prepare_target{force=false package_id=const-random v0.1.18 target="const_random"}: cargo::core::compiler::fingerprint: fingerprint error for const-random v0.1.18/Build/TargetInner { name_inferred: true, ..: lib_target("const_random", ["lib"], "/Users/huangjiajiang/.cargo/registry/src/rsproxy.cn-e3de039b2554c837/const-random-0.1.18/src/lib.rs", Edition2018) }
   0.162522208s  INFO prepare_target{force=false package_id=const-random v0.1.18 target="const_random"}: cargo::core::compiler::fingerprint:     err: failed to read `/private/tmp/erp-domain-crate-00-target-finance-check/debug/.fingerprint/const-random-5dd2f0bcc96130d8/lib-const_random`

Caused by:
    No such file or directory (os error 2)
   0.162602166s  INFO prepare_target{force=false package_id=derive-syn-parse v0.2.0 target="derive_syn_parse"}: cargo::core::compiler::fingerprint: fingerprint error for derive-syn-parse v0.2.0/Build/TargetInner { name_inferred: true, for_host: true, proc_macro: true, ..: lib_target("derive_syn_parse", ["proc-macro"], "/Users/huangjiajiang/.cargo/registry/src/rsproxy.cn-e3de039b2554c837/derive-syn-parse-0.2.0/src/lib.rs", Edition2018) }
   0.162606416s  INFO prepare_target{force=false package_id=derive-syn-parse v0.2.0 target="derive_syn_parse"}: cargo::core::compiler::fingerprint:     err: failed to read `/private/tmp/erp-domain-crate-00-target-finance-check/debug/.fingerprint/derive-syn-parse-d96f4fc1d18583d4/lib-derive_syn_parse`

Caused by:
    No such file or directory (os error 2)
   0.162680291s  INFO prepare_target{force=false package_id=macro_magic_core_macros v0.5.1 target="macro_magic_core_macros"}: cargo::core::compiler::fingerprint: fingerprint error for macro_magic_core_macros v0.5.1/Build/TargetInner { name_inferred: true, for_host: true, proc_macro: true, ..: lib_target("macro_magic_core_macros", ["proc-macro"], "/Users/huangjiajiang/.cargo/registry/src/rsproxy.cn-e3de039b2554c837/macro_magic_core_macros-0.5.1/src/lib.rs", Edition2021) }
   0.162684583s  INFO prepare_target{force=false package_id=macro_magic_core_macros v0.5.1 target="macro_magic_core_macros"}: cargo::core::compiler::fingerprint:     err: failed to read `/private/tmp/erp-domain-crate-00-target-finance-check/debug/.fingerprint/macro_magic_core_macros-b2d8bff06498e5ee/lib-macro_magic_core_macros`

Caused by:
    No such file or directory (os error 2)
   0.162750541s  INFO prepare_target{force=false package_id=md-5 v0.11.0 target="md5"}: cargo::core::compiler::fingerprint: fingerprint error for md-5 v0.11.0/Check { test: false }/TargetInner { ..: lib_target("md5", ["lib"], "/Users/huangjiajiang/.cargo/registry/src/rsproxy.cn-e3de039b2554c837/md-5-0.11.0/src/lib.rs", Edition2024) }
   0.162754458s  INFO prepare_target{force=false package_id=md-5 v0.11.0 target="md5"}: cargo::core::compiler::fingerprint:     err: failed to read `/private/tmp/erp-domain-crate-00-target-finance-check/debug/.fingerprint/md-5-b99db3a292106f63/lib-md5`

Caused by:
    No such file or directory (os error 2)
   0.162836041s  INFO prepare_target{force=false package_id=mongodb-internal-macros v3.8.1 target="mongodb_internal_macros"}: cargo::core::compiler::fingerprint: fingerprint error for mongodb-internal-macros v3.8.1/Build/TargetInner { for_host: true, proc_macro: true, ..: lib_target("mongodb_internal_macros", ["proc-macro"], "/Users/huangjiajiang/.cargo/registry/src/rsproxy.cn-e3de039b2554c837/mongodb-internal-macros-3.8.1/src/lib.rs", Edition2021) }
   0.162840541s  INFO prepare_target{force=false package_id=mongodb-internal-macros v3.8.1 target="mongodb_internal_macros"}: cargo::core::compiler::fingerprint:     err: failed to read `/private/tmp/erp-domain-crate-00-target-finance-check/debug/.fingerprint/mongodb-internal-macros-958cc698699c10c2/lib-mongodb_internal_macros`

Caused by:
    No such file or directory (os error 2)
   0.162921666s  INFO prepare_target{force=false package_id=macro_magic v0.5.1 target="macro_magic"}: cargo::core::compiler::fingerprint: fingerprint error for macro_magic v0.5.1/Build/TargetInner { name_inferred: true, ..: lib_target("macro_magic", ["lib"], "/Users/huangjiajiang/.cargo/registry/src/rsproxy.cn-e3de039b2554c837/macro_magic-0.5.1/src/lib.rs", Edition2021) }
   0.162926250s  INFO prepare_target{force=false package_id=macro_magic v0.5.1 target="macro_magic"}: cargo::core::compiler::fingerprint:     err: failed to read `/private/tmp/erp-domain-crate-00-target-finance-check/debug/.fingerprint/macro_magic-c8f53b1d3bed9d58/lib-macro_magic`

Caused by:
    No such file or directory (os error 2)
   0.162999750s  INFO prepare_target{force=false package_id=pbkdf2 v0.13.0 target="pbkdf2"}: cargo::core::compiler::fingerprint: fingerprint error for pbkdf2 v0.13.0/Check { test: false }/TargetInner { ..: lib_target("pbkdf2", ["lib"], "/Users/huangjiajiang/.cargo/registry/src/rsproxy.cn-e3de039b2554c837/pbkdf2-0.13.0/src/lib.rs", Edition2024) }
   0.163003625s  INFO prepare_target{force=false package_id=pbkdf2 v0.13.0 target="pbkdf2"}: cargo::core::compiler::fingerprint:     err: failed to read `/private/tmp/erp-domain-crate-00-target-finance-check/debug/.fingerprint/pbkdf2-576e8aa7e42f30c2/lib-pbkdf2`

Caused by:
    No such file or directory (os error 2)
   0.163083875s  INFO prepare_target{force=false package_id=rustc_version_runtime v0.3.0 target="rustc_version_runtime"}: cargo::core::compiler::fingerprint: fingerprint error for rustc_version_runtime v0.3.0/Check { test: false }/TargetInner { name_inferred: true, ..: lib_target("rustc_version_runtime", ["lib"], "/Users/huangjiajiang/.cargo/registry/src/rsproxy.cn-e3de039b2554c837/rustc_version_runtime-0.3.0/src/lib.rs", Edition2015) }
   0.163087916s  INFO prepare_target{force=false package_id=rustc_version_runtime v0.3.0 target="rustc_version_runtime"}: cargo::core::compiler::fingerprint:     err: failed to read `/private/tmp/erp-domain-crate-00-target-finance-check/debug/.fingerprint/rustc_version_runtime-b9e7b29a3be15bec/lib-rustc_version_runtime`

Caused by:
    No such file or directory (os error 2)
   0.163192916s  INFO prepare_target{force=false package_id=rustc_version v0.4.1 target="rustc_version"}: cargo::core::compiler::fingerprint: fingerprint error for rustc_version v0.4.1/Check { test: false }/TargetInner { ..: lib_target("rustc_version", ["lib"], "/Users/huangjiajiang/.cargo/registry/src/rsproxy.cn-e3de039b2554c837/rustc_version-0.4.1/src/lib.rs", Edition2018) }
   0.163198666s  INFO prepare_target{force=false package_id=rustc_version v0.4.1 target="rustc_version"}: cargo::core::compiler::fingerprint:     err: failed to read `/private/tmp/erp-domain-crate-00-target-finance-check/debug/.fingerprint/rustc_version-81f4075c72fb6eda/lib-rustc_version`

Caused by:
    No such file or directory (os error 2)
   0.163284250s  INFO prepare_target{force=false package_id=semver v1.0.28 target="semver"}: cargo::core::compiler::fingerprint: fingerprint error for semver v1.0.28/Check { test: false }/TargetInner { ..: lib_target("semver", ["lib"], "/Users/huangjiajiang/.cargo/registry/src/rsproxy.cn-e3de039b2554c837/semver-1.0.28/src/lib.rs", Edition2021) }
   0.163288250s  INFO prepare_target{force=false package_id=semver v1.0.28 target="semver"}: cargo::core::compiler::fingerprint:     err: failed to read `/private/tmp/erp-domain-crate-00-target-finance-check/debug/.fingerprint/semver-505d9dfa78247ce1/lib-semver`

Caused by:
    No such file or directory (os error 2)
   0.163499125s  INFO prepare_target{force=false package_id=rustc_version_runtime v0.3.0 target="build-script-build"}: cargo::core::compiler::fingerprint: fingerprint error for rustc_version_runtime v0.3.0/RunCustomBuild/TargetInner { ..: custom_build_target("build-script-build", "/Users/huangjiajiang/.cargo/registry/src/rsproxy.cn-e3de039b2554c837/rustc_version_runtime-0.3.0/build.rs", Edition2015) }
   0.163503166s  INFO prepare_target{force=false package_id=rustc_version_runtime v0.3.0 target="build-script-build"}: cargo::core::compiler::fingerprint:     err: failed to read `/private/tmp/erp-domain-crate-00-target-finance-check/debug/.fingerprint/rustc_version_runtime-ec4bc5eb3aff308d/run-build-script-build-script-build`

Caused by:
    No such file or directory (os error 2)
   0.163560333s  INFO prepare_target{force=false package_id=rustc_version_runtime v0.3.0 target="build-script-build"}: cargo::core::compiler::fingerprint: fingerprint error for rustc_version_runtime v0.3.0/Build/TargetInner { ..: custom_build_target("build-script-build", "/Users/huangjiajiang/.cargo/registry/src/rsproxy.cn-e3de039b2554c837/rustc_version_runtime-0.3.0/build.rs", Edition2015) }
   0.163564375s  INFO prepare_target{force=false package_id=rustc_version_runtime v0.3.0 target="build-script-build"}: cargo::core::compiler::fingerprint:     err: failed to read `/private/tmp/erp-domain-crate-00-target-finance-check/debug/.fingerprint/rustc_version_runtime-ac9cffb4bf494e6a/build-script-build-script-build`

Caused by:
    No such file or directory (os error 2)
   0.163638791s  INFO prepare_target{force=false package_id=rustc_version v0.4.1 target="rustc_version"}: cargo::core::compiler::fingerprint: fingerprint error for rustc_version v0.4.1/Build/TargetInner { ..: lib_target("rustc_version", ["lib"], "/Users/huangjiajiang/.cargo/registry/src/rsproxy.cn-e3de039b2554c837/rustc_version-0.4.1/src/lib.rs", Edition2018) }
   0.163642833s  INFO prepare_target{force=false package_id=rustc_version v0.4.1 target="rustc_version"}: cargo::core::compiler::fingerprint:     err: failed to read `/private/tmp/erp-domain-crate-00-target-finance-check/debug/.fingerprint/rustc_version-022f176aeae94094/lib-rustc_version`

Caused by:
    No such file or directory (os error 2)
   0.163712041s  INFO prepare_target{force=false package_id=semver v1.0.28 target="semver"}: cargo::core::compiler::fingerprint: fingerprint error for semver v1.0.28/Build/TargetInner { ..: lib_target("semver", ["lib"], "/Users/huangjiajiang/.cargo/registry/src/rsproxy.cn-e3de039b2554c837/semver-1.0.28/src/lib.rs", Edition2021) }
   0.163715708s  INFO prepare_target{force=false package_id=semver v1.0.28 target="semver"}: cargo::core::compiler::fingerprint:     err: failed to read `/private/tmp/erp-domain-crate-00-target-finance-check/debug/.fingerprint/semver-23bdd2c190a2ceec/lib-semver`

Caused by:
    No such file or directory (os error 2)
   0.163797958s  INFO prepare_target{force=false package_id=serde_with v3.20.0 target="serde_with"}: cargo::core::compiler::fingerprint: fingerprint error for serde_with v3.20.0/Check { test: false }/TargetInner { ..: lib_target("serde_with", ["lib"], "/Users/huangjiajiang/.cargo/registry/src/rsproxy.cn-e3de039b2554c837/serde_with-3.20.0/src/lib.rs", Edition2021) }
   0.163802041s  INFO prepare_target{force=false package_id=serde_with v3.20.0 target="serde_with"}: cargo::core::compiler::fingerprint:     err: failed to read `/private/tmp/erp-domain-crate-00-target-finance-check/debug/.fingerprint/serde_with-9b0b79c165e4c7a4/lib-serde_with`

Caused by:
    No such file or directory (os error 2)
   0.163883708s  INFO prepare_target{force=false package_id=serde_with_macros v3.20.0 target="serde_with_macros"}: cargo::core::compiler::fingerprint: fingerprint error for serde_with_macros v3.20.0/Build/TargetInner { for_host: true, proc_macro: true, ..: lib_target("serde_with_macros", ["proc-macro"], "/Users/huangjiajiang/.cargo/registry/src/rsproxy.cn-e3de039b2554c837/serde_with_macros-3.20.0/src/lib.rs", Edition2021) }
   0.163888125s  INFO prepare_target{force=false package_id=serde_with_macros v3.20.0 target="serde_with_macros"}: cargo::core::compiler::fingerprint:     err: failed to read `/private/tmp/erp-domain-crate-00-target-finance-check/debug/.fingerprint/serde_with_macros-d5a99d1006af41f3/lib-serde_with_macros`

Caused by:
    No such file or directory (os error 2)
   0.163965791s  INFO prepare_target{force=false package_id=sha1 v0.11.0 target="sha1"}: cargo::core::compiler::fingerprint: fingerprint error for sha1 v0.11.0/Check { test: false }/TargetInner { ..: lib_target("sha1", ["lib"], "/Users/huangjiajiang/.cargo/registry/src/rsproxy.cn-e3de039b2554c837/sha1-0.11.0/src/lib.rs", Edition2024) }
   0.163969500s  INFO prepare_target{force=false package_id=sha1 v0.11.0 target="sha1"}: cargo::core::compiler::fingerprint:     err: failed to read `/private/tmp/erp-domain-crate-00-target-finance-check/debug/.fingerprint/sha1-0cbe8da6bac722eb/lib-sha1`

Caused by:
    No such file or directory (os error 2)
   0.164039083s  INFO prepare_target{force=false package_id=stringprep v0.1.5 target="stringprep"}: cargo::core::compiler::fingerprint: fingerprint error for stringprep v0.1.5/Check { test: false }/TargetInner { name_inferred: true, ..: lib_target("stringprep", ["lib"], "/Users/huangjiajiang/.cargo/registry/src/rsproxy.cn-e3de039b2554c837/stringprep-0.1.5/src/lib.rs", Edition2015) }
   0.164042875s  INFO prepare_target{force=false package_id=stringprep v0.1.5 target="stringprep"}: cargo::core::compiler::fingerprint:     err: failed to read `/private/tmp/erp-domain-crate-00-target-finance-check/debug/.fingerprint/stringprep-3dae8d443a469b7c/lib-stringprep`

Caused by:
    No such file or directory (os error 2)
   0.164116833s  INFO prepare_target{force=false package_id=unicode-bidi v0.3.18 target="unicode_bidi"}: cargo::core::compiler::fingerprint: fingerprint error for unicode-bidi v0.3.18/Check { test: false }/TargetInner { ..: lib_target("unicode_bidi", ["lib"], "/Users/huangjiajiang/.cargo/registry/src/rsproxy.cn-e3de039b2554c837/unicode-bidi-0.3.18/src/lib.rs", Edition2018) }
   0.164120333s  INFO prepare_target{force=false package_id=unicode-bidi v0.3.18 target="unicode_bidi"}: cargo::core::compiler::fingerprint:     err: failed to read `/private/tmp/erp-domain-crate-00-target-finance-check/debug/.fingerprint/unicode-bidi-9458c06236337ae9/lib-unicode_bidi`

Caused by:
    No such file or directory (os error 2)
   0.164195875s  INFO prepare_target{force=false package_id=unicode-normalization v0.1.25 target="unicode_normalization"}: cargo::core::compiler::fingerprint: fingerprint error for unicode-normalization v0.1.25/Check { test: false }/TargetInner { ..: lib_target("unicode_normalization", ["lib"], "/Users/huangjiajiang/.cargo/registry/src/rsproxy.cn-e3de039b2554c837/unicode-normalization-0.1.25/src/lib.rs", Edition2018) }
   0.164200166s  INFO prepare_target{force=false package_id=unicode-normalization v0.1.25 target="unicode_normalization"}: cargo::core::compiler::fingerprint:     err: failed to read `/private/tmp/erp-domain-crate-00-target-finance-check/debug/.fingerprint/unicode-normalization-180ca16c2f42eda4/lib-unicode_normalization`

Caused by:
    No such file or directory (os error 2)
   0.164261166s  INFO prepare_target{force=false package_id=unicode-properties v0.1.4 target="unicode_properties"}: cargo::core::compiler::fingerprint: fingerprint error for unicode-properties v0.1.4/Check { test: false }/TargetInner { ..: lib_target("unicode_properties", ["lib"], "/Users/huangjiajiang/.cargo/registry/src/rsproxy.cn-e3de039b2554c837/unicode-properties-0.1.4/src/lib.rs", Edition2021) }
   0.164266541s  INFO prepare_target{force=false package_id=unicode-properties v0.1.4 target="unicode_properties"}: cargo::core::compiler::fingerprint:     err: failed to read `/private/tmp/erp-domain-crate-00-target-finance-check/debug/.fingerprint/unicode-properties-813b7c9c6996492d/lib-unicode_properties`

Caused by:
    No such file or directory (os error 2)
   0.164343375s  INFO prepare_target{force=false package_id=take_mut v0.2.2 target="take_mut"}: cargo::core::compiler::fingerprint: fingerprint error for take_mut v0.2.2/Check { test: false }/TargetInner { name_inferred: true, ..: lib_target("take_mut", ["lib"], "/Users/huangjiajiang/.cargo/registry/src/rsproxy.cn-e3de039b2554c837/take_mut-0.2.2/src/lib.rs", Edition2015) }
   0.164347125s  INFO prepare_target{force=false package_id=take_mut v0.2.2 target="take_mut"}: cargo::core::compiler::fingerprint:     err: failed to read `/private/tmp/erp-domain-crate-00-target-finance-check/debug/.fingerprint/take_mut-9e0415ba3a623951/lib-take_mut`

Caused by:
    No such file or directory (os error 2)
   0.164414375s  INFO prepare_target{force=false package_id=typed-builder v0.22.0 target="typed_builder"}: cargo::core::compiler::fingerprint: fingerprint error for typed-builder v0.22.0/Check { test: false }/TargetInner { ..: lib_target("typed_builder", ["lib"], "/Users/huangjiajiang/.cargo/registry/src/rsproxy.cn-e3de039b2554c837/typed-builder-0.22.0/src/lib.rs", Edition2021) }
   0.164418583s  INFO prepare_target{force=false package_id=typed-builder v0.22.0 target="typed_builder"}: cargo::core::compiler::fingerprint:     err: failed to read `/private/tmp/erp-domain-crate-00-target-finance-check/debug/.fingerprint/typed-builder-90ee53746617b2f7/lib-typed_builder`

Caused by:
    No such file or directory (os error 2)
   0.164482750s  INFO prepare_target{force=false package_id=typed-builder-macro v0.22.0 target="typed_builder_macro"}: cargo::core::compiler::fingerprint: fingerprint error for typed-builder-macro v0.22.0/Build/TargetInner { for_host: true, proc_macro: true, ..: lib_target("typed_builder_macro", ["proc-macro"], "/Users/huangjiajiang/.cargo/registry/src/rsproxy.cn-e3de039b2554c837/typed-builder-macro-0.22.0/src/lib.rs", Edition2021) }
   0.164486791s  INFO prepare_target{force=false package_id=typed-builder-macro v0.22.0 target="typed_builder_macro"}: cargo::core::compiler::fingerprint:     err: failed to read `/private/tmp/erp-domain-crate-00-target-finance-check/debug/.fingerprint/typed-builder-macro-1889de0e54661ad5/lib-typed_builder_macro`

Caused by:
    No such file or directory (os error 2)
   0.164546416s  INFO prepare_target{force=false package_id=webpki-roots v1.0.7 target="webpki_roots"}: cargo::core::compiler::fingerprint: fingerprint error for webpki-roots v1.0.7/Check { test: false }/TargetInner { ..: lib_target("webpki_roots", ["lib"], "/Users/huangjiajiang/.cargo/registry/src/rsproxy.cn-e3de039b2554c837/webpki-roots-1.0.7/src/lib.rs", Edition2021) }
   0.164550208s  INFO prepare_target{force=false package_id=webpki-roots v1.0.7 target="webpki_roots"}: cargo::core::compiler::fingerprint:     err: failed to read `/private/tmp/erp-domain-crate-00-target-finance-check/debug/.fingerprint/webpki-roots-30d56c3423d24de3/lib-webpki_roots`

Caused by:
    No such file or directory (os error 2)
   0.164605625s  INFO prepare_target{force=false package_id=hmac v0.12.1 target="hmac"}: cargo::core::compiler::fingerprint: fingerprint error for hmac v0.12.1/Check { test: false }/TargetInner { name_inferred: true, ..: lib_target("hmac", ["lib"], "/Users/huangjiajiang/.cargo/registry/src/rsproxy.cn-e3de039b2554c837/hmac-0.12.1/src/lib.rs", Edition2018) }
   0.164609375s  INFO prepare_target{force=false package_id=hmac v0.12.1 target="hmac"}: cargo::core::compiler::fingerprint:     err: failed to read `/private/tmp/erp-domain-crate-00-target-finance-check/debug/.fingerprint/hmac-d42c8e7696f33968/lib-hmac`

Caused by:
    No such file or directory (os error 2)
   0.164685666s  INFO prepare_target{force=false package_id=id-generator v0.1.0 (/private/tmp/erp-domain-crate-00-measure/backend/crates/id-generator) target="id_generator"}: cargo::core::compiler::fingerprint: fingerprint error for id-generator v0.1.0 (/private/tmp/erp-domain-crate-00-measure/backend/crates/id-generator)/Check { test: false }/TargetInner { name_inferred: true, ..: lib_target("id_generator", ["lib"], "/private/tmp/erp-domain-crate-00-measure/backend/crates/id-generator/src/lib.rs", Edition2021) }
   0.164689750s  INFO prepare_target{force=false package_id=id-generator v0.1.0 (/private/tmp/erp-domain-crate-00-measure/backend/crates/id-generator) target="id_generator"}: cargo::core::compiler::fingerprint:     err: failed to read `/private/tmp/erp-domain-crate-00-target-finance-check/debug/.fingerprint/id-generator-8a04aaba51675888/lib-id_generator`

Caused by:
    No such file or directory (os error 2)
   0.164893458s  INFO prepare_target{force=false package_id=jwt v0.16.0 target="jwt"}: cargo::core::compiler::fingerprint: fingerprint error for jwt v0.16.0/Check { test: false }/TargetInner { name_inferred: true, ..: lib_target("jwt", ["lib"], "/Users/huangjiajiang/.cargo/registry/src/rsproxy.cn-e3de039b2554c837/jwt-0.16.0/src/lib.rs", Edition2018) }
   0.164896541s  INFO prepare_target{force=false package_id=jwt v0.16.0 target="jwt"}: cargo::core::compiler::fingerprint:     err: failed to read `/private/tmp/erp-domain-crate-00-target-finance-check/debug/.fingerprint/jwt-f56300bc0a7b5fc0/lib-jwt`

Caused by:
    No such file or directory (os error 2)
   0.164970791s  INFO prepare_target{force=false package_id=base64 v0.13.1 target="base64"}: cargo::core::compiler::fingerprint: fingerprint error for base64 v0.13.1/Check { test: false }/TargetInner { name_inferred: true, ..: lib_target("base64", ["lib"], "/Users/huangjiajiang/.cargo/registry/src/rsproxy.cn-e3de039b2554c837/base64-0.13.1/src/lib.rs", Edition2018) }
   0.164973833s  INFO prepare_target{force=false package_id=base64 v0.13.1 target="base64"}: cargo::core::compiler::fingerprint:     err: failed to read `/private/tmp/erp-domain-crate-00-target-finance-check/debug/.fingerprint/base64-527c6fefad15c248/lib-base64`

Caused by:
    No such file or directory (os error 2)
   0.165026458s  INFO prepare_target{force=false package_id=sha2 v0.10.9 target="sha2"}: cargo::core::compiler::fingerprint: fingerprint error for sha2 v0.10.9/Check { test: false }/TargetInner { ..: lib_target("sha2", ["lib"], "/Users/huangjiajiang/.cargo/registry/src/rsproxy.cn-e3de039b2554c837/sha2-0.10.9/src/lib.rs", Edition2018) }
   0.165029541s  INFO prepare_target{force=false package_id=sha2 v0.10.9 target="sha2"}: cargo::core::compiler::fingerprint:     err: failed to read `/private/tmp/erp-domain-crate-00-target-finance-check/debug/.fingerprint/sha2-a59c3f14e9e9b298/lib-sha2`

Caused by:
    No such file or directory (os error 2)
   0.165086416s  INFO prepare_target{force=false package_id=cpufeatures v0.2.17 target="cpufeatures"}: cargo::core::compiler::fingerprint: fingerprint error for cpufeatures v0.2.17/Check { test: false }/TargetInner { ..: lib_target("cpufeatures", ["lib"], "/Users/huangjiajiang/.cargo/registry/src/rsproxy.cn-e3de039b2554c837/cpufeatures-0.2.17/src/lib.rs", Edition2018) }
   0.165089666s  INFO prepare_target{force=false package_id=cpufeatures v0.2.17 target="cpufeatures"}: cargo::core::compiler::fingerprint:     err: failed to read `/private/tmp/erp-domain-crate-00-target-finance-check/debug/.fingerprint/cpufeatures-6bc1647f0cd260e4/lib-cpufeatures`

Caused by:
    No such file or directory (os error 2)
   0.165143083s  INFO prepare_target{force=false package_id=opentelemetry v0.32.0 target="opentelemetry"}: cargo::core::compiler::fingerprint: fingerprint error for opentelemetry v0.32.0/Check { test: false }/TargetInner { benched: false, ..: lib_target("opentelemetry", ["lib"], "/Users/huangjiajiang/.cargo/registry/src/rsproxy.cn-e3de039b2554c837/opentelemetry-0.32.0/src/lib.rs", Edition2021) }
   0.165146583s  INFO prepare_target{force=false package_id=opentelemetry v0.32.0 target="opentelemetry"}: cargo::core::compiler::fingerprint:     err: failed to read `/private/tmp/erp-domain-crate-00-target-finance-check/debug/.fingerprint/opentelemetry-8a6f66da354fae99/lib-opentelemetry`

Caused by:
    No such file or directory (os error 2)
   0.165237333s  INFO prepare_target{force=false package_id=opentelemetry-otlp v0.32.0 target="opentelemetry_otlp"}: cargo::core::compiler::fingerprint: fingerprint error for opentelemetry-otlp v0.32.0/Check { test: false }/TargetInner { benched: false, ..: lib_target("opentelemetry_otlp", ["lib"], "/Users/huangjiajiang/.cargo/registry/src/rsproxy.cn-e3de039b2554c837/opentelemetry-otlp-0.32.0/src/lib.rs", Edition2021) }
   0.165240250s  INFO prepare_target{force=false package_id=opentelemetry-otlp v0.32.0 target="opentelemetry_otlp"}: cargo::core::compiler::fingerprint:     err: failed to read `/private/tmp/erp-domain-crate-00-target-finance-check/debug/.fingerprint/opentelemetry-otlp-02065affb29fb82e/lib-opentelemetry_otlp`

Caused by:
    No such file or directory (os error 2)
   0.165377333s  INFO prepare_target{force=false package_id=opentelemetry-proto v0.32.0 target="opentelemetry_proto"}: cargo::core::compiler::fingerprint: fingerprint error for opentelemetry-proto v0.32.0/Check { test: false }/TargetInner { benched: false, doctest: false, ..: lib_target("opentelemetry_proto", ["lib"], "/Users/huangjiajiang/.cargo/registry/src/rsproxy.cn-e3de039b2554c837/opentelemetry-proto-0.32.0/src/lib.rs", Edition2021) }
   0.165380500s  INFO prepare_target{force=false package_id=opentelemetry-proto v0.32.0 target="opentelemetry_proto"}: cargo::core::compiler::fingerprint:     err: failed to read `/private/tmp/erp-domain-crate-00-target-finance-check/debug/.fingerprint/opentelemetry-proto-4801f770a5bade37/lib-opentelemetry_proto`

Caused by:
    No such file or directory (os error 2)
   0.165515750s  INFO prepare_target{force=false package_id=opentelemetry_sdk v0.32.1 target="opentelemetry_sdk"}: cargo::core::compiler::fingerprint: fingerprint error for opentelemetry_sdk v0.32.1/Check { test: false }/TargetInner { benched: false, ..: lib_target("opentelemetry_sdk", ["lib"], "/Users/huangjiajiang/.cargo/registry/src/rsproxy.cn-e3de039b2554c837/opentelemetry_sdk-0.32.1/src/lib.rs", Edition2021) }
   0.165518833s  INFO prepare_target{force=false package_id=opentelemetry_sdk v0.32.1 target="opentelemetry_sdk"}: cargo::core::compiler::fingerprint:     err: failed to read `/private/tmp/erp-domain-crate-00-target-finance-check/debug/.fingerprint/opentelemetry_sdk-2e3081e565433a14/lib-opentelemetry_sdk`

Caused by:
    No such file or directory (os error 2)
   0.165589791s  INFO prepare_target{force=false package_id=tonic-types v0.14.6 target="tonic_types"}: cargo::core::compiler::fingerprint: fingerprint error for tonic-types v0.14.6/Check { test: false }/TargetInner { ..: lib_target("tonic_types", ["lib"], "/Users/huangjiajiang/.cargo/registry/src/rsproxy.cn-e3de039b2554c837/tonic-types-0.14.6/src/lib.rs", Edition2024) }
   0.165592541s  INFO prepare_target{force=false package_id=tonic-types v0.14.6 target="tonic_types"}: cargo::core::compiler::fingerprint:     err: failed to read `/private/tmp/erp-domain-crate-00-target-finance-check/debug/.fingerprint/tonic-types-5d79d467356c662f/lib-tonic_types`

Caused by:
    No such file or directory (os error 2)
   0.165720916s  INFO prepare_target{force=false package_id=permission-macros v0.1.0 (/private/tmp/erp-domain-crate-00-measure/backend/crates/permission-macros) target="permission_macros"}: cargo::core::compiler::fingerprint: fingerprint error for permission-macros v0.1.0 (/private/tmp/erp-domain-crate-00-measure/backend/crates/permission-macros)/Build/TargetInner { name_inferred: true, for_host: true, proc_macro: true, ..: lib_target("permission_macros", ["proc-macro"], "/private/tmp/erp-domain-crate-00-measure/backend/crates/permission-macros/src/lib.rs", Edition2021) }
   0.165724916s  INFO prepare_target{force=false package_id=permission-macros v0.1.0 (/private/tmp/erp-domain-crate-00-measure/backend/crates/permission-macros) target="permission_macros"}: cargo::core::compiler::fingerprint:     err: failed to read `/private/tmp/erp-domain-crate-00-target-finance-check/debug/.fingerprint/permission-macros-b16acb53b4f8440b/lib-permission_macros`

Caused by:
    No such file or directory (os error 2)
   0.165794875s  INFO prepare_target{force=false package_id=services v0.1.0 (/private/tmp/erp-domain-crate-00-measure/backend/services) target="services"}: cargo::core::compiler::fingerprint: fingerprint error for services v0.1.0 (/private/tmp/erp-domain-crate-00-measure/backend/services)/Check { test: false }/TargetInner { name_inferred: true, ..: lib_target("services", ["lib"], "/private/tmp/erp-domain-crate-00-measure/backend/services/src/lib.rs", Edition2021) }
   0.165798666s  INFO prepare_target{force=false package_id=services v0.1.0 (/private/tmp/erp-domain-crate-00-measure/backend/services) target="services"}: cargo::core::compiler::fingerprint:     err: failed to read `/private/tmp/erp-domain-crate-00-target-finance-check/debug/.fingerprint/services-e7c6ee7a61dd188e/lib-services`

Caused by:
    No such file or directory (os error 2)
   0.166004500s  INFO prepare_target{force=false package_id=aes-gcm v0.11.1 target="aes_gcm"}: cargo::core::compiler::fingerprint: fingerprint error for aes-gcm v0.11.1/Check { test: false }/TargetInner { ..: lib_target("aes_gcm", ["lib"], "/Users/huangjiajiang/.cargo/registry/src/rsproxy.cn-e3de039b2554c837/aes-gcm-0.11.1/src/lib.rs", Edition2024) }
   0.166006916s  INFO prepare_target{force=false package_id=aes-gcm v0.11.1 target="aes_gcm"}: cargo::core::compiler::fingerprint:     err: failed to read `/private/tmp/erp-domain-crate-00-target-finance-check/debug/.fingerprint/aes-gcm-c89e9a518562fac2/lib-aes_gcm`

Caused by:
    No such file or directory (os error 2)
   0.166072625s  INFO prepare_target{force=false package_id=aead v0.6.1 target="aead"}: cargo::core::compiler::fingerprint: fingerprint error for aead v0.6.1/Check { test: false }/TargetInner { ..: lib_target("aead", ["lib"], "/Users/huangjiajiang/.cargo/registry/src/rsproxy.cn-e3de039b2554c837/aead-0.6.1/src/lib.rs", Edition2024) }
   0.166075541s  INFO prepare_target{force=false package_id=aead v0.6.1 target="aead"}: cargo::core::compiler::fingerprint:     err: failed to read `/private/tmp/erp-domain-crate-00-target-finance-check/debug/.fingerprint/aead-8187f0b819ad8f98/lib-aead`

Caused by:
    No such file or directory (os error 2)
   0.169230750s  INFO prepare_target{force=false package_id=inout v0.2.2 target="inout"}: cargo::core::compiler::fingerprint: fingerprint error for inout v0.2.2/Check { test: false }/TargetInner { ..: lib_target("inout", ["lib"], "/Users/huangjiajiang/.cargo/registry/src/rsproxy.cn-e3de039b2554c837/inout-0.2.2/src/lib.rs", Edition2024) }
   0.169233208s  INFO prepare_target{force=false package_id=inout v0.2.2 target="inout"}: cargo::core::compiler::fingerprint:     err: failed to read `/private/tmp/erp-domain-crate-00-target-finance-check/debug/.fingerprint/inout-77b55a38ab639604/lib-inout`

Caused by:
    No such file or directory (os error 2)
   0.169295166s  INFO prepare_target{force=false package_id=aes v0.9.2 target="aes"}: cargo::core::compiler::fingerprint: fingerprint error for aes v0.9.2/Check { test: false }/TargetInner { ..: lib_target("aes", ["lib"], "/Users/huangjiajiang/.cargo/registry/src/rsproxy.cn-e3de039b2554c837/aes-0.9.2/src/lib.rs", Edition2024) }
   0.169297416s  INFO prepare_target{force=false package_id=aes v0.9.2 target="aes"}: cargo::core::compiler::fingerprint:     err: failed to read `/private/tmp/erp-domain-crate-00-target-finance-check/debug/.fingerprint/aes-c6fabe99b0bb8719/lib-aes`

Caused by:
    No such file or directory (os error 2)
   0.169371250s  INFO prepare_target{force=false package_id=cipher v0.5.2 target="cipher"}: cargo::core::compiler::fingerprint: fingerprint error for cipher v0.5.2/Check { test: false }/TargetInner { ..: lib_target("cipher", ["lib"], "/Users/huangjiajiang/.cargo/registry/src/rsproxy.cn-e3de039b2554c837/cipher-0.5.2/src/lib.rs", Edition2024) }
   0.169373500s  INFO prepare_target{force=false package_id=cipher v0.5.2 target="cipher"}: cargo::core::compiler::fingerprint:     err: failed to read `/private/tmp/erp-domain-crate-00-target-finance-check/debug/.fingerprint/cipher-245f017b53e86727/lib-cipher`

Caused by:
    No such file or directory (os error 2)
   0.169447791s  INFO prepare_target{force=false package_id=cpubits v0.1.1 target="cpubits"}: cargo::core::compiler::fingerprint: fingerprint error for cpubits v0.1.1/Check { test: false }/TargetInner { ..: lib_target("cpubits", ["lib"], "/Users/huangjiajiang/.cargo/registry/src/rsproxy.cn-e3de039b2554c837/cpubits-0.1.1/src/lib.rs", Edition2024) }
   0.169450208s  INFO prepare_target{force=false package_id=cpubits v0.1.1 target="cpubits"}: cargo::core::compiler::fingerprint:     err: failed to read `/private/tmp/erp-domain-crate-00-target-finance-check/debug/.fingerprint/cpubits-54ffaa453c2f43a3/lib-cpubits`

Caused by:
    No such file or directory (os error 2)
   0.169508666s  INFO prepare_target{force=false package_id=ctr v0.10.1 target="ctr"}: cargo::core::compiler::fingerprint: fingerprint error for ctr v0.10.1/Check { test: false }/TargetInner { ..: lib_target("ctr", ["lib"], "/Users/huangjiajiang/.cargo/registry/src/rsproxy.cn-e3de039b2554c837/ctr-0.10.1/src/lib.rs", Edition2024) }
   0.169511208s  INFO prepare_target{force=false package_id=ctr v0.10.1 target="ctr"}: cargo::core::compiler::fingerprint:     err: failed to read `/private/tmp/erp-domain-crate-00-target-finance-check/debug/.fingerprint/ctr-0fe163d01ed12446/lib-ctr`

Caused by:
    No such file or directory (os error 2)
   0.169564875s  INFO prepare_target{force=false package_id=ghash v0.6.0 target="ghash"}: cargo::core::compiler::fingerprint: fingerprint error for ghash v0.6.0/Check { test: false }/TargetInner { ..: lib_target("ghash", ["lib"], "/Users/huangjiajiang/.cargo/registry/src/rsproxy.cn-e3de039b2554c837/ghash-0.6.0/src/lib.rs", Edition2024) }
   0.169567500s  INFO prepare_target{force=false package_id=ghash v0.6.0 target="ghash"}: cargo::core::compiler::fingerprint:     err: failed to read `/private/tmp/erp-domain-crate-00-target-finance-check/debug/.fingerprint/ghash-8b1a6ff6565e1ece/lib-ghash`

Caused by:
    No such file or directory (os error 2)
   0.176077750s  INFO prepare_target{force=false package_id=polyval v0.7.3 target="polyval"}: cargo::core::compiler::fingerprint: fingerprint error for polyval v0.7.3/Check { test: false }/TargetInner { ..: lib_target("polyval", ["lib"], "/Users/huangjiajiang/.cargo/registry/src/rsproxy.cn-e3de039b2554c837/polyval-0.7.3/src/lib.rs", Edition2024) }
   0.176080166s  INFO prepare_target{force=false package_id=polyval v0.7.3 target="polyval"}: cargo::core::compiler::fingerprint:     err: failed to read `/private/tmp/erp-domain-crate-00-target-finance-check/debug/.fingerprint/polyval-da1533dd7e5ec092/lib-polyval`

Caused by:
    No such file or directory (os error 2)
   0.176157625s  INFO prepare_target{force=false package_id=universal-hash v0.6.1 target="universal_hash"}: cargo::core::compiler::fingerprint: fingerprint error for universal-hash v0.6.1/Check { test: false }/TargetInner { ..: lib_target("universal_hash", ["lib"], "/Users/huangjiajiang/.cargo/registry/src/rsproxy.cn-e3de039b2554c837/universal-hash-0.6.1/src/lib.rs", Edition2024) }
   0.176160125s  INFO prepare_target{force=false package_id=universal-hash v0.6.1 target="universal_hash"}: cargo::core::compiler::fingerprint:     err: failed to read `/private/tmp/erp-domain-crate-00-target-finance-check/debug/.fingerprint/universal-hash-f4b08153caa72b7c/lib-universal_hash`

Caused by:
    No such file or directory (os error 2)
   0.176222625s  INFO prepare_target{force=false package_id=base64 v0.23.1 target="base64"}: cargo::core::compiler::fingerprint: fingerprint error for base64 v0.23.1/Check { test: false }/TargetInner { ..: lib_target("base64", ["lib"], "/Users/huangjiajiang/.cargo/registry/src/rsproxy.cn-e3de039b2554c837/base64-0.23.1/src/lib.rs", Edition2021) }
   0.176224791s  INFO prepare_target{force=false package_id=base64 v0.23.1 target="base64"}: cargo::core::compiler::fingerprint:     err: failed to read `/private/tmp/erp-domain-crate-00-target-finance-check/debug/.fingerprint/base64-75093cab1d6b419c/lib-base64`

Caused by:
    No such file or directory (os error 2)
   0.176297375s  INFO prepare_target{force=false package_id=storage v0.1.0 (/private/tmp/erp-domain-crate-00-measure/backend/crates/storage) target="storage"}: cargo::core::compiler::fingerprint: fingerprint error for storage v0.1.0 (/private/tmp/erp-domain-crate-00-measure/backend/crates/storage)/Check { test: false }/TargetInner { name_inferred: true, ..: lib_target("storage", ["lib"], "/private/tmp/erp-domain-crate-00-measure/backend/crates/storage/src/lib.rs", Edition2021) }
   0.176300208s  INFO prepare_target{force=false package_id=storage v0.1.0 (/private/tmp/erp-domain-crate-00-measure/backend/crates/storage) target="storage"}: cargo::core::compiler::fingerprint:     err: failed to read `/private/tmp/erp-domain-crate-00-target-finance-check/debug/.fingerprint/storage-6b41a3c4eb187d77/lib-storage`

Caused by:
    No such file or directory (os error 2)
   0.177446750s  INFO prepare_target{force=false package_id=aws-sdk-s3 v1.143.0 target="aws_sdk_s3"}: cargo::core::compiler::fingerprint: fingerprint error for aws-sdk-s3 v1.143.0/Check { test: false }/TargetInner { ..: lib_target("aws_sdk_s3", ["lib"], "/Users/huangjiajiang/.cargo/registry/src/rsproxy.cn-e3de039b2554c837/aws-sdk-s3-1.143.0/src/lib.rs", Edition2021) }
   0.177449458s  INFO prepare_target{force=false package_id=aws-sdk-s3 v1.143.0 target="aws_sdk_s3"}: cargo::core::compiler::fingerprint:     err: failed to read `/private/tmp/erp-domain-crate-00-target-finance-check/debug/.fingerprint/aws-sdk-s3-9200b24d2f28f429/lib-aws_sdk_s3`

Caused by:
    No such file or directory (os error 2)
   0.177654291s  INFO prepare_target{force=false package_id=aws-credential-types v1.3.0 target="aws_credential_types"}: cargo::core::compiler::fingerprint: fingerprint error for aws-credential-types v1.3.0/Check { test: false }/TargetInner { ..: lib_target("aws_credential_types", ["lib"], "/Users/huangjiajiang/.cargo/registry/src/rsproxy.cn-e3de039b2554c837/aws-credential-types-1.3.0/src/lib.rs", Edition2021) }
   0.177657833s  INFO prepare_target{force=false package_id=aws-credential-types v1.3.0 target="aws_credential_types"}: cargo::core::compiler::fingerprint:     err: failed to read `/private/tmp/erp-domain-crate-00-target-finance-check/debug/.fingerprint/aws-credential-types-87b3ed100a552e8c/lib-aws_credential_types`

Caused by:
    No such file or directory (os error 2)
   0.180892666s  INFO prepare_target{force=false package_id=aws-smithy-async v1.3.0 target="aws_smithy_async"}: cargo::core::compiler::fingerprint: fingerprint error for aws-smithy-async v1.3.0/Check { test: false }/TargetInner { ..: lib_target("aws_smithy_async", ["lib"], "/Users/huangjiajiang/.cargo/registry/src/rsproxy.cn-e3de039b2554c837/aws-smithy-async-1.3.0/src/lib.rs", Edition2021) }
   0.180895208s  INFO prepare_target{force=false package_id=aws-smithy-async v1.3.0 target="aws_smithy_async"}: cargo::core::compiler::fingerprint:     err: failed to read `/private/tmp/erp-domain-crate-00-target-finance-check/debug/.fingerprint/aws-smithy-async-bb79fc843561a28c/lib-aws_smithy_async`

Caused by:
    No such file or directory (os error 2)
   0.180974708s  INFO prepare_target{force=false package_id=aws-smithy-runtime-api v1.15.0 target="aws_smithy_runtime_api"}: cargo::core::compiler::fingerprint: fingerprint error for aws-smithy-runtime-api v1.15.0/Check { test: false }/TargetInner { ..: lib_target("aws_smithy_runtime_api", ["lib"], "/Users/huangjiajiang/.cargo/registry/src/rsproxy.cn-e3de039b2554c837/aws-smithy-runtime-api-1.15.0/src/lib.rs", Edition2021) }
   0.180977208s  INFO prepare_target{force=false package_id=aws-smithy-runtime-api v1.15.0 target="aws_smithy_runtime_api"}: cargo::core::compiler::fingerprint:     err: failed to read `/private/tmp/erp-domain-crate-00-target-finance-check/debug/.fingerprint/aws-smithy-runtime-api-44d1bafe7aa40f24/lib-aws_smithy_runtime_api`

Caused by:
    No such file or directory (os error 2)
   0.181077000s  INFO prepare_target{force=false package_id=aws-smithy-runtime-api-macros v1.1.0 target="aws_smithy_runtime_api_macros"}: cargo::core::compiler::fingerprint: fingerprint error for aws-smithy-runtime-api-macros v1.1.0/Build/TargetInner { for_host: true, proc_macro: true, ..: lib_target("aws_smithy_runtime_api_macros", ["proc-macro"], "/Users/huangjiajiang/.cargo/registry/src/rsproxy.cn-e3de039b2554c837/aws-smithy-runtime-api-macros-1.1.0/src/lib.rs", Edition2021) }
   0.181080166s  INFO prepare_target{force=false package_id=aws-smithy-runtime-api-macros v1.1.0 target="aws_smithy_runtime_api_macros"}: cargo::core::compiler::fingerprint:     err: failed to read `/private/tmp/erp-domain-crate-00-target-finance-check/debug/.fingerprint/aws-smithy-runtime-api-macros-61fb58a9c76181a8/lib-aws_smithy_runtime_api_macros`

Caused by:
    No such file or directory (os error 2)
   0.181141458s  INFO prepare_target{force=false package_id=aws-smithy-types v1.6.2 target="aws_smithy_types"}: cargo::core::compiler::fingerprint: fingerprint error for aws-smithy-types v1.6.2/Check { test: false }/TargetInner { ..: lib_target("aws_smithy_types", ["lib"], "/Users/huangjiajiang/.cargo/registry/src/rsproxy.cn-e3de039b2554c837/aws-smithy-types-1.6.2/src/lib.rs", Edition2021) }
   0.181144666s  INFO prepare_target{force=false package_id=aws-smithy-types v1.6.2 target="aws_smithy_types"}: cargo::core::compiler::fingerprint:     err: failed to read `/private/tmp/erp-domain-crate-00-target-finance-check/debug/.fingerprint/aws-smithy-types-6ffed05ee91e4ce4/lib-aws_smithy_types`

Caused by:
    No such file or directory (os error 2)
   0.183145333s  INFO prepare_target{force=false package_id=base64-simd v0.8.0 target="base64_simd"}: cargo::core::compiler::fingerprint: fingerprint error for base64-simd v0.8.0/Check { test: false }/TargetInner { name_inferred: true, ..: lib_target("base64_simd", ["lib"], "/Users/huangjiajiang/.cargo/registry/src/rsproxy.cn-e3de039b2554c837/base64-simd-0.8.0/src/lib.rs", Edition2021) }
   0.183149000s  INFO prepare_target{force=false package_id=base64-simd v0.8.0 target="base64_simd"}: cargo::core::compiler::fingerprint:     err: failed to read `/private/tmp/erp-domain-crate-00-target-finance-check/debug/.fingerprint/base64-simd-74ba8415b678cc51/lib-base64_simd`

Caused by:
    No such file or directory (os error 2)
   0.183204833s  INFO prepare_target{force=false package_id=outref v0.5.2 target="outref"}: cargo::core::compiler::fingerprint: fingerprint error for outref v0.5.2/Check { test: false }/TargetInner { ..: lib_target("outref", ["lib"], "/Users/huangjiajiang/.cargo/registry/src/rsproxy.cn-e3de039b2554c837/outref-0.5.2/src/lib.rs", Edition2021) }
   0.183208875s  INFO prepare_target{force=false package_id=outref v0.5.2 target="outref"}: cargo::core::compiler::fingerprint:     err: failed to read `/private/tmp/erp-domain-crate-00-target-finance-check/debug/.fingerprint/outref-628af61b5f4bacd4/lib-outref`

Caused by:
    No such file or directory (os error 2)
   0.183256250s  INFO prepare_target{force=false package_id=vsimd v0.8.0 target="vsimd"}: cargo::core::compiler::fingerprint: fingerprint error for vsimd v0.8.0/Check { test: false }/TargetInner { name_inferred: true, ..: lib_target("vsimd", ["lib"], "/Users/huangjiajiang/.cargo/registry/src/rsproxy.cn-e3de039b2554c837/vsimd-0.8.0/src/lib.rs", Edition2021) }
   0.183258666s  INFO prepare_target{force=false package_id=vsimd v0.8.0 target="vsimd"}: cargo::core::compiler::fingerprint:     err: failed to read `/private/tmp/erp-domain-crate-00-target-finance-check/debug/.fingerprint/vsimd-4d4c078cf8a8bba6/lib-vsimd`

Caused by:
    No such file or directory (os error 2)
   0.183312041s  INFO prepare_target{force=false package_id=bytes-utils v0.1.4 target="bytes_utils"}: cargo::core::compiler::fingerprint: fingerprint error for bytes-utils v0.1.4/Check { test: false }/TargetInner { name_inferred: true, ..: lib_target("bytes_utils", ["lib"], "/Users/huangjiajiang/.cargo/registry/src/rsproxy.cn-e3de039b2554c837/bytes-utils-0.1.4/src/lib.rs", Edition2021) }
   0.183315250s  INFO prepare_target{force=false package_id=bytes-utils v0.1.4 target="bytes_utils"}: cargo::core::compiler::fingerprint:     err: failed to read `/private/tmp/erp-domain-crate-00-target-finance-check/debug/.fingerprint/bytes-utils-2ea43297603a8544/lib-bytes_utils`

Caused by:
    No such file or directory (os error 2)
   0.185989625s  INFO prepare_target{force=false package_id=http v0.2.12 target="http"}: cargo::core::compiler::fingerprint: fingerprint error for http v0.2.12/Check { test: false }/TargetInner { name_inferred: true, ..: lib_target("http", ["lib"], "/Users/huangjiajiang/.cargo/registry/src/rsproxy.cn-e3de039b2554c837/http-0.2.12/src/lib.rs", Edition2018) }
   0.185994208s  INFO prepare_target{force=false package_id=http v0.2.12 target="http"}: cargo::core::compiler::fingerprint:     err: failed to read `/private/tmp/erp-domain-crate-00-target-finance-check/debug/.fingerprint/http-5bb8fbea04197b6d/lib-http`

Caused by:
    No such file or directory (os error 2)
   0.186051916s  INFO prepare_target{force=false package_id=http-body v0.4.6 target="http_body"}: cargo::core::compiler::fingerprint: fingerprint error for http-body v0.4.6/Check { test: false }/TargetInner { name_inferred: true, ..: lib_target("http_body", ["lib"], "/Users/huangjiajiang/.cargo/registry/src/rsproxy.cn-e3de039b2554c837/http-body-0.4.6/src/lib.rs", Edition2018) }
   0.186056166s  INFO prepare_target{force=false package_id=http-body v0.4.6 target="http_body"}: cargo::core::compiler::fingerprint:     err: failed to read `/private/tmp/erp-domain-crate-00-target-finance-check/debug/.fingerprint/http-body-03ed95de56231d87/lib-http_body`

Caused by:
    No such file or directory (os error 2)
   0.187163166s  INFO prepare_target{force=false package_id=num-integer v0.1.46 target="num_integer"}: cargo::core::compiler::fingerprint: fingerprint error for num-integer v0.1.46/Check { test: false }/TargetInner { name_inferred: true, ..: lib_target("num_integer", ["lib"], "/Users/huangjiajiang/.cargo/registry/src/rsproxy.cn-e3de039b2554c837/num-integer-0.1.46/src/lib.rs", Edition2018) }
   0.187167333s  INFO prepare_target{force=false package_id=num-integer v0.1.46 target="num_integer"}: cargo::core::compiler::fingerprint:     err: failed to read `/private/tmp/erp-domain-crate-00-target-finance-check/debug/.fingerprint/num-integer-7e1e6af6a645f622/lib-num_integer`

Caused by:
    No such file or directory (os error 2)
   0.187327833s  INFO prepare_target{force=false package_id=pin-utils v0.1.0 target="pin_utils"}: cargo::core::compiler::fingerprint: fingerprint error for pin-utils v0.1.0/Check { test: false }/TargetInner { name_inferred: true, ..: lib_target("pin_utils", ["lib"], "/Users/huangjiajiang/.cargo/registry/src/rsproxy.cn-e3de039b2554c837/pin-utils-0.1.0/src/lib.rs", Edition2018) }
   0.187331125s  INFO prepare_target{force=false package_id=pin-utils v0.1.0 target="pin_utils"}: cargo::core::compiler::fingerprint:     err: failed to read `/private/tmp/erp-domain-crate-00-target-finance-check/debug/.fingerprint/pin-utils-1b53b24fc5f5ff19/lib-pin_utils`

Caused by:
    No such file or directory (os error 2)
   0.187393875s  INFO prepare_target{force=false package_id=aws-runtime v1.9.1 target="aws_runtime"}: cargo::core::compiler::fingerprint: fingerprint error for aws-runtime v1.9.1/Check { test: false }/TargetInner { ..: lib_target("aws_runtime", ["lib"], "/Users/huangjiajiang/.cargo/registry/src/rsproxy.cn-e3de039b2554c837/aws-runtime-1.9.1/src/lib.rs", Edition2021) }
   0.187396625s  INFO prepare_target{force=false package_id=aws-runtime v1.9.1 target="aws_runtime"}: cargo::core::compiler::fingerprint:     err: failed to read `/private/tmp/erp-domain-crate-00-target-finance-check/debug/.fingerprint/aws-runtime-1d2c3d6e8caf0560/lib-aws_runtime`

Caused by:
    No such file or directory (os error 2)
   0.187577708s  INFO prepare_target{force=false package_id=aws-sigv4 v1.5.1 target="aws_sigv4"}: cargo::core::compiler::fingerprint: fingerprint error for aws-sigv4 v1.5.1/Check { test: false }/TargetInner { ..: lib_target("aws_sigv4", ["lib"], "/Users/huangjiajiang/.cargo/registry/src/rsproxy.cn-e3de039b2554c837/aws-sigv4-1.5.1/src/lib.rs", Edition2021) }
   0.187581208s  INFO prepare_target{force=false package_id=aws-sigv4 v1.5.1 target="aws_sigv4"}: cargo::core::compiler::fingerprint:     err: failed to read `/private/tmp/erp-domain-crate-00-target-finance-check/debug/.fingerprint/aws-sigv4-9e06ca717ec00c61/lib-aws_sigv4`

Caused by:
    No such file or directory (os error 2)
   0.187702041s  INFO prepare_target{force=false package_id=aws-smithy-eventstream v0.61.2 target="aws_smithy_eventstream"}: cargo::core::compiler::fingerprint: fingerprint error for aws-smithy-eventstream v0.61.2/Check { test: false }/TargetInner { ..: lib_target("aws_smithy_eventstream", ["lib"], "/Users/huangjiajiang/.cargo/registry/src/rsproxy.cn-e3de039b2554c837/aws-smithy-eventstream-0.61.2/src/lib.rs", Edition2021) }
   0.187705750s  INFO prepare_target{force=false package_id=aws-smithy-eventstream v0.61.2 target="aws_smithy_eventstream"}: cargo::core::compiler::fingerprint:     err: failed to read `/private/tmp/erp-domain-crate-00-target-finance-check/debug/.fingerprint/aws-smithy-eventstream-857612510ec88d6b/lib-aws_smithy_eventstream`

Caused by:
    No such file or directory (os error 2)
   0.187790708s  INFO prepare_target{force=false package_id=crc32fast v1.5.0 target="crc32fast"}: cargo::core::compiler::fingerprint: fingerprint error for crc32fast v1.5.0/Check { test: false }/TargetInner { ..: lib_target("crc32fast", ["lib"], "/Users/huangjiajiang/.cargo/registry/src/rsproxy.cn-e3de039b2554c837/crc32fast-1.5.0/src/lib.rs", Edition2021) }
   0.187793375s  INFO prepare_target{force=false package_id=crc32fast v1.5.0 target="crc32fast"}: cargo::core::compiler::fingerprint:     err: failed to read `/private/tmp/erp-domain-crate-00-target-finance-check/debug/.fingerprint/crc32fast-c6401b785cbd5d34/lib-crc32fast`

Caused by:
    No such file or directory (os error 2)
   0.187965000s  INFO prepare_target{force=false package_id=crc32fast v1.5.0 target="build-script-build"}: cargo::core::compiler::fingerprint: fingerprint error for crc32fast v1.5.0/RunCustomBuild/TargetInner { ..: custom_build_target("build-script-build", "/Users/huangjiajiang/.cargo/registry/src/rsproxy.cn-e3de039b2554c837/crc32fast-1.5.0/build.rs", Edition2021) }
   0.187968375s  INFO prepare_target{force=false package_id=crc32fast v1.5.0 target="build-script-build"}: cargo::core::compiler::fingerprint:     err: failed to read `/private/tmp/erp-domain-crate-00-target-finance-check/debug/.fingerprint/crc32fast-91d44b72e6b4ef8e/run-build-script-build-script-build`

Caused by:
    No such file or directory (os error 2)
   0.188006625s  INFO prepare_target{force=false package_id=crc32fast v1.5.0 target="build-script-build"}: cargo::core::compiler::fingerprint: fingerprint error for crc32fast v1.5.0/Build/TargetInner { ..: custom_build_target("build-script-build", "/Users/huangjiajiang/.cargo/registry/src/rsproxy.cn-e3de039b2554c837/crc32fast-1.5.0/build.rs", Edition2021) }
   0.188009666s  INFO prepare_target{force=false package_id=crc32fast v1.5.0 target="build-script-build"}: cargo::core::compiler::fingerprint:     err: failed to read `/private/tmp/erp-domain-crate-00-target-finance-check/debug/.fingerprint/crc32fast-2b18a07a49499903/build-script-build-script-build`

Caused by:
    No such file or directory (os error 2)
   0.188060458s  INFO prepare_target{force=false package_id=aws-smithy-http v0.64.0 target="aws_smithy_http"}: cargo::core::compiler::fingerprint: fingerprint error for aws-smithy-http v0.64.0/Check { test: false }/TargetInner { ..: lib_target("aws_smithy_http", ["lib"], "/Users/huangjiajiang/.cargo/registry/src/rsproxy.cn-e3de039b2554c837/aws-smithy-http-0.64.0/src/lib.rs", Edition2021) }
   0.188063708s  INFO prepare_target{force=false package_id=aws-smithy-http v0.64.0 target="aws_smithy_http"}: cargo::core::compiler::fingerprint:     err: failed to read `/private/tmp/erp-domain-crate-00-target-finance-check/debug/.fingerprint/aws-smithy-http-0933b6792a7e21a8/lib-aws_smithy_http`

Caused by:
    No such file or directory (os error 2)
   0.188158458s  INFO prepare_target{force=false package_id=crypto-bigint v0.5.5 target="crypto_bigint"}: cargo::core::compiler::fingerprint: fingerprint error for crypto-bigint v0.5.5/Check { test: false }/TargetInner { name_inferred: true, ..: lib_target("crypto_bigint", ["lib"], "/Users/huangjiajiang/.cargo/registry/src/rsproxy.cn-e3de039b2554c837/crypto-bigint-0.5.5/src/lib.rs", Edition2021) }
   0.188161708s  INFO prepare_target{force=false package_id=crypto-bigint v0.5.5 target="crypto_bigint"}: cargo::core::compiler::fingerprint:     err: failed to read `/private/tmp/erp-domain-crate-00-target-finance-check/debug/.fingerprint/crypto-bigint-e699d2ddd8a73b9c/lib-crypto_bigint`

Caused by:
    No such file or directory (os error 2)
   0.188221166s  INFO prepare_target{force=false package_id=p256 v0.13.2 target="p256"}: cargo::core::compiler::fingerprint: fingerprint error for p256 v0.13.2/Check { test: false }/TargetInner { name_inferred: true, ..: lib_target("p256", ["lib"], "/Users/huangjiajiang/.cargo/registry/src/rsproxy.cn-e3de039b2554c837/p256-0.13.2/src/lib.rs", Edition2021) }
   0.188223875s  INFO prepare_target{force=false package_id=p256 v0.13.2 target="p256"}: cargo::core::compiler::fingerprint:     err: failed to read `/private/tmp/erp-domain-crate-00-target-finance-check/debug/.fingerprint/p256-b1e9b30d1b4d1fe3/lib-p256`

Caused by:
    No such file or directory (os error 2)
   0.188288833s  INFO prepare_target{force=false package_id=ecdsa v0.16.9 target="ecdsa"}: cargo::core::compiler::fingerprint: fingerprint error for ecdsa v0.16.9/Check { test: false }/TargetInner { name_inferred: true, ..: lib_target("ecdsa", ["lib"], "/Users/huangjiajiang/.cargo/registry/src/rsproxy.cn-e3de039b2554c837/ecdsa-0.16.9/src/lib.rs", Edition2021) }
   0.188292041s  INFO prepare_target{force=false package_id=ecdsa v0.16.9 target="ecdsa"}: cargo::core::compiler::fingerprint:     err: failed to read `/private/tmp/erp-domain-crate-00-target-finance-check/debug/.fingerprint/ecdsa-7362bedbf230d41a/lib-ecdsa`

Caused by:
    No such file or directory (os error 2)
   0.188357208s  INFO prepare_target{force=false package_id=der v0.7.10 target="der"}: cargo::core::compiler::fingerprint: fingerprint error for der v0.7.10/Check { test: false }/TargetInner { ..: lib_target("der", ["lib"], "/Users/huangjiajiang/.cargo/registry/src/rsproxy.cn-e3de039b2554c837/der-0.7.10/src/lib.rs", Edition2021) }
   0.188359791s  INFO prepare_target{force=false package_id=der v0.7.10 target="der"}: cargo::core::compiler::fingerprint:     err: failed to read `/private/tmp/erp-domain-crate-00-target-finance-check/debug/.fingerprint/der-e3d8f9325829ffcc/lib-der`

Caused by:
    No such file or directory (os error 2)
   0.188415000s  INFO prepare_target{force=false package_id=pem-rfc7468 v0.7.0 target="pem_rfc7468"}: cargo::core::compiler::fingerprint: fingerprint error for pem-rfc7468 v0.7.0/Check { test: false }/TargetInner { name_inferred: true, ..: lib_target("pem_rfc7468", ["lib"], "/Users/huangjiajiang/.cargo/registry/src/rsproxy.cn-e3de039b2554c837/pem-rfc7468-0.7.0/src/lib.rs", Edition2021) }
   0.188417875s  INFO prepare_target{force=false package_id=pem-rfc7468 v0.7.0 target="pem_rfc7468"}: cargo::core::compiler::fingerprint:     err: failed to read `/private/tmp/erp-domain-crate-00-target-finance-check/debug/.fingerprint/pem-rfc7468-1e0432ec8fc79082/lib-pem_rfc7468`

Caused by:
    No such file or directory (os error 2)
   0.188475458s  INFO prepare_target{force=false package_id=elliptic-curve v0.13.8 target="elliptic_curve"}: cargo::core::compiler::fingerprint: fingerprint error for elliptic-curve v0.13.8/Check { test: false }/TargetInner { name_inferred: true, ..: lib_target("elliptic_curve", ["lib"], "/Users/huangjiajiang/.cargo/registry/src/rsproxy.cn-e3de039b2554c837/elliptic-curve-0.13.8/src/lib.rs", Edition2021) }
   0.188478708s  INFO prepare_target{force=false package_id=elliptic-curve v0.13.8 target="elliptic_curve"}: cargo::core::compiler::fingerprint:     err: failed to read `/private/tmp/erp-domain-crate-00-target-finance-check/debug/.fingerprint/elliptic-curve-42b0a97113ac97a9/lib-elliptic_curve`

Caused by:
    No such file or directory (os error 2)
   0.188555750s  INFO prepare_target{force=false package_id=base16ct v0.2.0 target="base16ct"}: cargo::core::compiler::fingerprint: fingerprint error for base16ct v0.2.0/Check { test: false }/TargetInner { name_inferred: true, ..: lib_target("base16ct", ["lib"], "/Users/huangjiajiang/.cargo/registry/src/rsproxy.cn-e3de039b2554c837/base16ct-0.2.0/src/lib.rs", Edition2021) }
   0.188558833s  INFO prepare_target{force=false package_id=base16ct v0.2.0 target="base16ct"}: cargo::core::compiler::fingerprint:     err: failed to read `/private/tmp/erp-domain-crate-00-target-finance-check/debug/.fingerprint/base16ct-eddcea975b51ff63/lib-base16ct`

Caused by:
    No such file or directory (os error 2)
   0.188621416s  INFO prepare_target{force=false package_id=ff v0.13.1 target="ff"}: cargo::core::compiler::fingerprint: fingerprint error for ff v0.13.1/Check { test: false }/TargetInner { name_inferred: true, ..: lib_target("ff", ["lib"], "/Users/huangjiajiang/.cargo/registry/src/rsproxy.cn-e3de039b2554c837/ff-0.13.1/src/lib.rs", Edition2021) }
   0.188624416s  INFO prepare_target{force=false package_id=ff v0.13.1 target="ff"}: cargo::core::compiler::fingerprint:     err: failed to read `/private/tmp/erp-domain-crate-00-target-finance-check/debug/.fingerprint/ff-c7e7fb815123527a/lib-ff`

Caused by:
    No such file or directory (os error 2)
   0.188680500s  INFO prepare_target{force=false package_id=group v0.13.0 target="group"}: cargo::core::compiler::fingerprint: fingerprint error for group v0.13.0/Check { test: false }/TargetInner { name_inferred: true, ..: lib_target("group", ["lib"], "/Users/huangjiajiang/.cargo/registry/src/rsproxy.cn-e3de039b2554c837/group-0.13.0/src/lib.rs", Edition2021) }
   0.188683500s  INFO prepare_target{force=false package_id=group v0.13.0 target="group"}: cargo::core::compiler::fingerprint:     err: failed to read `/private/tmp/erp-domain-crate-00-target-finance-check/debug/.fingerprint/group-81d7884611b11009/lib-group`

Caused by:
    No such file or directory (os error 2)
   0.188735583s  INFO prepare_target{force=false package_id=pkcs8 v0.10.2 target="pkcs8"}: cargo::core::compiler::fingerprint: fingerprint error for pkcs8 v0.10.2/Check { test: false }/TargetInner { name_inferred: true, ..: lib_target("pkcs8", ["lib"], "/Users/huangjiajiang/.cargo/registry/src/rsproxy.cn-e3de039b2554c837/pkcs8-0.10.2/src/lib.rs", Edition2021) }
   0.188738500s  INFO prepare_target{force=false package_id=pkcs8 v0.10.2 target="pkcs8"}: cargo::core::compiler::fingerprint:     err: failed to read `/private/tmp/erp-domain-crate-00-target-finance-check/debug/.fingerprint/pkcs8-2e5140d4876f8ddd/lib-pkcs8`

Caused by:
    No such file or directory (os error 2)
   0.188796500s  INFO prepare_target{force=false package_id=spki v0.7.3 target="spki"}: cargo::core::compiler::fingerprint: fingerprint error for spki v0.7.3/Check { test: false }/TargetInner { name_inferred: true, ..: lib_target("spki", ["lib"], "/Users/huangjiajiang/.cargo/registry/src/rsproxy.cn-e3de039b2554c837/spki-0.7.3/src/lib.rs", Edition2021) }
   0.188799166s  INFO prepare_target{force=false package_id=spki v0.7.3 target="spki"}: cargo::core::compiler::fingerprint:     err: failed to read `/private/tmp/erp-domain-crate-00-target-finance-check/debug/.fingerprint/spki-9b821d3c90275070/lib-spki`

Caused by:
    No such file or directory (os error 2)
   0.188852125s  INFO prepare_target{force=false package_id=sec1 v0.7.3 target="sec1"}: cargo::core::compiler::fingerprint: fingerprint error for sec1 v0.7.3/Check { test: false }/TargetInner { name_inferred: true, ..: lib_target("sec1", ["lib"], "/Users/huangjiajiang/.cargo/registry/src/rsproxy.cn-e3de039b2554c837/sec1-0.7.3/src/lib.rs", Edition2021) }
   0.188855208s  INFO prepare_target{force=false package_id=sec1 v0.7.3 target="sec1"}: cargo::core::compiler::fingerprint:     err: failed to read `/private/tmp/erp-domain-crate-00-target-finance-check/debug/.fingerprint/sec1-8460b3b806adeba4/lib-sec1`

Caused by:
    No such file or directory (os error 2)
   0.188910583s  INFO prepare_target{force=false package_id=rfc6979 v0.4.0 target="rfc6979"}: cargo::core::compiler::fingerprint: fingerprint error for rfc6979 v0.4.0/Check { test: false }/TargetInner { name_inferred: true, ..: lib_target("rfc6979", ["lib"], "/Users/huangjiajiang/.cargo/registry/src/rsproxy.cn-e3de039b2554c837/rfc6979-0.4.0/src/lib.rs", Edition2021) }
   0.188913333s  INFO prepare_target{force=false package_id=rfc6979 v0.4.0 target="rfc6979"}: cargo::core::compiler::fingerprint:     err: failed to read `/private/tmp/erp-domain-crate-00-target-finance-check/debug/.fingerprint/rfc6979-ff4d6a1deab244f1/lib-rfc6979`

Caused by:
    No such file or directory (os error 2)
   0.188969083s  INFO prepare_target{force=false package_id=signature v2.2.0 target="signature"}: cargo::core::compiler::fingerprint: fingerprint error for signature v2.2.0/Check { test: false }/TargetInner { name_inferred: true, ..: lib_target("signature", ["lib"], "/Users/huangjiajiang/.cargo/registry/src/rsproxy.cn-e3de039b2554c837/signature-2.2.0/src/lib.rs", Edition2021) }
   0.188972208s  INFO prepare_target{force=false package_id=signature v2.2.0 target="signature"}: cargo::core::compiler::fingerprint:     err: failed to read `/private/tmp/erp-domain-crate-00-target-finance-check/debug/.fingerprint/signature-ceec1827dd549ab0/lib-signature`

Caused by:
    No such file or directory (os error 2)
   0.189035916s  INFO prepare_target{force=false package_id=primeorder v0.13.6 target="primeorder"}: cargo::core::compiler::fingerprint: fingerprint error for primeorder v0.13.6/Check { test: false }/TargetInner { name_inferred: true, ..: lib_target("primeorder", ["lib"], "/Users/huangjiajiang/.cargo/registry/src/rsproxy.cn-e3de039b2554c837/primeorder-0.13.6/src/lib.rs", Edition2021) }
   0.189039208s  INFO prepare_target{force=false package_id=primeorder v0.13.6 target="primeorder"}: cargo::core::compiler::fingerprint:     err: failed to read `/private/tmp/erp-domain-crate-00-target-finance-check/debug/.fingerprint/primeorder-6191575c6f1abac8/lib-primeorder`

Caused by:
    No such file or directory (os error 2)
   0.189108458s  INFO prepare_target{force=false package_id=aws-smithy-runtime v1.14.0 target="aws_smithy_runtime"}: cargo::core::compiler::fingerprint: fingerprint error for aws-smithy-runtime v1.14.0/Check { test: false }/TargetInner { ..: lib_target("aws_smithy_runtime", ["lib"], "/Users/huangjiajiang/.cargo/registry/src/rsproxy.cn-e3de039b2554c837/aws-smithy-runtime-1.14.0/src/lib.rs", Edition2021) }
   0.189111708s  INFO prepare_target{force=false package_id=aws-smithy-runtime v1.14.0 target="aws_smithy_runtime"}: cargo::core::compiler::fingerprint:     err: failed to read `/private/tmp/erp-domain-crate-00-target-finance-check/debug/.fingerprint/aws-smithy-runtime-e7867f3f69d9304e/lib-aws_smithy_runtime`

Caused by:
    No such file or directory (os error 2)
   0.189263750s  INFO prepare_target{force=false package_id=aws-smithy-http-client v1.4.0 target="aws_smithy_http_client"}: cargo::core::compiler::fingerprint: fingerprint error for aws-smithy-http-client v1.4.0/Check { test: false }/TargetInner { ..: lib_target("aws_smithy_http_client", ["lib"], "/Users/huangjiajiang/.cargo/registry/src/rsproxy.cn-e3de039b2554c837/aws-smithy-http-client-1.4.0/src/lib.rs", Edition2021) }
   0.189267083s  INFO prepare_target{force=false package_id=aws-smithy-http-client v1.4.0 target="aws_smithy_http_client"}: cargo::core::compiler::fingerprint:     err: failed to read `/private/tmp/erp-domain-crate-00-target-finance-check/debug/.fingerprint/aws-smithy-http-client-6fbaa40e6443dcda/lib-aws_smithy_http_client`

Caused by:
    No such file or directory (os error 2)
   0.189388916s  INFO prepare_target{force=false package_id=h2 v0.3.27 target="h2"}: cargo::core::compiler::fingerprint: fingerprint error for h2 v0.3.27/Check { test: false }/TargetInner { ..: lib_target("h2", ["lib"], "/Users/huangjiajiang/.cargo/registry/src/rsproxy.cn-e3de039b2554c837/h2-0.3.27/src/lib.rs", Edition2018) }
   0.189392166s  INFO prepare_target{force=false package_id=h2 v0.3.27 target="h2"}: cargo::core::compiler::fingerprint:     err: failed to read `/private/tmp/erp-domain-crate-00-target-finance-check/debug/.fingerprint/h2-a65dc42330d4b74a/lib-h2`

Caused by:
    No such file or directory (os error 2)
   0.189466833s  INFO prepare_target{force=false package_id=hyper v0.14.32 target="hyper"}: cargo::core::compiler::fingerprint: fingerprint error for hyper v0.14.32/Check { test: false }/TargetInner { ..: lib_target("hyper", ["lib"], "/Users/huangjiajiang/.cargo/registry/src/rsproxy.cn-e3de039b2554c837/hyper-0.14.32/src/lib.rs", Edition2018) }
   0.189470166s  INFO prepare_target{force=false package_id=hyper v0.14.32 target="hyper"}: cargo::core::compiler::fingerprint:     err: failed to read `/private/tmp/erp-domain-crate-00-target-finance-check/debug/.fingerprint/hyper-4a0959b006ccb08c/lib-hyper`

Caused by:
    No such file or directory (os error 2)
   0.189561250s  INFO prepare_target{force=false package_id=socket2 v0.5.10 target="socket2"}: cargo::core::compiler::fingerprint: fingerprint error for socket2 v0.5.10/Check { test: false }/TargetInner { ..: lib_target("socket2", ["lib"], "/Users/huangjiajiang/.cargo/registry/src/rsproxy.cn-e3de039b2554c837/socket2-0.5.10/src/lib.rs", Edition2021) }
   0.189563791s  INFO prepare_target{force=false package_id=socket2 v0.5.10 target="socket2"}: cargo::core::compiler::fingerprint:     err: failed to read `/private/tmp/erp-domain-crate-00-target-finance-check/debug/.fingerprint/socket2-836e4001c1380d0c/lib-socket2`

Caused by:
    No such file or directory (os error 2)
   0.189622875s  INFO prepare_target{force=false package_id=hyper-rustls v0.24.2 target="hyper_rustls"}: cargo::core::compiler::fingerprint: fingerprint error for hyper-rustls v0.24.2/Check { test: false }/TargetInner { name_inferred: true, ..: lib_target("hyper_rustls", ["lib"], "/Users/huangjiajiang/.cargo/registry/src/rsproxy.cn-e3de039b2554c837/hyper-rustls-0.24.2/src/lib.rs", Edition2021) }
   0.189626291s  INFO prepare_target{force=false package_id=hyper-rustls v0.24.2 target="hyper_rustls"}: cargo::core::compiler::fingerprint:     err: failed to read `/private/tmp/erp-domain-crate-00-target-finance-check/debug/.fingerprint/hyper-rustls-632134ec6a80f9d7/lib-hyper_rustls`

Caused by:
    No such file or directory (os error 2)
   0.189721541s  INFO prepare_target{force=false package_id=rustls v0.21.12 target="rustls"}: cargo::core::compiler::fingerprint: fingerprint error for rustls v0.21.12/Check { test: false }/TargetInner { name_inferred: true, ..: lib_target("rustls", ["lib"], "/Users/huangjiajiang/.cargo/registry/src/rsproxy.cn-e3de039b2554c837/rustls-0.21.12/src/lib.rs", Edition2021) }
   0.189724375s  INFO prepare_target{force=false package_id=rustls v0.21.12 target="rustls"}: cargo::core::compiler::fingerprint:     err: failed to read `/private/tmp/erp-domain-crate-00-target-finance-check/debug/.fingerprint/rustls-957b060749ac9dcd/lib-rustls`

Caused by:
    No such file or directory (os error 2)
   0.189931250s  INFO prepare_target{force=false package_id=rustls v0.21.12 target="build-script-build"}: cargo::core::compiler::fingerprint: fingerprint error for rustls v0.21.12/RunCustomBuild/TargetInner { ..: custom_build_target("build-script-build", "/Users/huangjiajiang/.cargo/registry/src/rsproxy.cn-e3de039b2554c837/rustls-0.21.12/build.rs", Edition2021) }
   0.189934583s  INFO prepare_target{force=false package_id=rustls v0.21.12 target="build-script-build"}: cargo::core::compiler::fingerprint:     err: failed to read `/private/tmp/erp-domain-crate-00-target-finance-check/debug/.fingerprint/rustls-98998cee929ec6cc/run-build-script-build-script-build`

Caused by:
    No such file or directory (os error 2)
   0.189980958s  INFO prepare_target{force=false package_id=rustls v0.21.12 target="build-script-build"}: cargo::core::compiler::fingerprint: fingerprint error for rustls v0.21.12/Build/TargetInner { ..: custom_build_target("build-script-build", "/Users/huangjiajiang/.cargo/registry/src/rsproxy.cn-e3de039b2554c837/rustls-0.21.12/build.rs", Edition2021) }
   0.189983833s  INFO prepare_target{force=false package_id=rustls v0.21.12 target="build-script-build"}: cargo::core::compiler::fingerprint:     err: failed to read `/private/tmp/erp-domain-crate-00-target-finance-check/debug/.fingerprint/rustls-287272eb9f497036/build-script-build-script-build`

Caused by:
    No such file or directory (os error 2)
   0.190049750s  INFO prepare_target{force=false package_id=rustls-webpki v0.101.7 target="webpki"}: cargo::core::compiler::fingerprint: fingerprint error for rustls-webpki v0.101.7/Check { test: false }/TargetInner { ..: lib_target("webpki", ["lib"], "/Users/huangjiajiang/.cargo/registry/src/rsproxy.cn-e3de039b2554c837/rustls-webpki-0.101.7/src/lib.rs", Edition2021) }
   0.190053500s  INFO prepare_target{force=false package_id=rustls-webpki v0.101.7 target="webpki"}: cargo::core::compiler::fingerprint:     err: failed to read `/private/tmp/erp-domain-crate-00-target-finance-check/debug/.fingerprint/rustls-webpki-88792718ea83e17e/lib-webpki`

Caused by:
    No such file or directory (os error 2)
   0.190110291s  INFO prepare_target{force=false package_id=sct v0.7.1 target="sct"}: cargo::core::compiler::fingerprint: fingerprint error for sct v0.7.1/Check { test: false }/TargetInner { name_inferred: true, ..: lib_target("sct", ["lib"], "/Users/huangjiajiang/.cargo/registry/src/rsproxy.cn-e3de039b2554c837/sct-0.7.1/src/lib.rs", Edition2021) }
   0.190115291s  INFO prepare_target{force=false package_id=sct v0.7.1 target="sct"}: cargo::core::compiler::fingerprint:     err: failed to read `/private/tmp/erp-domain-crate-00-target-finance-check/debug/.fingerprint/sct-5d254221ac5ba67a/lib-sct`

Caused by:
    No such file or directory (os error 2)
   0.190164916s  INFO prepare_target{force=false package_id=tokio-rustls v0.24.1 target="tokio_rustls"}: cargo::core::compiler::fingerprint: fingerprint error for tokio-rustls v0.24.1/Check { test: false }/TargetInner { name_inferred: true, ..: lib_target("tokio_rustls", ["lib"], "/Users/huangjiajiang/.cargo/registry/src/rsproxy.cn-e3de039b2554c837/tokio-rustls-0.24.1/src/lib.rs", Edition2018) }
   0.190168000s  INFO prepare_target{force=false package_id=tokio-rustls v0.24.1 target="tokio_rustls"}: cargo::core::compiler::fingerprint:     err: failed to read `/private/tmp/erp-domain-crate-00-target-finance-check/debug/.fingerprint/tokio-rustls-7d0ed3f889248872/lib-tokio_rustls`

Caused by:
    No such file or directory (os error 2)
   0.190231041s  INFO prepare_target{force=false package_id=hyper-rustls v0.27.9 target="hyper_rustls"}: cargo::core::compiler::fingerprint: fingerprint error for hyper-rustls v0.27.9/Check { test: false }/TargetInner { ..: lib_target("hyper_rustls", ["lib"], "/Users/huangjiajiang/.cargo/registry/src/rsproxy.cn-e3de039b2554c837/hyper-rustls-0.27.9/src/lib.rs", Edition2021) }
   0.190234125s  INFO prepare_target{force=false package_id=hyper-rustls v0.27.9 target="hyper_rustls"}: cargo::core::compiler::fingerprint:     err: failed to read `/private/tmp/erp-domain-crate-00-target-finance-check/debug/.fingerprint/hyper-rustls-c57d8af6a7b42645/lib-hyper_rustls`

Caused by:
    No such file or directory (os error 2)
   0.190341416s  INFO prepare_target{force=false package_id=aws-smithy-observability v0.3.0 target="aws_smithy_observability"}: cargo::core::compiler::fingerprint: fingerprint error for aws-smithy-observability v0.3.0/Check { test: false }/TargetInner { ..: lib_target("aws_smithy_observability", ["lib"], "/Users/huangjiajiang/.cargo/registry/src/rsproxy.cn-e3de039b2554c837/aws-smithy-observability-0.3.0/src/lib.rs", Edition2021) }
   0.190344708s  INFO prepare_target{force=false package_id=aws-smithy-observability v0.3.0 target="aws_smithy_observability"}: cargo::core::compiler::fingerprint:     err: failed to read `/private/tmp/erp-domain-crate-00-target-finance-check/debug/.fingerprint/aws-smithy-observability-0d89f940d4b8dce7/lib-aws_smithy_observability`

Caused by:
    No such file or directory (os error 2)
   0.190438291s  INFO prepare_target{force=false package_id=aws-smithy-schema v0.2.0 target="aws_smithy_schema"}: cargo::core::compiler::fingerprint: fingerprint error for aws-smithy-schema v0.2.0/Check { test: false }/TargetInner { ..: lib_target("aws_smithy_schema", ["lib"], "/Users/huangjiajiang/.cargo/registry/src/rsproxy.cn-e3de039b2554c837/aws-smithy-schema-0.2.0/src/lib.rs", Edition2021) }
   0.190441541s  INFO prepare_target{force=false package_id=aws-smithy-schema v0.2.0 target="aws_smithy_schema"}: cargo::core::compiler::fingerprint:     err: failed to read `/private/tmp/erp-domain-crate-00-target-finance-check/debug/.fingerprint/aws-smithy-schema-479dd21cd8a33345/lib-aws_smithy_schema`

Caused by:
    No such file or directory (os error 2)
   0.190524666s  INFO prepare_target{force=false package_id=fastrand v2.4.1 target="fastrand"}: cargo::core::compiler::fingerprint: fingerprint error for fastrand v2.4.1/Check { test: false }/TargetInner { ..: lib_target("fastrand", ["lib"], "/Users/huangjiajiang/.cargo/registry/src/rsproxy.cn-e3de039b2554c837/fastrand-2.4.1/src/lib.rs", Edition2018) }
   0.190527708s  INFO prepare_target{force=false package_id=fastrand v2.4.1 target="fastrand"}: cargo::core::compiler::fingerprint:     err: failed to read `/private/tmp/erp-domain-crate-00-target-finance-check/debug/.fingerprint/fastrand-4ea70df16a680bc9/lib-fastrand`

Caused by:
    No such file or directory (os error 2)
   0.190588583s  INFO prepare_target{force=false package_id=aws-types v1.5.0 target="aws_types"}: cargo::core::compiler::fingerprint: fingerprint error for aws-types v1.5.0/Check { test: false }/TargetInner { ..: lib_target("aws_types", ["lib"], "/Users/huangjiajiang/.cargo/registry/src/rsproxy.cn-e3de039b2554c837/aws-types-1.5.0/src/lib.rs", Edition2021) }
   0.190591666s  INFO prepare_target{force=false package_id=aws-types v1.5.0 target="aws_types"}: cargo::core::compiler::fingerprint:     err: failed to read `/private/tmp/erp-domain-crate-00-target-finance-check/debug/.fingerprint/aws-types-b45d0b966893ce28/lib-aws_types`

Caused by:
    No such file or directory (os error 2)
   0.190803583s  INFO prepare_target{force=false package_id=aws-types v1.5.0 target="build-script-build"}: cargo::core::compiler::fingerprint: fingerprint error for aws-types v1.5.0/RunCustomBuild/TargetInner { ..: custom_build_target("build-script-build", "/Users/huangjiajiang/.cargo/registry/src/rsproxy.cn-e3de039b2554c837/aws-types-1.5.0/build.rs", Edition2021) }
   0.190806500s  INFO prepare_target{force=false package_id=aws-types v1.5.0 target="build-script-build"}: cargo::core::compiler::fingerprint:     err: failed to read `/private/tmp/erp-domain-crate-00-target-finance-check/debug/.fingerprint/aws-types-127a03d6c8e90d1d/run-build-script-build-script-build`

Caused by:
    No such file or directory (os error 2)
   0.190847833s  INFO prepare_target{force=false package_id=aws-types v1.5.0 target="build-script-build"}: cargo::core::compiler::fingerprint: fingerprint error for aws-types v1.5.0/Build/TargetInner { ..: custom_build_target("build-script-build", "/Users/huangjiajiang/.cargo/registry/src/rsproxy.cn-e3de039b2554c837/aws-types-1.5.0/build.rs", Edition2021) }
   0.190850583s  INFO prepare_target{force=false package_id=aws-types v1.5.0 target="build-script-build"}: cargo::core::compiler::fingerprint:     err: failed to read `/private/tmp/erp-domain-crate-00-target-finance-check/debug/.fingerprint/aws-types-048337a7ad97a6fc/build-script-build-script-build`

Caused by:
    No such file or directory (os error 2)
   0.190919916s  INFO prepare_target{force=false package_id=aws-smithy-checksums v0.65.0 target="aws_smithy_checksums"}: cargo::core::compiler::fingerprint: fingerprint error for aws-smithy-checksums v0.65.0/Check { test: false }/TargetInner { ..: lib_target("aws_smithy_checksums", ["lib"], "/Users/huangjiajiang/.cargo/registry/src/rsproxy.cn-e3de039b2554c837/aws-smithy-checksums-0.65.0/src/lib.rs", Edition2021) }
   0.190922666s  INFO prepare_target{force=false package_id=aws-smithy-checksums v0.65.0 target="aws_smithy_checksums"}: cargo::core::compiler::fingerprint:     err: failed to read `/private/tmp/erp-domain-crate-00-target-finance-check/debug/.fingerprint/aws-smithy-checksums-bd976c795ef14b06/lib-aws_smithy_checksums`

Caused by:
    No such file or directory (os error 2)
   0.191034541s  INFO prepare_target{force=false package_id=crc-fast v1.10.0 target="crc_fast"}: cargo::core::compiler::fingerprint: fingerprint error for crc-fast v1.10.0/Check { test: false }/TargetInner { ..: lib_target("crc_fast", ["lib", "cdylib", "staticlib"], "/Users/huangjiajiang/.cargo/registry/src/rsproxy.cn-e3de039b2554c837/crc-fast-1.10.0/src/lib.rs", Edition2021) }
   0.191037958s  INFO prepare_target{force=false package_id=crc-fast v1.10.0 target="crc_fast"}: cargo::core::compiler::fingerprint:     err: failed to read `/private/tmp/erp-domain-crate-00-target-finance-check/debug/.fingerprint/crc-fast-65222dd251d2a730/lib-crc_fast`

Caused by:
    No such file or directory (os error 2)
   0.191099875s  INFO prepare_target{force=false package_id=spin v0.10.1 target="spin"}: cargo::core::compiler::fingerprint: fingerprint error for spin v0.10.1/Check { test: false }/TargetInner { ..: lib_target("spin", ["lib"], "/Users/huangjiajiang/.cargo/registry/src/rsproxy.cn-e3de039b2554c837/spin-0.10.1/src/lib.rs", Edition2015) }
   0.191103083s  INFO prepare_target{force=false package_id=spin v0.10.1 target="spin"}: cargo::core::compiler::fingerprint:     err: failed to read `/private/tmp/erp-domain-crate-00-target-finance-check/debug/.fingerprint/spin-3297d747e996e0c7/lib-spin`

Caused by:
    No such file or directory (os error 2)
   0.191176625s  INFO prepare_target{force=false package_id=aws-smithy-json v0.63.0 target="aws_smithy_json"}: cargo::core::compiler::fingerprint: fingerprint error for aws-smithy-json v0.63.0/Check { test: false }/TargetInner { ..: lib_target("aws_smithy_json", ["lib"], "/Users/huangjiajiang/.cargo/registry/src/rsproxy.cn-e3de039b2554c837/aws-smithy-json-0.63.0/src/lib.rs", Edition2021) }
   0.191179583s  INFO prepare_target{force=false package_id=aws-smithy-json v0.63.0 target="aws_smithy_json"}: cargo::core::compiler::fingerprint:     err: failed to read `/private/tmp/erp-domain-crate-00-target-finance-check/debug/.fingerprint/aws-smithy-json-d4241fe394889a2f/lib-aws_smithy_json`

Caused by:
    No such file or directory (os error 2)
   0.191272708s  INFO prepare_target{force=false package_id=aws-smithy-xml v0.62.0 target="aws_smithy_xml"}: cargo::core::compiler::fingerprint: fingerprint error for aws-smithy-xml v0.62.0/Check { test: false }/TargetInner { ..: lib_target("aws_smithy_xml", ["lib"], "/Users/huangjiajiang/.cargo/registry/src/rsproxy.cn-e3de039b2554c837/aws-smithy-xml-0.62.0/src/lib.rs", Edition2021) }
   0.191275791s  INFO prepare_target{force=false package_id=aws-smithy-xml v0.62.0 target="aws_smithy_xml"}: cargo::core::compiler::fingerprint:     err: failed to read `/private/tmp/erp-domain-crate-00-target-finance-check/debug/.fingerprint/aws-smithy-xml-08aeb0624b55eb7b/lib-aws_smithy_xml`

Caused by:
    No such file or directory (os error 2)
   0.191358916s  INFO prepare_target{force=false package_id=xmlparser v0.13.6 target="xmlparser"}: cargo::core::compiler::fingerprint: fingerprint error for xmlparser v0.13.6/Check { test: false }/TargetInner { name_inferred: true, ..: lib_target("xmlparser", ["lib"], "/Users/huangjiajiang/.cargo/registry/src/rsproxy.cn-e3de039b2554c837/xmlparser-0.13.6/src/lib.rs", Edition2018) }
   0.191361916s  INFO prepare_target{force=false package_id=xmlparser v0.13.6 target="xmlparser"}: cargo::core::compiler::fingerprint:     err: failed to read `/private/tmp/erp-domain-crate-00-target-finance-check/debug/.fingerprint/xmlparser-346a540dbcb83e79/lib-xmlparser`

Caused by:
    No such file or directory (os error 2)
   0.191420708s  INFO prepare_target{force=false package_id=lru v0.16.4 target="lru"}: cargo::core::compiler::fingerprint: fingerprint error for lru v0.16.4/Check { test: false }/TargetInner { name_inferred: true, ..: lib_target("lru", ["lib"], "/Users/huangjiajiang/.cargo/registry/src/rsproxy.cn-e3de039b2554c837/lru-0.16.4/src/lib.rs", Edition2015) }
   0.191423333s  INFO prepare_target{force=false package_id=lru v0.16.4 target="lru"}: cargo::core::compiler::fingerprint:     err: failed to read `/private/tmp/erp-domain-crate-00-target-finance-check/debug/.fingerprint/lru-5afb68a927fab520/lib-lru`

Caused by:
    No such file or directory (os error 2)
   0.191486208s  INFO prepare_target{force=false package_id=hashbrown v0.16.1 target="hashbrown"}: cargo::core::compiler::fingerprint: fingerprint error for hashbrown v0.16.1/Check { test: false }/TargetInner { ..: lib_target("hashbrown", ["lib"], "/Users/huangjiajiang/.cargo/registry/src/rsproxy.cn-e3de039b2554c837/hashbrown-0.16.1/src/lib.rs", Edition2021) }
   0.191489458s  INFO prepare_target{force=false package_id=hashbrown v0.16.1 target="hashbrown"}: cargo::core::compiler::fingerprint:     err: failed to read `/private/tmp/erp-domain-crate-00-target-finance-check/debug/.fingerprint/hashbrown-857a81f64849b00d/lib-hashbrown`

Caused by:
    No such file or directory (os error 2)
   0.191555666s  INFO prepare_target{force=false package_id=allocator-api2 v0.2.21 target="allocator_api2"}: cargo::core::compiler::fingerprint: fingerprint error for allocator-api2 v0.2.21/Check { test: false }/TargetInner { ..: lib_target("allocator_api2", ["lib"], "/Users/huangjiajiang/.cargo/registry/src/rsproxy.cn-e3de039b2554c837/allocator-api2-0.2.21/src/lib.rs", Edition2018) }
   0.191558583s  INFO prepare_target{force=false package_id=allocator-api2 v0.2.21 target="allocator_api2"}: cargo::core::compiler::fingerprint:     err: failed to read `/private/tmp/erp-domain-crate-00-target-finance-check/debug/.fingerprint/allocator-api2-b3d302bf30d6eb21/lib-allocator_api2`

Caused by:
    No such file or directory (os error 2)
   0.191619375s  INFO prepare_target{force=false package_id=foldhash v0.2.0 target="foldhash"}: cargo::core::compiler::fingerprint: fingerprint error for foldhash v0.2.0/Check { test: false }/TargetInner { benched: false, ..: lib_target("foldhash", ["lib"], "/Users/huangjiajiang/.cargo/registry/src/rsproxy.cn-e3de039b2554c837/foldhash-0.2.0/src/lib.rs", Edition2021) }
   0.191622041s  INFO prepare_target{force=false package_id=foldhash v0.2.0 target="foldhash"}: cargo::core::compiler::fingerprint:     err: failed to read `/private/tmp/erp-domain-crate-00-target-finance-check/debug/.fingerprint/foldhash-76a89c174423e414/lib-foldhash`

Caused by:
    No such file or directory (os error 2)
   0.191685958s  INFO prepare_target{force=false package_id=regex-lite v0.1.9 target="regex_lite"}: cargo::core::compiler::fingerprint: fingerprint error for regex-lite v0.1.9/Check { test: false }/TargetInner { ..: lib_target("regex_lite", ["lib"], "/Users/huangjiajiang/.cargo/registry/src/rsproxy.cn-e3de039b2554c837/regex-lite-0.1.9/src/lib.rs", Edition2021) }
   0.191688916s  INFO prepare_target{force=false package_id=regex-lite v0.1.9 target="regex_lite"}: cargo::core::compiler::fingerprint:     err: failed to read `/private/tmp/erp-domain-crate-00-target-finance-check/debug/.fingerprint/regex-lite-8665c3f2911619c8/lib-regex_lite`

Caused by:
    No such file or directory (os error 2)
   0.191760166s  INFO prepare_target{force=false package_id=tower-http v0.7.0 target="tower_http"}: cargo::core::compiler::fingerprint: fingerprint error for tower-http v0.7.0/Check { test: false }/TargetInner { ..: lib_target("tower_http", ["lib"], "/Users/huangjiajiang/.cargo/registry/src/rsproxy.cn-e3de039b2554c837/tower-http-0.7.0/src/lib.rs", Edition2018) }
   0.191763083s  INFO prepare_target{force=false package_id=tower-http v0.7.0 target="tower_http"}: cargo::core::compiler::fingerprint:     err: failed to read `/private/tmp/erp-domain-crate-00-target-finance-check/debug/.fingerprint/tower-http-2505449155fb9092/lib-tower_http`

Caused by:
    No such file or directory (os error 2)
   0.191838375s  INFO prepare_target{force=false package_id=tracing-appender v0.2.5 target="tracing_appender"}: cargo::core::compiler::fingerprint: fingerprint error for tracing-appender v0.2.5/Check { test: false }/TargetInner { ..: lib_target("tracing_appender", ["lib"], "/Users/huangjiajiang/.cargo/registry/src/rsproxy.cn-e3de039b2554c837/tracing-appender-0.2.5/src/lib.rs", Edition2018) }
   0.191841750s  INFO prepare_target{force=false package_id=tracing-appender v0.2.5 target="tracing_appender"}: cargo::core::compiler::fingerprint:     err: failed to read `/private/tmp/erp-domain-crate-00-target-finance-check/debug/.fingerprint/tracing-appender-5105c910598dec3c/lib-tracing_appender`

Caused by:
    No such file or directory (os error 2)
   0.191926541s  INFO prepare_target{force=false package_id=symlink v0.1.0 target="symlink"}: cargo::core::compiler::fingerprint: fingerprint error for symlink v0.1.0/Check { test: false }/TargetInner { name_inferred: true, ..: lib_target("symlink", ["lib"], "/Users/huangjiajiang/.cargo/registry/src/rsproxy.cn-e3de039b2554c837/symlink-0.1.0/src/lib.rs", Edition2015) }
   0.191929625s  INFO prepare_target{force=false package_id=symlink v0.1.0 target="symlink"}: cargo::core::compiler::fingerprint:     err: failed to read `/private/tmp/erp-domain-crate-00-target-finance-check/debug/.fingerprint/symlink-fb1d784db9bcc834/lib-symlink`

Caused by:
    No such file or directory (os error 2)
   0.191985416s  INFO prepare_target{force=false package_id=tracing-subscriber v0.3.23 target="tracing_subscriber"}: cargo::core::compiler::fingerprint: fingerprint error for tracing-subscriber v0.3.23/Check { test: false }/TargetInner { ..: lib_target("tracing_subscriber", ["lib"], "/Users/huangjiajiang/.cargo/registry/src/rsproxy.cn-e3de039b2554c837/tracing-subscriber-0.3.23/src/lib.rs", Edition2018) }
   0.191988375s  INFO prepare_target{force=false package_id=tracing-subscriber v0.3.23 target="tracing_subscriber"}: cargo::core::compiler::fingerprint:     err: failed to read `/private/tmp/erp-domain-crate-00-target-finance-check/debug/.fingerprint/tracing-subscriber-10a3bb76a9c56c58/lib-tracing_subscriber`

Caused by:
    No such file or directory (os error 2)
   0.192072750s  INFO prepare_target{force=false package_id=matchers v0.2.0 target="matchers"}: cargo::core::compiler::fingerprint: fingerprint error for matchers v0.2.0/Check { test: false }/TargetInner { name_inferred: true, ..: lib_target("matchers", ["lib"], "/Users/huangjiajiang/.cargo/registry/src/rsproxy.cn-e3de039b2554c837/matchers-0.2.0/src/lib.rs", Edition2018) }
   0.192075291s  INFO prepare_target{force=false package_id=matchers v0.2.0 target="matchers"}: cargo::core::compiler::fingerprint:     err: failed to read `/private/tmp/erp-domain-crate-00-target-finance-check/debug/.fingerprint/matchers-206b7df48e8056f5/lib-matchers`

Caused by:
    No such file or directory (os error 2)
   0.192136375s  INFO prepare_target{force=false package_id=nu-ansi-term v0.50.3 target="nu_ansi_term"}: cargo::core::compiler::fingerprint: fingerprint error for nu-ansi-term v0.50.3/Check { test: false }/TargetInner { ..: lib_target("nu_ansi_term", ["lib"], "/Users/huangjiajiang/.cargo/registry/src/rsproxy.cn-e3de039b2554c837/nu-ansi-term-0.50.3/src/lib.rs", Edition2021) }
   0.192139375s  INFO prepare_target{force=false package_id=nu-ansi-term v0.50.3 target="nu_ansi_term"}: cargo::core::compiler::fingerprint:     err: failed to read `/private/tmp/erp-domain-crate-00-target-finance-check/debug/.fingerprint/nu-ansi-term-240aaca66e1bcf3a/lib-nu_ansi_term`

Caused by:
    No such file or directory (os error 2)
   0.192192541s  INFO prepare_target{force=false package_id=sharded-slab v0.1.7 target="sharded_slab"}: cargo::core::compiler::fingerprint: fingerprint error for sharded-slab v0.1.7/Check { test: false }/TargetInner { name_inferred: true, ..: lib_target("sharded_slab", ["lib"], "/Users/huangjiajiang/.cargo/registry/src/rsproxy.cn-e3de039b2554c837/sharded-slab-0.1.7/src/lib.rs", Edition2018) }
   0.192195250s  INFO prepare_target{force=false package_id=sharded-slab v0.1.7 target="sharded_slab"}: cargo::core::compiler::fingerprint:     err: failed to read `/private/tmp/erp-domain-crate-00-target-finance-check/debug/.fingerprint/sharded-slab-6f3572a4511d7e5b/lib-sharded_slab`

Caused by:
    No such file or directory (os error 2)
   0.192251916s  INFO prepare_target{force=false package_id=lazy_static v1.5.0 target="lazy_static"}: cargo::core::compiler::fingerprint: fingerprint error for lazy_static v1.5.0/Check { test: false }/TargetInner { name_inferred: true, ..: lib_target("lazy_static", ["lib"], "/Users/huangjiajiang/.cargo/registry/src/rsproxy.cn-e3de039b2554c837/lazy_static-1.5.0/src/lib.rs", Edition2015) }
   0.192254791s  INFO prepare_target{force=false package_id=lazy_static v1.5.0 target="lazy_static"}: cargo::core::compiler::fingerprint:     err: failed to read `/private/tmp/erp-domain-crate-00-target-finance-check/debug/.fingerprint/lazy_static-ea6ee0cc4e9bfca5/lib-lazy_static`

Caused by:
    No such file or directory (os error 2)
   0.192312166s  INFO prepare_target{force=false package_id=thread_local v1.1.9 target="thread_local"}: cargo::core::compiler::fingerprint: fingerprint error for thread_local v1.1.9/Check { test: false }/TargetInner { ..: lib_target("thread_local", ["lib"], "/Users/huangjiajiang/.cargo/registry/src/rsproxy.cn-e3de039b2554c837/thread_local-1.1.9/src/lib.rs", Edition2021) }
   0.192315208s  INFO prepare_target{force=false package_id=thread_local v1.1.9 target="thread_local"}: cargo::core::compiler::fingerprint:     err: failed to read `/private/tmp/erp-domain-crate-00-target-finance-check/debug/.fingerprint/thread_local-b89bf4d2a9229586/lib-thread_local`

Caused by:
    No such file or directory (os error 2)
   0.192371083s  INFO prepare_target{force=false package_id=tracing-log v0.2.0 target="tracing_log"}: cargo::core::compiler::fingerprint: fingerprint error for tracing-log v0.2.0/Check { test: false }/TargetInner { name_inferred: true, ..: lib_target("tracing_log", ["lib"], "/Users/huangjiajiang/.cargo/registry/src/rsproxy.cn-e3de039b2554c837/tracing-log-0.2.0/src/lib.rs", Edition2018) }
   0.192373666s  INFO prepare_target{force=false package_id=tracing-log v0.2.0 target="tracing_log"}: cargo::core::compiler::fingerprint:     err: failed to read `/private/tmp/erp-domain-crate-00-target-finance-check/debug/.fingerprint/tracing-log-aee803e1df77882a/lib-tracing_log`

Caused by:
    No such file or directory (os error 2)
   0.192439208s  INFO prepare_target{force=false package_id=tracing-serde v0.2.0 target="tracing_serde"}: cargo::core::compiler::fingerprint: fingerprint error for tracing-serde v0.2.0/Check { test: false }/TargetInner { ..: lib_target("tracing_serde", ["lib"], "/Users/huangjiajiang/.cargo/registry/src/rsproxy.cn-e3de039b2554c837/tracing-serde-0.2.0/src/lib.rs", Edition2018) }
   0.192442166s  INFO prepare_target{force=false package_id=tracing-serde v0.2.0 target="tracing_serde"}: cargo::core::compiler::fingerprint:     err: failed to read `/private/tmp/erp-domain-crate-00-target-finance-check/debug/.fingerprint/tracing-serde-720ed1018c520498/lib-tracing_serde`

Caused by:
    No such file or directory (os error 2)
   0.192519833s  INFO prepare_target{force=false package_id=tracing-opentelemetry v0.33.0 target="tracing_opentelemetry"}: cargo::core::compiler::fingerprint: fingerprint error for tracing-opentelemetry v0.33.0/Check { test: false }/TargetInner { benched: false, ..: lib_target("tracing_opentelemetry", ["lib"], "/Users/huangjiajiang/.cargo/registry/src/rsproxy.cn-e3de039b2554c837/tracing-opentelemetry-0.33.0/src/lib.rs", Edition2021) }
   0.192523000s  INFO prepare_target{force=false package_id=tracing-opentelemetry v0.33.0 target="tracing_opentelemetry"}: cargo::core::compiler::fingerprint:     err: failed to read `/private/tmp/erp-domain-crate-00-target-finance-check/debug/.fingerprint/tracing-opentelemetry-38ba06a877ce2143/lib-tracing_opentelemetry`

Caused by:
    No such file or directory (os error 2)
   0.192733458s  INFO prepare_target{force=false package_id=web-api v0.1.0 (/private/tmp/erp-domain-crate-00-measure/backend/apps/web-api) target="build-script-build"}: cargo::core::compiler::fingerprint: fingerprint error for web-api v0.1.0 (/private/tmp/erp-domain-crate-00-measure/backend/apps/web-api)/RunCustomBuild/TargetInner { ..: custom_build_target("build-script-build", "/private/tmp/erp-domain-crate-00-measure/backend/apps/web-api/build.rs", Edition2021) }
   0.192737000s  INFO prepare_target{force=false package_id=web-api v0.1.0 (/private/tmp/erp-domain-crate-00-measure/backend/apps/web-api) target="build-script-build"}: cargo::core::compiler::fingerprint:     err: failed to read `/private/tmp/erp-domain-crate-00-target-finance-check/debug/.fingerprint/web-api-df44c2222385f808/run-build-script-build-script-build`

Caused by:
    No such file or directory (os error 2)
   0.192782125s  INFO prepare_target{force=false package_id=web-api v0.1.0 (/private/tmp/erp-domain-crate-00-measure/backend/apps/web-api) target="build-script-build"}: cargo::core::compiler::fingerprint: fingerprint error for web-api v0.1.0 (/private/tmp/erp-domain-crate-00-measure/backend/apps/web-api)/Build/TargetInner { ..: custom_build_target("build-script-build", "/private/tmp/erp-domain-crate-00-measure/backend/apps/web-api/build.rs", Edition2021) }
   0.192785416s  INFO prepare_target{force=false package_id=web-api v0.1.0 (/private/tmp/erp-domain-crate-00-measure/backend/apps/web-api) target="build-script-build"}: cargo::core::compiler::fingerprint:     err: failed to read `/private/tmp/erp-domain-crate-00-target-finance-check/debug/.fingerprint/web-api-1a65c027b0e99468/build-script-build-script-build`

Caused by:
    No such file or directory (os error 2)
   0.192867583s  INFO prepare_target{force=false package_id=web-api v0.1.0 (/private/tmp/erp-domain-crate-00-measure/backend/apps/web-api) target="web-api"}: cargo::core::compiler::fingerprint: fingerprint error for web-api v0.1.0 (/private/tmp/erp-domain-crate-00-measure/backend/apps/web-api)/Check { test: false }/TargetInner { name: "web-api", doc: true, ..: with_path("/private/tmp/erp-domain-crate-00-measure/backend/apps/web-api/src/main.rs", Edition2021) }
   0.192871541s  INFO prepare_target{force=false package_id=web-api v0.1.0 (/private/tmp/erp-domain-crate-00-measure/backend/apps/web-api) target="web-api"}: cargo::core::compiler::fingerprint:     err: failed to read `/private/tmp/erp-domain-crate-00-target-finance-check/debug/.fingerprint/web-api-b7eb61a4b08b5996/bin-web-api`

Caused by:
    No such file or directory (os error 2)
   Compiling proc-macro2 v1.0.107
   Compiling quote v1.0.47
   Compiling unicode-ident v1.0.24
   Compiling libc v0.2.186
    Checking cfg-if v1.0.4
    Checking pin-project-lite v0.2.17
   Compiling serde_core v1.0.229
   Compiling portable-atomic v1.13.1
    Checking memchr v2.8.0
    Checking bytes v1.11.1
    Checking critical-section v1.2.0
    Checking itoa v1.0.18
    Checking futures-core v0.3.34
    Checking zeroize v1.8.2
   Compiling serde v1.0.229
   Compiling version_check v0.9.5
    Checking futures-sink v0.3.34
    Checking log v0.4.29
    Checking slab v0.4.12
    Checking futures-channel v0.3.34
    Checking futures-io v0.3.34
    Checking futures-task v0.3.34
    Checking typenum v1.20.0
    Checking subtle v2.6.1
   Compiling autocfg v1.5.0
    Checking equivalent v1.0.2
   Compiling getrandom v0.4.2
    Checking rand_core v0.10.1
    Checking http v1.4.0
   Compiling shlex v1.3.0
   Compiling find-msvc-tools v0.1.9
    Checking fnv v1.0.7
    Checking percent-encoding v2.3.2
   Compiling num-traits v0.2.19
    Checking hashbrown v0.17.1
    Checking core-foundation-sys v0.8.7
   Compiling generic-array v0.14.7
    Checking stable_deref_trait v1.2.1
    Checking http-body v1.0.1
    Checking ryu v1.0.23
    Checking http-body-util v0.1.3
    Checking hybrid-array v0.4.14
    Checking powerfmt v0.2.0
    Checking indexmap v2.14.0
   Compiling fs_extra v1.3.0
   Compiling num-conv v0.2.1
   Compiling pkg-config v0.3.33
    Checking const-oid v0.9.6
   Compiling dunce v1.0.5
    Checking either v1.15.0
    Checking untrusted v0.9.0
   Compiling time-core v0.1.8
    Checking bitflags v2.11.1
    Checking deranged v0.5.8
   Compiling syn v2.0.117
   Compiling syn v3.0.4
   Compiling time-macros v0.2.27
    Checking form_urlencoded v1.2.2
   Compiling crunchy v0.2.4
   Compiling once_cell v1.21.4
   Compiling tiny-keccak v2.0.2
   Compiling jobserver v0.1.35
    Checking errno v0.3.14
    Checking mio v1.2.0
    Checking signal-hook-registry v1.4.8
    Checking socket2 v0.6.3
    Checking getrandom v0.2.17
    Checking tracing-core v0.1.36
   Compiling cc v1.2.62
    Checking time v0.3.47
    Checking crypto-common v0.2.2
   Compiling httparse v1.10.1
   Compiling aws-lc-rs v1.17.3
    Checking tower-service v0.3.3
    Checking base64 v0.22.1
    Checking rustls-pki-types v1.14.1
    Checking cmov v0.5.4
    Checking block-buffer v0.10.4
    Checking crypto-common v0.1.7
    Checking writeable v0.6.3
   Compiling getrandom v0.3.4
    Checking litemap v0.8.2
   Compiling zerocopy v0.8.48
    Checking digest v0.10.7
    Checking ctutils v0.4.2
   Compiling const-random-macro v0.1.16
   Compiling cmake v0.1.58
    Checking block-buffer v0.12.1
    Checking http v0.2.12
   Compiling zmij v1.0.21
   Compiling icu_properties_data v2.2.0
   Compiling thiserror v2.0.20
   Compiling icu_normalizer_data v2.2.0
    Checking try-lock v0.2.5
    Checking utf8_iter v1.0.4
    Checking want v0.3.1
    Checking httpdate v1.0.3
   Compiling serde_json v1.0.151
   Compiling rustls v0.23.40
   Compiling ring v0.17.14
   Compiling aws-lc-sys v0.43.0
    Checking http-body v0.4.6
    Checking atomic-waker v1.1.2
    Checking base64ct v1.8.3
    Checking rand_core v0.6.4
   Compiling synstructure v0.13.2
    Checking vsimd v0.8.0
    Checking tower-layer v0.3.3
   Compiling ident_case v1.0.1
    Checking outref v0.5.2
   Compiling strsim v0.11.1
    Checking num-integer v0.1.46
    Checking base64-simd v0.8.0
    Checking cpufeatures v0.3.0
    Checking bytes-utils v0.1.4
    Checking sync_wrapper v1.0.2
    Checking pin-utils v0.1.0
   Compiling serde_derive v1.0.229
   Compiling futures-macro v0.3.34
   Compiling thiserror-impl v2.0.20
    Checking const-oid v0.10.2
    Checking core-foundation v0.10.1
    Checking security-framework-sys v2.17.0
   Compiling ahash v0.8.12
    Checking digest v0.11.3
   Compiling async-trait v0.1.92
    Checking security-framework v3.7.0
    Checking const-random v0.1.18
    Checking futures-util v0.3.34
   Compiling semver v1.0.28
   Compiling crossbeam-utils v0.8.21
   Compiling tokio-macros v2.7.0
   Compiling tracing-attributes v0.1.31
   Compiling zerofrom-derive v0.1.7
   Compiling yoke-derive v0.8.2
   Compiling zerovec-derive v0.11.3
   Compiling displaydoc v0.2.5
    Checking tokio v1.53.1
   Compiling aws-smithy-runtime-api-macros v1.1.0
   Compiling rustc_version v0.4.1
    Checking rustls-native-certs v0.8.4
    Checking zerofrom v0.1.8
   Compiling parking_lot_core v0.9.12
    Checking pem-rfc7468 v0.7.0
    Checking tracing v0.1.44
    Checking aho-corasick v1.1.4
    Checking regex-syntax v0.8.11
    Checking scopeguard v1.2.0
    Checking hex v0.4.3
    Checking lock_api v0.4.14
    Checking der v0.7.10
    Checking ppv-lite86 v0.2.21
    Checking sha2 v0.11.0
    Checking regex-automata v0.4.18
   Compiling darling_core v0.23.0
    Checking rand_core v0.9.5
    Checking uuid v1.25.0
   Compiling anyhow v1.0.102
    Checking rand_chacha v0.9.0
    Checking spki v0.7.3
    Checking chacha20 v0.10.0
   Compiling multer v3.1.0
    Checking tinyvec_macros v0.1.1
    Checking mime v0.3.17
   Compiling crc32fast v1.5.0
   Compiling itertools v0.14.0
    Checking yoke v0.8.2
    Checking tinyvec v1.11.0
    Checking rand v0.10.1
    Checking pkcs8 v0.10.2
   Compiling darling_macro v0.23.0
    Checking rand v0.9.4
   Compiling macro_magic_core_macros v0.5.1
   Compiling derive-syn-parse v0.2.0
    Checking hmac v0.13.0
    Checking tokio-util v0.7.18
    Checking aws-smithy-async v1.3.0
   Compiling darling v0.23.0
    Checking ff v0.13.1
    Checking encoding_rs v0.8.35
   Compiling rustls v0.21.12
   Compiling radium v0.7.0
    Checking h2 v0.4.14
    Checking aws-smithy-types v1.6.2
    Checking tower v0.5.3
    Checking smallvec v1.15.1
    Checking ipnet v2.12.0
    Checking serde_urlencoded v0.7.1
    Checking spin v0.9.8
    Checking base16ct v0.2.0
    Checking aws-smithy-runtime-api v1.15.0
    Checking sec1 v0.7.3
   Compiling darling_core v0.20.11
   Compiling prost-derive v0.14.3
   Compiling macro_magic_core v0.5.1
    Checking sct v0.7.1
    Checking rustls-webpki v0.101.7
    Checking zerovec v0.11.6
    Checking zerotrie v0.2.4
    Checking group v0.13.0
    Checking axum-core v0.5.6
    Checking hashbrown v0.14.5
   Compiling pin-project-internal v1.1.13
    Checking hyper v1.9.0
   Compiling axum-macros v0.5.1
    Checking crypto-bigint v0.5.5
    Checking hmac v0.12.1
    Checking serde_path_to_error v0.1.20
    Checking matchit v0.8.4
   Compiling system-configuration-sys v0.6.0
    Checking hyper-util v0.1.20
    Checking tap v1.0.1
    Checking wyz v0.5.1
    Checking elliptic-curve v0.13.8
    Checking pin-project v1.1.13
   Compiling darling_macro v0.20.11
    Checking aws-smithy-schema v0.2.0
    Checking prost v0.14.3
    Checking aws-smithy-eventstream v0.61.2
    Checking parking_lot v0.12.5
    Checking prefix-trie v0.8.4
    Checking h2 v0.3.27
    Checking tokio-stream v0.1.18
    Checking hyper-timeout v0.5.2
    Checking axum v0.8.9
    Checking crossbeam-channel v0.5.15
    Checking sha1 v0.11.0
    Checking md-5 v0.11.0
    Checking socket2 v0.5.10
    Checking cpufeatures v0.2.17
   Compiling proc-macro-error-attr2 v2.0.0
    Checking iana-time-zone v0.1.65
   Compiling smartstring v1.0.1
    Checking funty v2.0.0
   Compiling rustversion v1.0.22
    Checking data-encoding v2.11.0
   Compiling unicode-segmentation v1.13.2
    Checking bitvec v1.0.1
    Checking tinystr v0.8.3
    Checking potential_utf v0.1.5
    Checking icu_collections v2.2.0
    Checking icu_locale_core v2.2.0
   Compiling convert_case v0.10.0
   Compiling proc-macro-error2 v2.0.1
    Checking hyper v0.14.32
    Checking icu_provider v2.2.0
    Checking icu_normalizer v2.2.0
    Checking icu_properties v2.2.0
    Checking chrono v0.4.45
    Checking sha2 v0.10.9
    Checking tokio-rustls v0.24.1
    Checking aws-smithy-http v0.64.0
   Compiling darling v0.20.11
    Checking rfc6979 v0.4.0
    Checking regex v1.13.1
    Checking idna_adapter v1.2.2
    Checking crossbeam-epoch v0.9.18
    Checking idna v1.1.0
    Checking futures-executor v0.3.32
   Compiling rustc_version_runtime v0.3.0
    Checking signature v2.2.0
    Checking url v2.5.8
    Checking serde_bytes v0.11.19
    Checking core-foundation v0.9.4
    Checking inout v0.2.2
   Compiling unicode-xid v0.2.6
    Checking hickory-proto v0.26.1
    Checking simdutf8 v0.1.5
   Compiling rust_decimal v1.42.1
    Checking tagptr v0.2.0
   Compiling thiserror v1.0.69
    Checking static_assertions v1.1.0
    Checking moka v0.12.15
    Checking hyper-rustls v0.24.2
   Compiling macro_magic_macros v0.5.1
    Checking bson v3.1.0
    Checking system-configuration v0.7.0
   Compiling derive_more-impl v2.1.1
   Compiling macro_magic v0.5.1
    Checking hickory-net v0.26.1
    Checking ecdsa v0.16.9
    Checking entity-core v0.1.0 (/private/tmp/erp-domain-crate-00-measure/backend/crates/entity-core)
    Checking primeorder v0.13.6
    Checking aws-credential-types v1.3.0
   Compiling serde_with_macros v3.20.0
    Checking thin-vec v0.2.19
    Checking unicode-normalization v0.1.25
   Compiling aws-types v1.5.0
   Compiling thiserror-impl v1.0.69
   Compiling rhai_codegen v3.2.0
   Compiling typed-builder-macro v0.22.0
   Compiling validator_derive v0.20.0
   Compiling entity-macros v0.1.0 (/private/tmp/erp-domain-crate-00-measure/backend/crates/entity-macros)
    Checking password-hash v0.5.0
    Checking blake2 v0.10.6
    Checking unicode-bidi v0.3.18
    Checking arrayvec v0.7.8
    Checking fixedbitset v0.4.2
    Checking resolv-conf v0.7.6
    Checking cpubits v0.1.1
    Checking unicode-properties v0.1.4
    Checking utf8parse v0.2.2
    Checking petgraph v0.6.5
    Checking rhai v1.25.1
    Checking anstyle-parse v1.0.0
    Checking argon2 v0.5.3
    Checking stringprep v0.1.5
    Checking typed-builder v0.22.0
    Checking bpm v0.1.0 (/private/tmp/erp-domain-crate-00-measure/backend/crates/bpm)
    Checking serde_with v3.20.0
    Checking validator v0.21.0
   Compiling mongodb-internal-macros v3.8.1
    Checking p256 v0.13.2
    Checking derive_more v2.1.1
    Checking arc-swap v1.9.1
    Checking cipher v0.5.2
    Checking prost-types v0.14.3
    Checking hickory-resolver v0.26.1
    Checking aws-smithy-observability v0.3.0
    Checking hashlink v0.9.1
    Checking opentelemetry v0.32.0
   Compiling derive-where v1.6.1
    Checking pbkdf2 v0.13.0
    Checking universal-hash v0.6.1
    Checking webpki-roots v1.0.7
    Checking md5 v0.8.1
    Checking colorchoice v1.0.5
    Checking foldhash v0.2.0
    Checking fastrand v2.4.1
    Checking is_terminal_polyfill v1.70.2
    Checking take_mut v0.2.2
    Checking spin v0.10.1
    Checking anstyle v1.0.14
    Checking anstyle-query v1.1.5
    Checking allocator-api2 v0.2.21
    Checking lazy_static v1.5.0
    Checking sharded-slab v0.1.7
    Checking hashbrown v0.16.1
    Checking anstream v1.0.0
    Checking crc-fast v1.10.0
    Checking polyval v0.7.3
    Checking aws-sigv4 v1.5.1
    Checking tower-http v0.6.10
    Checking tracing-serde v0.2.0
    Checking matchers v0.2.0
   Compiling async-stream-impl v0.3.6
    Checking tracing-log v0.2.0
    Checking thread_local v1.1.9
    Checking xmlparser v0.13.6
    Checking clap_lex v1.1.0
   Compiling heck v0.5.0
    Checking nu-ansi-term v0.50.3
    Checking winnow v1.0.2
    Checking aws-smithy-xml v0.62.0
   Compiling clap_derive v4.6.4
    Checking async-stream v0.3.6
    Checking tracing-subscriber v0.3.23
    Checking toml_parser v1.1.3+spec-1.1.0
    Checking clap_builder v4.6.6
    Checking aws-smithy-checksums v0.65.0
    Checking reqwest v0.12.28
    Checking lru v0.16.4
    Checking ghash v0.6.0
    Checking opentelemetry_sdk v0.32.1
    Checking aes v0.9.2
    Checking ctr v0.10.1
    Checking aead v0.6.1
    Checking futures v0.3.32
    Checking aws-smithy-json v0.63.0
    Checking dashmap v6.1.0
   Compiling nacos-macro v0.3.0
    Checking serde_spanned v1.1.1
    Checking toml_datetime v1.1.1+spec-1.1.0
    Checking dotenvy v0.15.7
    Checking local_ipaddress v0.1.3
    Checking regex-lite v0.1.9
    Checking toml_writer v1.1.2+spec-1.1.0
    Checking clap v4.6.6
    Checking aes-gcm v0.11.1
   Compiling web-api v0.1.0 (/private/tmp/erp-domain-crate-00-measure/backend/apps/web-api)
    Checking toml v1.1.4+spec-1.1.0
    Checking base64 v0.23.1
    Checking base64 v0.13.1
    Checking symlink v0.1.0
    Checking tracing-opentelemetry v0.33.0
    Checking tracing-appender v0.2.5
    Checking jwt v0.16.0
    Checking entities v0.1.0 (/private/tmp/erp-domain-crate-00-measure/backend/entities)
    Checking tower-http v0.7.0
   Compiling permission-macros v0.1.0 (/private/tmp/erp-domain-crate-00-measure/backend/crates/permission-macros)
    Checking casbin v2.20.0
    Checking rustls-webpki v0.103.13
    Checking tokio-rustls v0.26.4
    Checking tonic v0.14.6
    Checking hyper-rustls v0.27.9
    Checking mongodb v3.8.1
    Checking aws-smithy-http-client v1.4.0
    Checking aws-smithy-runtime v1.14.0
    Checking tonic-prost v0.14.6
    Checking tonic-types v0.14.6
    Checking opentelemetry-proto v0.32.0
    Checking nacos-sdk v0.8.0
    Checking opentelemetry-otlp v0.32.0
    Checking aws-runtime v1.9.1
    Checking aws-sdk-s3 v1.143.0
    Checking config v0.1.0 (/private/tmp/erp-domain-crate-00-measure/backend/config)
    Checking database v0.1.0 (/private/tmp/erp-domain-crate-00-measure/backend/database)
    Checking storage v0.1.0 (/private/tmp/erp-domain-crate-00-measure/backend/crates/storage)
    Checking id-generator v0.1.0 (/private/tmp/erp-domain-crate-00-measure/backend/crates/id-generator)
    Checking services v0.1.0 (/private/tmp/erp-domain-crate-00-measure/backend/services)
      Timing report saved to /private/tmp/erp-domain-crate-00-target-finance-check/cargo-timings/cargo-timing-20260906T051629052Z-2386d9ecbf8a4d7b.html
    Finished `dev` profile [unoptimized + debuginfo] target(s) in 52.23s
warning: the following packages contain code that will be rejected by a future version of Rust: proc-macro-error2 v2.0.1
note: to see what the problems were, use the option `--future-incompat-report`, or run `cargo report future-incompatibilities --id 1`
